-- MySQL dump 10.13  Distrib 5.7.24, for Linux (x86_64)
--
-- Host: 127.0.0.1    Database: bionic_inventory
-- ------------------------------------------------------
-- Server version	5.7.24-0ubuntu0.18.04.1

/*!40101 SET @OLD_CHARACTER_SET_CLIENT=@@CHARACTER_SET_CLIENT */;
/*!40101 SET @OLD_CHARACTER_SET_RESULTS=@@CHARACTER_SET_RESULTS */;
/*!40101 SET @OLD_COLLATION_CONNECTION=@@COLLATION_CONNECTION */;
/*!40101 SET NAMES utf8 */;
/*!40103 SET @OLD_TIME_ZONE=@@TIME_ZONE */;
/*!40103 SET TIME_ZONE='+00:00' */;
/*!40014 SET @OLD_UNIQUE_CHECKS=@@UNIQUE_CHECKS, UNIQUE_CHECKS=0 */;
/*!40014 SET @OLD_FOREIGN_KEY_CHECKS=@@FOREIGN_KEY_CHECKS, FOREIGN_KEY_CHECKS=0 */;
/*!40101 SET @OLD_SQL_MODE=@@SQL_MODE, SQL_MODE='NO_AUTO_VALUE_ON_ZERO' */;
/*!40111 SET @OLD_SQL_NOTES=@@SQL_NOTES, SQL_NOTES=0 */;

--
-- Table structure for table `ADDRESS`
--

DROP TABLE IF EXISTS `ADDRESS`;
/*!40101 SET @saved_cs_client     = @@character_set_client */;
/*!40101 SET character_set_client = utf8 */;
CREATE TABLE `ADDRESS` (
  `ID` int(10) unsigned NOT NULL AUTO_INCREMENT,
  `CLIENT_ID` int(10) unsigned NOT NULL,
  `sub_city` varchar(45) NOT NULL,
  `city` varchar(45) DEFAULT 'Addis Ababa',
  `country` varchar(45) DEFAULT 'Ethiopia',
  `phone_number` varchar(13) DEFAULT NULL,
  PRIMARY KEY (`ID`),
  KEY `fk_ADDRESS_client_idx` (`CLIENT_ID`),
  CONSTRAINT `fk_ADDRESS_client` FOREIGN KEY (`CLIENT_ID`) REFERENCES `CUSTOMER` (`ID`) ON DELETE CASCADE ON UPDATE CASCADE
) ENGINE=InnoDB DEFAULT CHARSET=latin1;
/*!40101 SET character_set_client = @saved_cs_client */;

--
-- Dumping data for table `ADDRESS`
--

LOCK TABLES `ADDRESS` WRITE;
/*!40000 ALTER TABLE `ADDRESS` DISABLE KEYS */;
/*!40000 ALTER TABLE `ADDRESS` ENABLE KEYS */;
UNLOCK TABLES;

--
-- Table structure for table `BOOKED_STOCK_ITEMS`
--

DROP TABLE IF EXISTS `BOOKED_STOCK_ITEMS`;
/*!40101 SET @saved_cs_client     = @@character_set_client */;
/*!40101 SET character_set_client = utf8 */;
CREATE TABLE `BOOKED_STOCK_ITEMS` (
  `ID` int(10) unsigned NOT NULL AUTO_INCREMENT,
  `STOCK_ID` int(10) unsigned NOT NULL,
  `canceled` tinyint(1) DEFAULT '0',
  `BOOKED_BY` int(10) unsigned NOT NULL,
  `date_added` datetime DEFAULT CURRENT_TIMESTAMP,
  `date_updated` datetime DEFAULT CURRENT_TIMESTAMP ON UPDATE CURRENT_TIMESTAMP,
  `BOOKED_FOR` int(10) unsigned NOT NULL,
  `note` text,
  PRIMARY KEY (`ID`),
  UNIQUE KEY `STOCK_ID_UNIQUE` (`STOCK_ID`),
  KEY `fk_BOOKED_STOCK_ITEM_ID_idx` (`STOCK_ID`),
  KEY `fk_BOOKED_STOCK_BOOKED_BY_idx` (`BOOKED_BY`),
  KEY `fk_BOOKED_STOCK_ITEM_FOR_idx` (`BOOKED_FOR`),
  CONSTRAINT `fk_BOOKED_STOCK_BOOKED_BY` FOREIGN KEY (`BOOKED_BY`) REFERENCES `EMPLOYEE` (`ID`) ON DELETE CASCADE ON UPDATE CASCADE,
  CONSTRAINT `fk_BOOKED_STOCK_ITEM_FOR` FOREIGN KEY (`BOOKED_FOR`) REFERENCES `PURCHASE_ORDER_DETAIL` (`ID`) ON DELETE CASCADE ON UPDATE CASCADE,
  CONSTRAINT `fk_BOOKED_STOCK_ITEM_ID` FOREIGN KEY (`STOCK_ID`) REFERENCES `FINISHED_PRODUCT` (`ID`) ON DELETE CASCADE ON UPDATE CASCADE
) ENGINE=InnoDB AUTO_INCREMENT=1605 DEFAULT CHARSET=latin1;
/*!40101 SET character_set_client = @saved_cs_client */;

--
-- Dumping data for table `BOOKED_STOCK_ITEMS`
--

LOCK TABLES `BOOKED_STOCK_ITEMS` WRITE;
/*!40000 ALTER TABLE `BOOKED_STOCK_ITEMS` DISABLE KEYS */;
INSERT INTO `BOOKED_STOCK_ITEMS` VALUES (18,1090,0,11,'2018-11-03 00:34:22','2018-11-03 00:34:22',60,NULL),(34,223,0,11,'2018-11-03 23:48:00','2018-11-03 23:48:00',37,NULL),(35,231,0,11,'2018-11-03 23:48:00','2018-11-03 23:48:00',37,NULL),(36,160,0,11,'2018-11-03 23:48:00','2018-11-03 23:48:00',37,NULL),(37,168,0,11,'2018-11-03 23:48:01','2018-11-03 23:48:01',37,NULL),(38,176,0,11,'2018-11-03 23:48:01','2018-11-03 23:48:01',37,NULL),(39,184,0,11,'2018-11-03 23:48:01','2018-11-03 23:48:01',37,NULL),(40,192,0,11,'2018-11-03 23:48:01','2018-11-03 23:48:01',37,NULL),(41,200,0,11,'2018-11-03 23:48:01','2018-11-03 23:48:01',37,NULL),(42,208,0,11,'2018-11-03 23:48:01','2018-11-03 23:48:01',37,NULL),(43,216,0,11,'2018-11-03 23:48:01','2018-11-03 23:48:01',37,NULL),(44,224,0,11,'2018-11-03 23:48:01','2018-11-03 23:48:01',37,NULL),(45,232,0,11,'2018-11-03 23:48:01','2018-11-03 23:48:01',37,NULL),(46,161,0,11,'2018-11-03 23:48:01','2018-11-03 23:48:01',37,NULL),(47,169,0,11,'2018-11-03 23:48:01','2018-11-03 23:48:01',37,NULL),(48,177,0,11,'2018-11-03 23:48:01','2018-11-03 23:48:01',37,NULL),(49,185,0,11,'2018-11-03 23:48:01','2018-11-03 23:48:01',37,NULL),(50,193,0,11,'2018-11-03 23:48:01','2018-11-03 23:48:01',37,NULL),(51,215,0,11,'2018-11-03 23:48:01','2018-11-03 23:48:01',37,NULL),(52,201,0,11,'2018-11-03 23:48:01','2018-11-03 23:48:01',37,NULL),(53,207,0,11,'2018-11-03 23:48:01','2018-11-03 23:48:01',37,NULL),(54,191,0,11,'2018-11-03 23:48:01','2018-11-03 23:48:01',37,NULL),(55,221,0,11,'2018-11-03 23:48:01','2018-11-03 23:48:01',37,NULL),(56,229,0,11,'2018-11-03 23:48:01','2018-11-03 23:48:01',37,NULL),(57,237,0,11,'2018-11-03 23:48:01','2018-11-03 23:48:01',37,NULL),(58,158,0,11,'2018-11-03 23:48:01','2018-11-03 23:48:01',37,NULL),(59,166,0,11,'2018-11-03 23:48:01','2018-11-03 23:48:01',37,NULL),(60,174,0,11,'2018-11-03 23:48:01','2018-11-03 23:48:01',37,NULL),(61,182,0,11,'2018-11-03 23:48:01','2018-11-03 23:48:01',37,NULL),(62,190,0,11,'2018-11-03 23:48:01','2018-11-03 23:48:01',37,NULL),(63,198,0,11,'2018-11-03 23:48:01','2018-11-03 23:48:01',37,NULL),(64,206,0,11,'2018-11-03 23:48:01','2018-11-03 23:48:01',37,NULL),(65,214,0,11,'2018-11-03 23:48:01','2018-11-03 23:48:01',37,NULL),(66,222,0,11,'2018-11-03 23:48:01','2018-11-03 23:48:01',37,NULL),(67,230,0,11,'2018-11-03 23:48:01','2018-11-03 23:48:01',37,NULL),(68,159,0,11,'2018-11-03 23:48:01','2018-11-03 23:48:01',37,NULL),(69,167,0,11,'2018-11-03 23:48:01','2018-11-03 23:48:01',37,NULL),(70,175,0,11,'2018-11-03 23:48:01','2018-11-03 23:48:01',37,NULL),(71,183,0,11,'2018-11-03 23:48:01','2018-11-03 23:48:01',37,NULL),(72,199,0,11,'2018-11-03 23:48:01','2018-11-03 23:48:01',37,NULL),(73,209,0,11,'2018-11-03 23:48:01','2018-11-03 23:48:01',37,NULL),(74,217,0,11,'2018-11-03 23:48:01','2018-11-03 23:48:01',37,NULL),(75,225,0,11,'2018-11-03 23:48:01','2018-11-03 23:48:01',37,NULL),(76,148,0,11,'2018-11-03 23:48:01','2018-11-03 23:48:01',37,NULL),(77,156,0,11,'2018-11-03 23:48:01','2018-11-03 23:48:01',37,NULL),(78,141,0,11,'2018-11-03 23:48:01','2018-11-03 23:48:01',37,NULL),(79,149,0,11,'2018-11-03 23:48:01','2018-11-03 23:48:01',37,NULL),(80,157,0,11,'2018-11-03 23:48:01','2018-11-03 23:48:01',37,NULL),(81,142,0,11,'2018-11-03 23:48:01','2018-11-03 23:48:01',37,NULL),(82,150,0,11,'2018-11-03 23:48:01','2018-11-03 23:48:01',37,NULL),(83,143,0,11,'2018-11-03 23:48:01','2018-11-03 23:48:01',37,NULL),(84,151,0,11,'2018-11-03 23:48:01','2018-11-03 23:48:01',37,NULL),(85,144,0,11,'2018-11-03 23:48:01','2018-11-03 23:48:01',37,NULL),(86,152,0,11,'2018-11-03 23:48:01','2018-11-03 23:48:01',37,NULL),(87,145,0,11,'2018-11-03 23:48:01','2018-11-03 23:48:01',37,NULL),(88,153,0,11,'2018-11-03 23:48:01','2018-11-03 23:48:01',37,NULL),(89,138,0,11,'2018-11-03 23:48:01','2018-11-03 23:48:01',37,NULL),(90,146,0,11,'2018-11-03 23:48:01','2018-11-03 23:48:01',37,NULL),(91,154,0,11,'2018-11-03 23:48:01','2018-11-03 23:48:01',37,NULL),(92,139,0,11,'2018-11-03 23:48:01','2018-11-03 23:48:01',37,NULL),(93,140,0,11,'2018-11-03 23:48:01','2018-11-03 23:48:01',37,NULL),(94,235,0,11,'2018-11-03 23:48:01','2018-11-03 23:48:01',37,NULL),(95,227,0,11,'2018-11-03 23:48:01','2018-11-03 23:48:01',37,NULL),(96,219,0,11,'2018-11-03 23:48:01','2018-11-03 23:48:01',37,NULL),(97,233,0,11,'2018-11-03 23:48:01','2018-11-03 23:48:01',37,NULL),(98,162,0,11,'2018-11-03 23:48:01','2018-11-03 23:48:01',37,NULL),(99,170,0,11,'2018-11-03 23:48:01','2018-11-03 23:48:01',37,NULL),(100,178,0,11,'2018-11-03 23:48:01','2018-11-03 23:48:01',37,NULL),(101,186,0,11,'2018-11-03 23:48:01','2018-11-03 23:48:01',37,NULL),(102,194,0,11,'2018-11-03 23:48:01','2018-11-03 23:48:01',37,NULL),(103,202,0,11,'2018-11-03 23:48:01','2018-11-03 23:48:01',37,NULL),(104,210,0,11,'2018-11-03 23:48:01','2018-11-03 23:48:01',37,NULL),(105,213,0,11,'2018-11-03 23:48:01','2018-11-03 23:48:01',37,NULL),(106,218,0,11,'2018-11-03 23:48:01','2018-11-03 23:48:01',37,NULL),(107,234,0,11,'2018-11-03 23:48:01','2018-11-03 23:48:01',37,NULL),(108,163,0,11,'2018-11-03 23:48:01','2018-11-03 23:48:01',37,NULL),(109,171,0,11,'2018-11-03 23:48:01','2018-11-03 23:48:01',37,NULL),(110,179,0,11,'2018-11-03 23:48:01','2018-11-03 23:48:01',37,NULL),(111,187,0,11,'2018-11-03 23:48:01','2018-11-03 23:48:01',37,NULL),(112,195,0,11,'2018-11-03 23:48:01','2018-11-03 23:48:01',37,NULL),(113,203,0,11,'2018-11-03 23:48:01','2018-11-03 23:48:01',37,NULL),(114,211,0,11,'2018-11-03 23:48:01','2018-11-03 23:48:01',37,NULL),(115,226,0,11,'2018-11-03 23:48:01','2018-11-03 23:48:01',37,NULL),(116,147,0,11,'2018-11-03 23:48:01','2018-11-03 23:48:01',37,NULL),(117,205,0,11,'2018-11-03 23:48:01','2018-11-03 23:48:01',37,NULL),(118,189,0,11,'2018-11-03 23:48:01','2018-11-03 23:48:01',37,NULL),(119,1133,0,11,'2018-11-03 23:48:01','2018-11-03 23:48:01',37,NULL),(120,1141,0,11,'2018-11-03 23:48:01','2018-11-03 23:48:01',37,NULL),(121,1149,0,11,'2018-11-03 23:48:01','2018-11-03 23:48:01',37,NULL),(122,1157,0,11,'2018-11-03 23:48:01','2018-11-03 23:48:01',37,NULL),(123,1165,0,11,'2018-11-03 23:48:01','2018-11-03 23:48:01',37,NULL),(124,1126,0,11,'2018-11-03 23:48:01','2018-11-03 23:48:01',37,NULL),(125,1134,0,11,'2018-11-03 23:48:01','2018-11-03 23:48:01',37,NULL),(126,1142,0,11,'2018-11-03 23:48:01','2018-11-03 23:48:01',37,NULL),(127,1150,0,11,'2018-11-03 23:48:01','2018-11-03 23:48:01',37,NULL),(128,1158,0,11,'2018-11-03 23:48:01','2018-11-03 23:48:01',37,NULL),(129,1127,0,11,'2018-11-03 23:48:01','2018-11-03 23:48:01',37,NULL),(130,1135,0,11,'2018-11-03 23:48:01','2018-11-03 23:48:01',37,NULL),(131,1143,0,11,'2018-11-03 23:48:01','2018-11-03 23:48:01',37,NULL),(132,1151,0,11,'2018-11-03 23:48:01','2018-11-03 23:48:01',37,NULL),(133,1159,0,11,'2018-11-03 23:48:01','2018-11-03 23:48:01',37,NULL),(134,1128,0,11,'2018-11-03 23:48:01','2018-11-03 23:48:01',37,NULL),(135,1136,0,11,'2018-11-03 23:48:01','2018-11-03 23:48:01',37,NULL),(136,1125,0,11,'2018-11-03 23:48:01','2018-11-03 23:48:01',37,NULL),(137,1144,0,11,'2018-11-03 23:48:01','2018-11-03 23:48:01',37,NULL),(138,1164,0,11,'2018-11-03 23:48:01','2018-11-03 23:48:01',37,NULL),(139,1148,0,11,'2018-11-03 23:48:01','2018-11-03 23:48:01',37,NULL),(142,1122,0,11,'2018-11-03 23:48:01','2018-11-03 23:48:01',37,NULL),(143,1130,0,11,'2018-11-03 23:48:01','2018-11-03 23:48:01',37,NULL),(144,1138,0,11,'2018-11-03 23:48:01','2018-11-03 23:48:01',37,NULL),(145,1146,0,11,'2018-11-03 23:48:01','2018-11-03 23:48:01',37,NULL),(146,1154,0,11,'2018-11-03 23:48:01','2018-11-03 23:48:01',37,NULL),(147,1162,0,11,'2018-11-03 23:48:01','2018-11-03 23:48:01',37,NULL),(148,1123,0,11,'2018-11-03 23:48:01','2018-11-03 23:48:01',37,NULL),(149,1131,0,11,'2018-11-03 23:48:01','2018-11-03 23:48:01',37,NULL),(150,1139,0,11,'2018-11-03 23:48:01','2018-11-03 23:48:01',37,NULL),(151,1147,0,11,'2018-11-03 23:48:01','2018-11-03 23:48:01',37,NULL),(152,1155,0,11,'2018-11-03 23:48:01','2018-11-03 23:48:01',37,NULL),(153,1163,0,11,'2018-11-03 23:48:01','2018-11-03 23:48:01',37,NULL),(154,1124,0,11,'2018-11-03 23:48:01','2018-11-03 23:48:01',37,NULL),(155,1132,0,11,'2018-11-03 23:48:01','2018-11-03 23:48:01',37,NULL),(156,1140,0,11,'2018-11-03 23:48:01','2018-11-03 23:48:01',37,NULL),(157,1156,0,11,'2018-11-03 23:48:01','2018-11-03 23:48:01',37,NULL),(158,1152,0,11,'2018-11-03 23:48:01','2018-11-03 23:48:01',37,NULL),(159,1160,0,11,'2018-11-03 23:48:01','2018-11-03 23:48:01',37,NULL),(160,1129,0,11,'2018-11-03 23:48:01','2018-11-03 23:48:01',37,NULL),(161,1120,0,11,'2018-11-03 23:48:01','2018-11-03 23:48:01',37,NULL),(162,1105,0,11,'2018-11-03 23:48:01','2018-11-03 23:48:01',37,NULL),(163,1113,0,11,'2018-11-03 23:48:01','2018-11-03 23:48:01',37,NULL),(164,1121,0,11,'2018-11-03 23:48:01','2018-11-03 23:48:01',37,NULL),(165,164,0,11,'2018-11-03 23:48:01','2018-11-03 23:48:01',37,NULL),(166,172,0,11,'2018-11-03 23:48:01','2018-11-03 23:48:01',37,NULL),(167,180,0,11,'2018-11-03 23:48:01','2018-11-03 23:48:01',37,NULL),(168,188,0,11,'2018-11-03 23:48:01','2018-11-03 23:48:01',37,NULL),(169,196,0,11,'2018-11-03 23:48:01','2018-11-03 23:48:01',37,NULL),(170,204,0,11,'2018-11-03 23:48:01','2018-11-03 23:48:01',37,NULL),(171,212,0,11,'2018-11-03 23:48:01','2018-11-03 23:48:01',37,NULL),(172,220,0,11,'2018-11-03 23:48:01','2018-11-03 23:48:01',37,NULL),(173,228,0,11,'2018-11-03 23:48:01','2018-11-03 23:48:01',37,NULL),(174,236,0,11,'2018-11-03 23:48:01','2018-11-03 23:48:01',37,NULL),(175,165,0,11,'2018-11-03 23:48:01','2018-11-03 23:48:01',37,NULL),(176,173,0,11,'2018-11-03 23:48:01','2018-11-03 23:48:01',37,NULL),(177,181,0,11,'2018-11-03 23:48:01','2018-11-03 23:48:01',37,NULL),(178,1112,0,11,'2018-11-03 23:48:01','2018-11-03 23:48:01',37,NULL),(179,1104,0,11,'2018-11-03 23:48:01','2018-11-03 23:48:01',37,NULL),(180,1119,0,11,'2018-11-03 23:48:01','2018-11-03 23:48:01',37,NULL),(181,1111,0,11,'2018-11-03 23:48:01','2018-11-03 23:48:01',37,NULL),(182,1137,0,11,'2018-11-03 23:48:01','2018-11-03 23:48:01',37,NULL),(183,1145,0,11,'2018-11-03 23:48:01','2018-11-03 23:48:01',37,NULL),(184,1153,0,11,'2018-11-03 23:48:01','2018-11-03 23:48:01',37,NULL),(185,1161,0,11,'2018-11-03 23:48:01','2018-11-03 23:48:01',37,NULL),(186,1106,0,11,'2018-11-03 23:48:01','2018-11-03 23:48:01',37,NULL),(187,1114,0,11,'2018-11-03 23:48:01','2018-11-03 23:48:01',37,NULL),(188,1107,0,11,'2018-11-03 23:48:01','2018-11-03 23:48:01',37,NULL),(189,1115,0,11,'2018-11-03 23:48:01','2018-11-03 23:48:01',37,NULL),(190,197,0,11,'2018-11-03 23:48:01','2018-11-03 23:48:01',37,NULL),(191,1100,0,11,'2018-11-03 23:48:01','2018-11-03 23:48:01',37,NULL),(192,1116,0,11,'2018-11-03 23:48:01','2018-11-03 23:48:01',37,NULL),(193,1101,0,11,'2018-11-03 23:48:01','2018-11-03 23:48:01',37,NULL),(194,1109,0,11,'2018-11-03 23:48:01','2018-11-03 23:48:01',37,NULL),(195,1117,0,11,'2018-11-03 23:48:01','2018-11-03 23:48:01',37,NULL),(196,1102,0,11,'2018-11-03 23:48:01','2018-11-03 23:48:01',37,NULL),(197,1110,0,11,'2018-11-03 23:48:01','2018-11-03 23:48:01',37,NULL),(198,1118,0,11,'2018-11-03 23:48:01','2018-11-03 23:48:01',37,NULL),(199,1103,0,11,'2018-11-03 23:48:01','2018-11-03 23:48:01',37,NULL),(200,1108,0,11,'2018-11-03 23:48:01','2018-11-03 23:48:01',37,NULL),(201,155,0,11,'2018-11-03 23:48:01','2018-11-03 23:48:01',37,NULL),(202,1088,0,6,'2018-11-04 17:44:27','2018-11-04 17:44:27',59,NULL),(203,1089,0,6,'2018-11-04 17:44:27','2018-11-04 17:44:27',59,NULL),(304,1921,0,6,'2018-11-10 18:54:53','2018-11-10 18:54:53',81,NULL),(305,2158,0,6,'2018-11-10 18:54:53','2018-11-10 18:54:53',81,NULL),(306,2150,0,6,'2018-11-10 18:54:53','2018-11-10 18:54:53',81,NULL),(307,2142,0,6,'2018-11-10 18:54:53','2018-11-10 18:54:53',81,NULL),(308,2134,0,6,'2018-11-10 18:54:53','2018-11-10 18:54:53',81,NULL),(309,2126,0,6,'2018-11-10 18:54:53','2018-11-10 18:54:53',81,NULL),(310,2118,0,6,'2018-11-10 18:54:53','2018-11-10 18:54:53',81,NULL),(311,2110,0,6,'2018-11-10 18:54:53','2018-11-10 18:54:53',81,NULL),(312,2102,0,6,'2018-11-10 18:54:53','2018-11-10 18:54:53',81,NULL),(313,2094,0,6,'2018-11-10 18:54:53','2018-11-10 18:54:53',81,NULL),(314,2086,0,6,'2018-11-10 18:54:53','2018-11-10 18:54:53',81,NULL),(315,2078,0,6,'2018-11-10 18:54:53','2018-11-10 18:54:53',81,NULL),(316,2070,0,6,'2018-11-10 18:54:53','2018-11-10 18:54:53',81,NULL),(317,2062,0,6,'2018-11-10 18:54:53','2018-11-10 18:54:53',81,NULL),(318,2054,0,6,'2018-11-10 18:54:53','2018-11-10 18:54:53',81,NULL),(319,2046,0,6,'2018-11-10 18:54:53','2018-11-10 18:54:53',81,NULL),(320,2038,0,6,'2018-11-10 18:54:53','2018-11-10 18:54:53',81,NULL),(321,2030,0,6,'2018-11-10 18:54:53','2018-11-10 18:54:53',81,NULL),(322,2022,0,6,'2018-11-10 18:54:53','2018-11-10 18:54:53',81,NULL),(323,2014,0,6,'2018-11-10 18:54:53','2018-11-10 18:54:53',81,NULL),(324,2006,0,6,'2018-11-10 18:54:53','2018-11-10 18:54:53',81,NULL),(325,1998,0,6,'2018-11-10 18:54:53','2018-11-10 18:54:53',81,NULL),(326,1990,0,6,'2018-11-10 18:54:53','2018-11-10 18:54:53',81,NULL),(327,1982,0,6,'2018-11-10 18:54:53','2018-11-10 18:54:53',81,NULL),(328,1974,0,6,'2018-11-10 18:54:53','2018-11-10 18:54:53',81,NULL),(329,1966,0,6,'2018-11-10 18:54:53','2018-11-10 18:54:53',81,NULL),(330,1958,0,6,'2018-11-10 18:54:53','2018-11-10 18:54:53',81,NULL),(331,1950,0,6,'2018-11-10 18:54:53','2018-11-10 18:54:53',81,NULL),(332,2166,0,6,'2018-11-10 18:54:53','2018-11-10 18:54:53',81,NULL),(333,1942,0,6,'2018-11-10 18:54:53','2018-11-10 18:54:53',81,NULL),(334,2174,0,6,'2018-11-10 18:54:53','2018-11-10 18:54:53',81,NULL),(335,2190,0,6,'2018-11-10 18:54:53','2018-11-10 18:54:53',81,NULL),(336,2641,0,6,'2018-11-10 18:54:53','2018-11-10 18:54:53',81,NULL),(337,2633,0,6,'2018-11-10 18:54:53','2018-11-10 18:54:53',81,NULL),(338,2625,0,6,'2018-11-10 18:54:53','2018-11-10 18:54:53',81,NULL),(339,2570,0,6,'2018-11-10 18:54:53','2018-11-10 18:54:53',81,NULL),(340,2562,0,6,'2018-11-10 18:54:53','2018-11-10 18:54:53',81,NULL),(341,2554,0,6,'2018-11-10 18:54:53','2018-11-10 18:54:53',81,NULL),(342,2546,0,6,'2018-11-10 18:54:53','2018-11-10 18:54:53',81,NULL),(343,2538,0,6,'2018-11-10 18:54:53','2018-11-10 18:54:53',81,NULL),(344,2530,0,6,'2018-11-10 18:54:53','2018-11-10 18:54:53',81,NULL),(345,2522,0,6,'2018-11-10 18:54:53','2018-11-10 18:54:53',81,NULL),(346,2514,0,6,'2018-11-10 18:54:53','2018-11-10 18:54:53',81,NULL),(347,2506,0,6,'2018-11-10 18:54:53','2018-11-10 18:54:53',81,NULL),(348,2498,0,6,'2018-11-10 18:54:53','2018-11-10 18:54:53',81,NULL),(349,2490,0,6,'2018-11-10 18:54:53','2018-11-10 18:54:53',81,NULL),(350,2482,0,6,'2018-11-10 18:54:53','2018-11-10 18:54:53',81,NULL),(351,2286,0,6,'2018-11-10 18:54:53','2018-11-10 18:54:53',81,NULL),(352,2278,0,6,'2018-11-10 18:54:53','2018-11-10 18:54:53',81,NULL),(353,2270,0,6,'2018-11-10 18:54:53','2018-11-10 18:54:53',81,NULL),(354,2262,0,6,'2018-11-10 18:54:53','2018-11-10 18:54:53',81,NULL),(355,2254,0,6,'2018-11-10 18:54:53','2018-11-10 18:54:53',81,NULL),(356,2246,0,6,'2018-11-10 18:54:53','2018-11-10 18:54:53',81,NULL),(357,2238,0,6,'2018-11-10 18:54:53','2018-11-10 18:54:53',81,NULL),(358,2230,0,6,'2018-11-10 18:54:53','2018-11-10 18:54:53',81,NULL),(359,2222,0,6,'2018-11-10 18:54:53','2018-11-10 18:54:53',81,NULL),(360,2214,0,6,'2018-11-10 18:54:53','2018-11-10 18:54:53',81,NULL),(361,2206,0,6,'2018-11-10 18:54:53','2018-11-10 18:54:53',81,NULL),(362,2198,0,6,'2018-11-10 18:54:53','2018-11-10 18:54:53',81,NULL),(363,2182,0,6,'2018-11-10 18:54:53','2018-11-10 18:54:53',81,NULL),(364,1934,0,6,'2018-11-10 18:54:53','2018-11-10 18:54:53',81,NULL),(365,1926,0,6,'2018-11-10 18:54:53','2018-11-10 18:54:53',81,NULL),(366,1918,0,6,'2018-11-10 18:54:53','2018-11-10 18:54:53',81,NULL),(367,2157,0,6,'2018-11-10 18:54:53','2018-11-10 18:54:53',81,NULL),(368,2149,0,6,'2018-11-10 18:54:53','2018-11-10 18:54:53',81,NULL),(369,2141,0,6,'2018-11-10 18:54:53','2018-11-10 18:54:53',81,NULL),(370,2133,0,6,'2018-11-10 18:54:53','2018-11-10 18:54:53',81,NULL),(371,2125,0,6,'2018-11-10 18:54:53','2018-11-10 18:54:53',81,NULL),(372,2117,0,6,'2018-11-10 18:54:53','2018-11-10 18:54:53',81,NULL),(373,2109,0,6,'2018-11-10 18:54:53','2018-11-10 18:54:53',81,NULL),(374,2101,0,6,'2018-11-10 18:54:53','2018-11-10 18:54:53',81,NULL),(375,2093,0,6,'2018-11-10 18:54:53','2018-11-10 18:54:53',81,NULL),(376,2085,0,6,'2018-11-10 18:54:53','2018-11-10 18:54:53',81,NULL),(377,2077,0,6,'2018-11-10 18:54:53','2018-11-10 18:54:53',81,NULL),(378,2069,0,6,'2018-11-10 18:54:53','2018-11-10 18:54:53',81,NULL),(379,2061,0,6,'2018-11-10 18:54:53','2018-11-10 18:54:53',81,NULL),(380,2053,0,6,'2018-11-10 18:54:53','2018-11-10 18:54:53',81,NULL),(381,2045,0,6,'2018-11-10 18:54:53','2018-11-10 18:54:53',81,NULL),(382,2037,0,6,'2018-11-10 18:54:53','2018-11-10 18:54:53',81,NULL),(383,2029,0,6,'2018-11-10 18:54:53','2018-11-10 18:54:53',81,NULL),(384,2021,0,6,'2018-11-10 18:54:53','2018-11-10 18:54:53',81,NULL),(385,2013,0,6,'2018-11-10 18:54:53','2018-11-10 18:54:53',81,NULL),(386,2005,0,6,'2018-11-10 18:54:53','2018-11-10 18:54:53',81,NULL),(387,1997,0,6,'2018-11-10 18:54:53','2018-11-10 18:54:53',81,NULL),(388,1989,0,6,'2018-11-10 18:54:53','2018-11-10 18:54:53',81,NULL),(389,1981,0,6,'2018-11-10 18:54:53','2018-11-10 18:54:53',81,NULL),(390,1973,0,6,'2018-11-10 18:54:53','2018-11-10 18:54:53',81,NULL),(391,1965,0,6,'2018-11-10 18:54:53','2018-11-10 18:54:53',81,NULL),(392,1957,0,6,'2018-11-10 18:54:53','2018-11-10 18:54:53',81,NULL),(393,1949,0,6,'2018-11-10 18:54:53','2018-11-10 18:54:53',81,NULL),(394,2165,0,6,'2018-11-10 18:54:53','2018-11-10 18:54:53',81,NULL),(395,2173,0,6,'2018-11-10 18:54:53','2018-11-10 18:54:53',81,NULL),(396,2181,0,6,'2018-11-10 18:54:53','2018-11-10 18:54:53',81,NULL),(397,2189,0,6,'2018-11-10 18:54:53','2018-11-10 18:54:53',81,NULL),(398,2661,0,6,'2018-11-10 18:54:53','2018-11-10 18:54:53',81,NULL),(399,2640,0,6,'2018-11-10 18:54:53','2018-11-10 18:54:53',81,NULL),(400,2632,0,6,'2018-11-10 18:54:53','2018-11-10 18:54:53',81,NULL),(401,2624,0,6,'2018-11-10 18:54:53','2018-11-10 18:54:53',81,NULL),(402,2569,0,6,'2018-11-10 18:54:53','2018-11-10 18:54:53',81,NULL),(403,2561,0,6,'2018-11-10 18:54:53','2018-11-10 18:54:53',81,NULL),(404,2553,0,6,'2018-11-10 18:54:53','2018-11-10 18:54:53',81,NULL),(405,2545,0,6,'2018-11-10 18:54:53','2018-11-10 18:54:53',81,NULL),(406,2537,0,6,'2018-11-10 18:54:53','2018-11-10 18:54:53',81,NULL),(407,2529,0,6,'2018-11-10 18:54:53','2018-11-10 18:54:53',81,NULL),(408,2521,0,6,'2018-11-10 18:54:53','2018-11-10 18:54:53',81,NULL),(409,2513,0,6,'2018-11-10 18:54:53','2018-11-10 18:54:53',81,NULL),(410,2505,0,6,'2018-11-10 18:54:53','2018-11-10 18:54:53',81,NULL),(411,2662,0,6,'2018-11-10 18:54:53','2018-11-10 18:54:53',81,NULL),(412,2497,0,6,'2018-11-10 18:54:53','2018-11-10 18:54:53',81,NULL),(413,2481,0,6,'2018-11-10 18:54:53','2018-11-10 18:54:53',81,NULL),(414,2285,0,6,'2018-11-10 18:54:53','2018-11-10 18:54:53',81,NULL),(415,2277,0,6,'2018-11-10 18:54:53','2018-11-10 18:54:53',81,NULL),(416,2269,0,6,'2018-11-10 18:54:53','2018-11-10 18:54:53',81,NULL),(417,2261,0,6,'2018-11-10 18:54:53','2018-11-10 18:54:53',81,NULL),(418,2253,0,6,'2018-11-10 18:54:53','2018-11-10 18:54:53',81,NULL),(419,2245,0,6,'2018-11-10 18:54:53','2018-11-10 18:54:53',81,NULL),(420,2237,0,6,'2018-11-10 18:54:53','2018-11-10 18:54:53',81,NULL),(421,2229,0,6,'2018-11-10 18:54:53','2018-11-10 18:54:53',81,NULL),(422,2221,0,6,'2018-11-10 18:54:53','2018-11-10 18:54:53',81,NULL),(423,2213,0,6,'2018-11-10 18:54:53','2018-11-10 18:54:53',81,NULL),(424,2205,0,6,'2018-11-10 18:54:53','2018-11-10 18:54:53',81,NULL),(425,2197,0,6,'2018-11-10 18:54:53','2018-11-10 18:54:53',81,NULL),(426,2489,0,6,'2018-11-10 18:54:53','2018-11-10 18:54:53',81,NULL),(427,1941,0,6,'2018-11-10 18:54:53','2018-11-10 18:54:53',81,NULL),(428,1919,0,6,'2018-11-10 18:54:53','2018-11-10 18:54:53',81,NULL),(429,1935,0,6,'2018-11-10 18:54:53','2018-11-10 18:54:53',81,NULL),(430,2152,0,6,'2018-11-10 18:54:53','2018-11-10 18:54:53',81,NULL),(431,2144,0,6,'2018-11-10 18:54:53','2018-11-10 18:54:53',81,NULL),(432,2136,0,6,'2018-11-10 18:54:53','2018-11-10 18:54:53',81,NULL),(433,2128,0,6,'2018-11-10 18:54:53','2018-11-10 18:54:53',81,NULL),(434,2120,0,6,'2018-11-10 18:54:53','2018-11-10 18:54:53',81,NULL),(435,2112,0,6,'2018-11-10 18:54:53','2018-11-10 18:54:53',81,NULL),(436,2104,0,6,'2018-11-10 18:54:53','2018-11-10 18:54:53',81,NULL),(437,2096,0,6,'2018-11-10 18:54:53','2018-11-10 18:54:53',81,NULL),(438,2088,0,6,'2018-11-10 18:54:53','2018-11-10 18:54:53',81,NULL),(439,2080,0,6,'2018-11-10 18:54:53','2018-11-10 18:54:53',81,NULL),(440,2072,0,6,'2018-11-10 18:54:53','2018-11-10 18:54:53',81,NULL),(441,2064,0,6,'2018-11-10 18:54:53','2018-11-10 18:54:53',81,NULL),(442,2056,0,6,'2018-11-10 18:54:53','2018-11-10 18:54:53',81,NULL),(443,2048,0,6,'2018-11-10 18:54:53','2018-11-10 18:54:53',81,NULL),(444,2040,0,6,'2018-11-10 18:54:53','2018-11-10 18:54:53',81,NULL),(445,2032,0,6,'2018-11-10 18:54:53','2018-11-10 18:54:53',81,NULL),(446,2024,0,6,'2018-11-10 18:54:53','2018-11-10 18:54:53',81,NULL),(447,2016,0,6,'2018-11-10 18:54:53','2018-11-10 18:54:53',81,NULL),(448,2008,0,6,'2018-11-10 18:54:53','2018-11-10 18:54:53',81,NULL),(449,2000,0,6,'2018-11-10 18:54:53','2018-11-10 18:54:53',81,NULL),(450,1992,0,6,'2018-11-10 18:54:53','2018-11-10 18:54:53',81,NULL),(451,1984,0,6,'2018-11-10 18:54:53','2018-11-10 18:54:53',81,NULL),(452,1976,0,6,'2018-11-10 18:54:53','2018-11-10 18:54:53',81,NULL),(453,1968,0,6,'2018-11-10 18:54:53','2018-11-10 18:54:53',81,NULL),(454,1960,0,6,'2018-11-10 18:54:53','2018-11-10 18:54:53',81,NULL),(455,1952,0,6,'2018-11-10 18:54:53','2018-11-10 18:54:53',81,NULL),(456,1944,0,6,'2018-11-10 18:54:53','2018-11-10 18:54:53',81,NULL),(457,2160,0,6,'2018-11-10 18:54:53','2018-11-10 18:54:53',81,NULL),(458,1936,0,6,'2018-11-10 18:54:53','2018-11-10 18:54:53',81,NULL),(459,2168,0,6,'2018-11-10 18:54:53','2018-11-10 18:54:53',81,NULL),(460,2184,0,6,'2018-11-10 18:54:53','2018-11-10 18:54:53',81,NULL),(461,2635,0,6,'2018-11-10 18:54:53','2018-11-10 18:54:53',81,NULL),(462,2627,0,6,'2018-11-10 18:54:53','2018-11-10 18:54:53',81,NULL),(463,2573,0,6,'2018-11-10 18:54:53','2018-11-10 18:54:53',81,NULL),(464,2564,0,6,'2018-11-10 18:54:53','2018-11-10 18:54:53',81,NULL),(465,2556,0,6,'2018-11-10 18:54:53','2018-11-10 18:54:53',81,NULL),(466,2548,0,6,'2018-11-10 18:54:53','2018-11-10 18:54:53',81,NULL),(467,2540,0,6,'2018-11-10 18:54:53','2018-11-10 18:54:53',81,NULL),(468,2532,0,6,'2018-11-10 18:54:53','2018-11-10 18:54:53',81,NULL),(469,2524,0,6,'2018-11-10 18:54:53','2018-11-10 18:54:53',81,NULL),(470,2516,0,6,'2018-11-10 18:54:53','2018-11-10 18:54:53',81,NULL),(471,2508,0,6,'2018-11-10 18:54:53','2018-11-10 18:54:53',81,NULL),(472,2500,0,6,'2018-11-10 18:54:53','2018-11-10 18:54:53',81,NULL),(473,2492,0,6,'2018-11-10 18:54:53','2018-11-10 18:54:53',81,NULL),(474,2484,0,6,'2018-11-10 18:54:53','2018-11-10 18:54:53',81,NULL),(475,2288,0,6,'2018-11-10 18:54:53','2018-11-10 18:54:53',81,NULL),(476,2280,0,6,'2018-11-10 18:54:53','2018-11-10 18:54:53',81,NULL),(477,2272,0,6,'2018-11-10 18:54:53','2018-11-10 18:54:53',81,NULL),(478,2264,0,6,'2018-11-10 18:54:53','2018-11-10 18:54:53',81,NULL),(479,2256,0,6,'2018-11-10 18:54:53','2018-11-10 18:54:53',81,NULL),(480,2248,0,6,'2018-11-10 18:54:53','2018-11-10 18:54:53',81,NULL),(481,2240,0,6,'2018-11-10 18:54:53','2018-11-10 18:54:53',81,NULL),(482,2232,0,6,'2018-11-10 18:54:53','2018-11-10 18:54:53',81,NULL),(483,2224,0,6,'2018-11-10 18:54:53','2018-11-10 18:54:53',81,NULL),(484,2216,0,6,'2018-11-10 18:54:53','2018-11-10 18:54:53',81,NULL),(485,2208,0,6,'2018-11-10 18:54:53','2018-11-10 18:54:53',81,NULL),(486,2200,0,6,'2018-11-10 18:54:53','2018-11-10 18:54:53',81,NULL),(487,2192,0,6,'2018-11-10 18:54:53','2018-11-10 18:54:53',81,NULL),(488,2176,0,6,'2018-11-10 18:54:53','2018-11-10 18:54:53',81,NULL),(489,1928,0,6,'2018-11-10 18:54:53','2018-11-10 18:54:53',81,NULL),(490,1920,0,6,'2018-11-10 18:54:53','2018-11-10 18:54:53',81,NULL),(491,2663,0,6,'2018-11-10 18:54:53','2018-11-10 18:54:53',81,NULL),(492,2151,0,6,'2018-11-10 18:54:53','2018-11-10 18:54:53',81,NULL),(493,2143,0,6,'2018-11-10 18:54:53','2018-11-10 18:54:53',81,NULL),(494,2135,0,6,'2018-11-10 18:54:53','2018-11-10 18:54:53',81,NULL),(495,2127,0,6,'2018-11-10 18:54:53','2018-11-10 18:54:53',81,NULL),(496,2119,0,6,'2018-11-10 18:54:53','2018-11-10 18:54:53',81,NULL),(497,2111,0,6,'2018-11-10 18:54:53','2018-11-10 18:54:53',81,NULL),(498,2103,0,6,'2018-11-10 18:54:53','2018-11-10 18:54:53',81,NULL),(499,2095,0,6,'2018-11-10 18:54:53','2018-11-10 18:54:53',81,NULL),(500,2087,0,6,'2018-11-10 18:54:53','2018-11-10 18:54:53',81,NULL),(501,2079,0,6,'2018-11-10 18:54:53','2018-11-10 18:54:53',81,NULL),(502,2071,0,6,'2018-11-10 18:54:53','2018-11-10 18:54:53',81,NULL),(503,2063,0,6,'2018-11-10 18:54:53','2018-11-10 18:54:53',81,NULL),(504,2055,0,6,'2018-11-10 18:54:53','2018-11-10 18:54:53',81,NULL),(505,2047,0,6,'2018-11-10 18:54:53','2018-11-10 18:54:53',81,NULL),(506,2039,0,6,'2018-11-10 18:54:53','2018-11-10 18:54:53',81,NULL),(507,2031,0,6,'2018-11-10 18:54:53','2018-11-10 18:54:53',81,NULL),(508,2023,0,6,'2018-11-10 18:54:53','2018-11-10 18:54:53',81,NULL),(509,2015,0,6,'2018-11-10 18:54:53','2018-11-10 18:54:53',81,NULL),(510,2007,0,6,'2018-11-10 18:54:53','2018-11-10 18:54:53',81,NULL),(511,1999,0,6,'2018-11-10 18:54:53','2018-11-10 18:54:53',81,NULL),(512,1991,0,6,'2018-11-10 18:54:53','2018-11-10 18:54:53',81,NULL),(513,1983,0,6,'2018-11-10 18:54:53','2018-11-10 18:54:53',81,NULL),(514,1975,0,6,'2018-11-10 18:54:53','2018-11-10 18:54:53',81,NULL),(515,1967,0,6,'2018-11-10 18:54:53','2018-11-10 18:54:53',81,NULL),(516,1959,0,6,'2018-11-10 18:54:53','2018-11-10 18:54:53',81,NULL),(517,1951,0,6,'2018-11-10 18:54:53','2018-11-10 18:54:53',81,NULL),(518,1943,0,6,'2018-11-10 18:54:53','2018-11-10 18:54:53',81,NULL),(519,2159,0,6,'2018-11-10 18:54:53','2018-11-10 18:54:53',81,NULL),(520,2167,0,6,'2018-11-10 18:54:53','2018-11-10 18:54:53',81,NULL),(521,2175,0,6,'2018-11-10 18:54:53','2018-11-10 18:54:53',81,NULL),(522,2183,0,6,'2018-11-10 18:54:53','2018-11-10 18:54:53',81,NULL),(523,2642,0,6,'2018-11-10 18:54:53','2018-11-10 18:54:53',81,NULL),(524,2634,0,6,'2018-11-10 18:54:53','2018-11-10 18:54:53',81,NULL),(525,2626,0,6,'2018-11-10 18:54:53','2018-11-10 18:54:53',81,NULL),(526,2572,0,6,'2018-11-10 18:54:53','2018-11-10 18:54:53',81,NULL),(527,2563,0,6,'2018-11-10 18:54:53','2018-11-10 18:54:53',81,NULL),(528,2555,0,6,'2018-11-10 18:54:53','2018-11-10 18:54:53',81,NULL),(529,2547,0,6,'2018-11-10 18:54:53','2018-11-10 18:54:53',81,NULL),(530,2539,0,6,'2018-11-10 18:54:53','2018-11-10 18:54:53',81,NULL),(531,2531,0,6,'2018-11-10 18:54:53','2018-11-10 18:54:53',81,NULL),(532,2523,0,6,'2018-11-10 18:54:53','2018-11-10 18:54:53',81,NULL),(533,2515,0,6,'2018-11-10 18:54:53','2018-11-10 18:54:53',81,NULL),(534,2507,0,6,'2018-11-10 18:54:53','2018-11-10 18:54:53',81,NULL),(535,2499,0,6,'2018-11-10 18:54:53','2018-11-10 18:54:53',81,NULL),(536,1927,0,6,'2018-11-10 18:54:53','2018-11-10 18:54:53',81,NULL),(537,2491,0,6,'2018-11-10 18:54:53','2018-11-10 18:54:53',81,NULL),(538,2287,0,6,'2018-11-10 18:54:53','2018-11-10 18:54:53',81,NULL),(539,2279,0,6,'2018-11-10 18:54:53','2018-11-10 18:54:53',81,NULL),(540,2271,0,6,'2018-11-10 18:54:53','2018-11-10 18:54:53',81,NULL),(541,2263,0,6,'2018-11-10 18:54:53','2018-11-10 18:54:53',81,NULL),(542,2255,0,6,'2018-11-10 18:54:53','2018-11-10 18:54:53',81,NULL),(543,2247,0,6,'2018-11-10 18:54:53','2018-11-10 18:54:53',81,NULL),(544,2239,0,6,'2018-11-10 18:54:53','2018-11-10 18:54:53',81,NULL),(545,2231,0,6,'2018-11-10 18:54:53','2018-11-10 18:54:53',81,NULL),(546,2223,0,6,'2018-11-10 18:54:53','2018-11-10 18:54:53',81,NULL),(547,2215,0,6,'2018-11-10 18:54:53','2018-11-10 18:54:53',81,NULL),(548,2207,0,6,'2018-11-10 18:54:53','2018-11-10 18:54:53',81,NULL),(549,2199,0,6,'2018-11-10 18:54:53','2018-11-10 18:54:53',81,NULL),(550,2191,0,6,'2018-11-10 18:54:53','2018-11-10 18:54:53',81,NULL),(551,2483,0,6,'2018-11-10 18:54:53','2018-11-10 18:54:53',81,NULL),(552,1933,0,6,'2018-11-10 18:54:53','2018-11-10 18:54:53',81,NULL),(553,1925,0,6,'2018-11-10 18:54:53','2018-11-10 18:54:53',81,NULL),(554,1917,0,6,'2018-11-10 18:54:53','2018-11-10 18:54:53',81,NULL),(555,2146,0,6,'2018-11-10 18:54:53','2018-11-10 18:54:53',81,NULL),(556,2138,0,6,'2018-11-10 18:54:53','2018-11-10 18:54:53',81,NULL),(557,2130,0,6,'2018-11-10 18:54:53','2018-11-10 18:54:53',81,NULL),(558,2122,0,6,'2018-11-10 18:54:53','2018-11-10 18:54:53',81,NULL),(559,2114,0,6,'2018-11-10 18:54:53','2018-11-10 18:54:53',81,NULL),(560,2106,0,6,'2018-11-10 18:54:53','2018-11-10 18:54:53',81,NULL),(561,2098,0,6,'2018-11-10 18:54:53','2018-11-10 18:54:53',81,NULL),(562,2090,0,6,'2018-11-10 18:54:53','2018-11-10 18:54:53',81,NULL),(563,2082,0,6,'2018-11-10 18:54:53','2018-11-10 18:54:53',81,NULL),(564,2074,0,6,'2018-11-10 18:54:53','2018-11-10 18:54:53',81,NULL),(565,2066,0,6,'2018-11-10 18:54:53','2018-11-10 18:54:53',81,NULL),(566,2058,0,6,'2018-11-10 18:54:53','2018-11-10 18:54:53',81,NULL),(567,2050,0,6,'2018-11-10 18:54:53','2018-11-10 18:54:53',81,NULL),(568,2042,0,6,'2018-11-10 18:54:53','2018-11-10 18:54:53',81,NULL),(569,2034,0,6,'2018-11-10 18:54:53','2018-11-10 18:54:53',81,NULL),(570,2026,0,6,'2018-11-10 18:54:53','2018-11-10 18:54:53',81,NULL),(571,2018,0,6,'2018-11-10 18:54:53','2018-11-10 18:54:53',81,NULL),(572,2010,0,6,'2018-11-10 18:54:53','2018-11-10 18:54:53',81,NULL),(573,2002,0,6,'2018-11-10 18:54:53','2018-11-10 18:54:53',81,NULL),(574,1994,0,6,'2018-11-10 18:54:53','2018-11-10 18:54:53',81,NULL),(575,1986,0,6,'2018-11-10 18:54:53','2018-11-10 18:54:53',81,NULL),(576,1978,0,6,'2018-11-10 18:54:53','2018-11-10 18:54:53',81,NULL),(577,1970,0,6,'2018-11-10 18:54:53','2018-11-10 18:54:53',81,NULL),(578,1962,0,6,'2018-11-10 18:54:53','2018-11-10 18:54:53',81,NULL),(579,1954,0,6,'2018-11-10 18:54:53','2018-11-10 18:54:53',81,NULL),(580,1946,0,6,'2018-11-10 18:54:53','2018-11-10 18:54:53',81,NULL),(581,1938,0,6,'2018-11-10 18:54:53','2018-11-10 18:54:53',81,NULL),(582,2154,0,6,'2018-11-10 18:54:53','2018-11-10 18:54:53',81,NULL),(583,1930,0,6,'2018-11-10 18:54:53','2018-11-10 18:54:53',81,NULL),(584,2162,0,6,'2018-11-10 18:54:53','2018-11-10 18:54:53',81,NULL),(585,2178,0,6,'2018-11-10 18:54:53','2018-11-10 18:54:53',81,NULL),(586,2629,0,6,'2018-11-10 18:54:53','2018-11-10 18:54:53',81,NULL),(587,2621,0,6,'2018-11-10 18:54:53','2018-11-10 18:54:53',81,NULL),(588,2566,0,6,'2018-11-10 18:54:53','2018-11-10 18:54:53',81,NULL),(589,2558,0,6,'2018-11-10 18:54:53','2018-11-10 18:54:53',81,NULL),(590,2550,0,6,'2018-11-10 18:54:53','2018-11-10 18:54:53',81,NULL),(591,2542,0,6,'2018-11-10 18:54:53','2018-11-10 18:54:53',81,NULL),(592,2534,0,6,'2018-11-10 18:54:53','2018-11-10 18:54:53',81,NULL),(593,2526,0,6,'2018-11-10 18:54:53','2018-11-10 18:54:53',81,NULL),(594,2518,0,6,'2018-11-10 18:54:53','2018-11-10 18:54:53',81,NULL),(595,2510,0,6,'2018-11-10 18:54:53','2018-11-10 18:54:53',81,NULL),(596,2502,0,6,'2018-11-10 18:54:53','2018-11-10 18:54:53',81,NULL),(597,2494,0,6,'2018-11-10 18:54:53','2018-11-10 18:54:53',81,NULL),(598,2486,0,6,'2018-11-10 18:54:53','2018-11-10 18:54:53',81,NULL),(599,2290,0,6,'2018-11-10 18:54:53','2018-11-10 18:54:53',81,NULL),(600,2282,0,6,'2018-11-10 18:54:53','2018-11-10 18:54:53',81,NULL),(601,2274,0,6,'2018-11-10 18:54:53','2018-11-10 18:54:53',81,NULL),(602,2266,0,6,'2018-11-10 18:54:53','2018-11-10 18:54:53',81,NULL),(603,2258,0,6,'2018-11-10 18:54:53','2018-11-10 18:54:53',81,NULL),(604,2250,0,6,'2018-11-10 18:54:53','2018-11-10 18:54:53',81,NULL),(605,2242,0,6,'2018-11-10 18:54:53','2018-11-10 18:54:53',81,NULL),(606,2234,0,6,'2018-11-10 18:54:53','2018-11-10 18:54:53',81,NULL),(607,2226,0,6,'2018-11-10 18:54:53','2018-11-10 18:54:53',81,NULL),(608,2218,0,6,'2018-11-10 18:54:53','2018-11-10 18:54:53',81,NULL),(609,2210,0,6,'2018-11-10 18:54:53','2018-11-10 18:54:53',81,NULL),(610,2202,0,6,'2018-11-10 18:54:53','2018-11-10 18:54:53',81,NULL),(611,2194,0,6,'2018-11-10 18:54:53','2018-11-10 18:54:53',81,NULL),(612,2186,0,6,'2018-11-10 18:54:53','2018-11-10 18:54:53',81,NULL),(613,2170,0,6,'2018-11-10 18:54:53','2018-11-10 18:54:53',81,NULL),(614,1922,0,6,'2018-11-10 18:54:53','2018-11-10 18:54:53',81,NULL),(615,2657,0,6,'2018-11-10 18:54:53','2018-11-10 18:54:53',81,NULL),(616,2636,0,6,'2018-11-10 18:54:53','2018-11-10 18:54:53',81,NULL),(617,2137,0,6,'2018-11-10 18:54:53','2018-11-10 18:54:53',81,NULL),(618,2129,0,6,'2018-11-10 18:54:53','2018-11-10 18:54:53',81,NULL),(619,2121,0,6,'2018-11-10 18:54:53','2018-11-10 18:54:53',81,NULL),(620,2113,0,6,'2018-11-10 18:54:53','2018-11-10 18:54:53',81,NULL),(621,2105,0,6,'2018-11-10 18:54:53','2018-11-10 18:54:53',81,NULL),(622,2097,0,6,'2018-11-10 18:54:53','2018-11-10 18:54:53',81,NULL),(623,2089,0,6,'2018-11-10 18:54:53','2018-11-10 18:54:53',81,NULL),(624,2081,0,6,'2018-11-10 18:54:53','2018-11-10 18:54:53',81,NULL),(625,2073,0,6,'2018-11-10 18:54:53','2018-11-10 18:54:53',81,NULL),(626,2065,0,6,'2018-11-10 18:54:53','2018-11-10 18:54:53',81,NULL),(627,2057,0,6,'2018-11-10 18:54:53','2018-11-10 18:54:53',81,NULL),(628,2049,0,6,'2018-11-10 18:54:53','2018-11-10 18:54:53',81,NULL),(629,2041,0,6,'2018-11-10 18:54:53','2018-11-10 18:54:53',81,NULL),(630,2033,0,6,'2018-11-10 18:54:53','2018-11-10 18:54:53',81,NULL),(631,2025,0,6,'2018-11-10 18:54:53','2018-11-10 18:54:53',81,NULL),(632,2017,0,6,'2018-11-10 18:54:53','2018-11-10 18:54:53',81,NULL),(633,2009,0,6,'2018-11-10 18:54:53','2018-11-10 18:54:53',81,NULL),(634,2001,0,6,'2018-11-10 18:54:53','2018-11-10 18:54:53',81,NULL),(635,1993,0,6,'2018-11-10 18:54:53','2018-11-10 18:54:53',81,NULL),(636,1985,0,6,'2018-11-10 18:54:53','2018-11-10 18:54:53',81,NULL),(637,1977,0,6,'2018-11-10 18:54:53','2018-11-10 18:54:53',81,NULL),(638,1969,0,6,'2018-11-10 18:54:53','2018-11-10 18:54:53',81,NULL),(639,1961,0,6,'2018-11-10 18:54:53','2018-11-10 18:54:53',81,NULL),(640,1953,0,6,'2018-11-10 18:54:53','2018-11-10 18:54:53',81,NULL),(641,1945,0,6,'2018-11-10 18:54:53','2018-11-10 18:54:53',81,NULL),(642,1937,0,6,'2018-11-10 18:54:53','2018-11-10 18:54:53',81,NULL),(643,1929,0,6,'2018-11-10 18:54:53','2018-11-10 18:54:53',81,NULL),(644,2145,0,6,'2018-11-10 18:54:53','2018-11-10 18:54:53',81,NULL),(645,2153,0,6,'2018-11-10 18:54:53','2018-11-10 18:54:53',81,NULL),(646,2161,0,6,'2018-11-10 18:54:53','2018-11-10 18:54:53',81,NULL),(647,2169,0,6,'2018-11-10 18:54:53','2018-11-10 18:54:53',81,NULL),(648,2628,0,6,'2018-11-10 18:54:53','2018-11-10 18:54:53',81,NULL),(649,2618,0,6,'2018-11-10 18:54:53','2018-11-10 18:54:53',81,NULL),(650,2565,0,6,'2018-11-10 18:54:53','2018-11-10 18:54:53',81,NULL),(651,2557,0,6,'2018-11-10 18:54:53','2018-11-10 18:54:53',81,NULL),(652,2549,0,6,'2018-11-10 18:54:53','2018-11-10 18:54:53',81,NULL),(653,2541,0,6,'2018-11-10 18:54:53','2018-11-10 18:54:53',81,NULL),(654,2533,0,6,'2018-11-10 18:54:53','2018-11-10 18:54:53',81,NULL),(655,2525,0,6,'2018-11-10 18:54:53','2018-11-10 18:54:53',81,NULL),(656,2517,0,6,'2018-11-10 18:54:53','2018-11-10 18:54:53',81,NULL),(657,2509,0,6,'2018-11-10 18:54:53','2018-11-10 18:54:53',81,NULL),(658,2501,0,6,'2018-11-10 18:54:53','2018-11-10 18:54:53',81,NULL),(659,2493,0,6,'2018-11-10 18:54:53','2018-11-10 18:54:53',81,NULL),(660,2485,0,6,'2018-11-10 18:54:53','2018-11-10 18:54:53',81,NULL),(661,2637,0,6,'2018-11-10 18:54:53','2018-11-10 18:54:53',81,NULL),(662,2289,0,6,'2018-11-10 18:54:53','2018-11-10 18:54:53',81,NULL),(663,2273,0,6,'2018-11-10 18:54:53','2018-11-10 18:54:53',81,NULL),(664,2265,0,6,'2018-11-10 18:54:53','2018-11-10 18:54:53',81,NULL),(665,2257,0,6,'2018-11-10 18:54:53','2018-11-10 18:54:53',81,NULL),(666,2249,0,6,'2018-11-10 18:54:53','2018-11-10 18:54:53',81,NULL),(667,2241,0,6,'2018-11-10 18:54:53','2018-11-10 18:54:53',81,NULL),(668,2233,0,6,'2018-11-10 18:54:53','2018-11-10 18:54:53',81,NULL),(669,2225,0,6,'2018-11-10 18:54:53','2018-11-10 18:54:53',81,NULL),(670,2217,0,6,'2018-11-10 18:54:53','2018-11-10 18:54:53',81,NULL),(671,2209,0,6,'2018-11-10 18:54:53','2018-11-10 18:54:53',81,NULL),(672,2201,0,6,'2018-11-10 18:54:53','2018-11-10 18:54:53',81,NULL),(673,2193,0,6,'2018-11-10 18:54:53','2018-11-10 18:54:53',81,NULL),(674,2185,0,6,'2018-11-10 18:54:53','2018-11-10 18:54:53',81,NULL),(675,2177,0,6,'2018-11-10 18:54:53','2018-11-10 18:54:53',81,NULL),(676,2281,0,6,'2018-11-10 18:54:53','2018-11-10 18:54:53',81,NULL),(677,2658,0,6,'2018-11-10 18:54:53','2018-11-10 18:54:53',81,NULL),(678,1923,0,6,'2018-11-10 18:54:53','2018-11-10 18:54:53',81,NULL),(679,1931,0,6,'2018-11-10 18:54:53','2018-11-10 18:54:53',81,NULL),(680,2156,0,6,'2018-11-10 18:54:53','2018-11-10 18:54:53',81,NULL),(681,2148,0,6,'2018-11-10 18:54:53','2018-11-10 18:54:53',81,NULL),(682,2140,0,6,'2018-11-10 18:54:53','2018-11-10 18:54:53',81,NULL),(683,2132,0,6,'2018-11-10 18:54:53','2018-11-10 18:54:53',81,NULL),(684,2124,0,6,'2018-11-10 18:54:53','2018-11-10 18:54:53',81,NULL),(685,2116,0,6,'2018-11-10 18:54:53','2018-11-10 18:54:53',81,NULL),(686,2108,0,6,'2018-11-10 18:54:53','2018-11-10 18:54:53',81,NULL),(687,2100,0,6,'2018-11-10 18:54:53','2018-11-10 18:54:53',81,NULL),(688,2092,0,6,'2018-11-10 18:54:53','2018-11-10 18:54:53',81,NULL),(689,2084,0,6,'2018-11-10 18:54:53','2018-11-10 18:54:53',81,NULL),(690,2076,0,6,'2018-11-10 18:54:53','2018-11-10 18:54:53',81,NULL),(691,2068,0,6,'2018-11-10 18:54:53','2018-11-10 18:54:53',81,NULL),(692,2060,0,6,'2018-11-10 18:54:53','2018-11-10 18:54:53',81,NULL),(693,2052,0,6,'2018-11-10 18:54:53','2018-11-10 18:54:53',81,NULL),(694,2044,0,6,'2018-11-10 18:54:53','2018-11-10 18:54:53',81,NULL),(695,2036,0,6,'2018-11-10 18:54:53','2018-11-10 18:54:53',81,NULL),(696,2028,0,6,'2018-11-10 18:54:53','2018-11-10 18:54:53',81,NULL),(697,2020,0,6,'2018-11-10 18:54:53','2018-11-10 18:54:53',81,NULL),(698,2012,0,6,'2018-11-10 18:54:53','2018-11-10 18:54:53',81,NULL),(699,2004,0,6,'2018-11-10 18:54:53','2018-11-10 18:54:53',81,NULL),(700,1996,0,6,'2018-11-10 18:54:53','2018-11-10 18:54:53',81,NULL),(701,1988,0,6,'2018-11-10 18:54:53','2018-11-10 18:54:53',81,NULL),(702,1980,0,6,'2018-11-10 18:54:53','2018-11-10 18:54:53',81,NULL),(703,1972,0,6,'2018-11-10 18:54:53','2018-11-10 18:54:53',81,NULL),(704,1964,0,6,'2018-11-10 18:54:53','2018-11-10 18:54:53',81,NULL),(705,1956,0,6,'2018-11-10 18:54:53','2018-11-10 18:54:53',81,NULL),(706,1948,0,6,'2018-11-10 18:54:53','2018-11-10 18:54:53',81,NULL),(707,2164,0,6,'2018-11-10 18:54:53','2018-11-10 18:54:53',81,NULL),(708,2172,0,6,'2018-11-10 18:54:53','2018-11-10 18:54:53',81,NULL),(709,2180,0,6,'2018-11-10 18:54:53','2018-11-10 18:54:53',81,NULL),(710,2188,0,6,'2018-11-10 18:54:53','2018-11-10 18:54:53',81,NULL),(711,2660,0,6,'2018-11-10 18:54:53','2018-11-10 18:54:53',81,NULL),(712,2639,0,6,'2018-11-10 18:54:53','2018-11-10 18:54:53',81,NULL),(713,2631,0,6,'2018-11-10 18:54:53','2018-11-10 18:54:53',81,NULL),(714,2623,0,6,'2018-11-10 18:54:53','2018-11-10 18:54:53',81,NULL),(715,2568,0,6,'2018-11-10 18:54:53','2018-11-10 18:54:53',81,NULL),(716,2560,0,6,'2018-11-10 18:54:53','2018-11-10 18:54:53',81,NULL),(717,2552,0,6,'2018-11-10 18:54:53','2018-11-10 18:54:53',81,NULL),(718,2544,0,6,'2018-11-10 18:54:53','2018-11-10 18:54:53',81,NULL),(719,2536,0,6,'2018-11-10 18:54:53','2018-11-10 18:54:53',81,NULL),(720,2528,0,6,'2018-11-10 18:54:53','2018-11-10 18:54:53',81,NULL),(721,2520,0,6,'2018-11-10 18:54:53','2018-11-10 18:54:53',81,NULL),(722,2512,0,6,'2018-11-10 18:54:53','2018-11-10 18:54:53',81,NULL),(723,2504,0,6,'2018-11-10 18:54:53','2018-11-10 18:54:53',81,NULL),(724,1940,0,6,'2018-11-10 18:54:53','2018-11-10 18:54:53',81,NULL),(725,2496,0,6,'2018-11-10 18:54:53','2018-11-10 18:54:53',81,NULL),(726,2480,0,6,'2018-11-10 18:54:53','2018-11-10 18:54:53',81,NULL),(727,2284,0,6,'2018-11-10 18:54:53','2018-11-10 18:54:53',81,NULL),(728,2276,0,6,'2018-11-10 18:54:53','2018-11-10 18:54:53',81,NULL),(729,2268,0,6,'2018-11-10 18:54:53','2018-11-10 18:54:53',81,NULL),(730,2260,0,6,'2018-11-10 18:54:53','2018-11-10 18:54:53',81,NULL),(731,2252,0,6,'2018-11-10 18:54:53','2018-11-10 18:54:53',81,NULL),(732,2244,0,6,'2018-11-10 18:54:53','2018-11-10 18:54:53',81,NULL),(733,2236,0,6,'2018-11-10 18:54:53','2018-11-10 18:54:53',81,NULL),(734,2228,0,6,'2018-11-10 18:54:53','2018-11-10 18:54:53',81,NULL),(735,2220,0,6,'2018-11-10 18:54:53','2018-11-10 18:54:53',81,NULL),(736,2212,0,6,'2018-11-10 18:54:53','2018-11-10 18:54:53',81,NULL),(737,2204,0,6,'2018-11-10 18:54:53','2018-11-10 18:54:53',81,NULL),(738,2196,0,6,'2018-11-10 18:54:53','2018-11-10 18:54:53',81,NULL),(739,2488,0,6,'2018-11-10 18:54:53','2018-11-10 18:54:53',81,NULL),(740,2643,0,6,'2018-11-10 18:54:53','2018-11-10 18:54:53',81,NULL),(741,1932,0,6,'2018-11-10 18:54:53','2018-11-10 18:54:53',81,NULL),(742,2659,0,6,'2018-11-10 18:54:53','2018-11-10 18:54:53',81,NULL),(743,2147,0,6,'2018-11-10 18:54:53','2018-11-10 18:54:53',81,NULL),(744,2139,0,6,'2018-11-10 18:54:53','2018-11-10 18:54:53',81,NULL),(745,2131,0,6,'2018-11-10 18:54:53','2018-11-10 18:54:53',81,NULL),(746,2123,0,6,'2018-11-10 18:54:53','2018-11-10 18:54:53',81,NULL),(747,2115,0,6,'2018-11-10 18:54:53','2018-11-10 18:54:53',81,NULL),(748,2107,0,6,'2018-11-10 18:54:53','2018-11-10 18:54:53',81,NULL),(749,2099,0,6,'2018-11-10 18:54:53','2018-11-10 18:54:53',81,NULL),(750,2091,0,6,'2018-11-10 18:54:53','2018-11-10 18:54:53',81,NULL),(751,2083,0,6,'2018-11-10 18:54:53','2018-11-10 18:54:53',81,NULL),(752,2075,0,6,'2018-11-10 18:54:53','2018-11-10 18:54:53',81,NULL),(753,2067,0,6,'2018-11-10 18:54:53','2018-11-10 18:54:53',81,NULL),(754,2059,0,6,'2018-11-10 18:54:53','2018-11-10 18:54:53',81,NULL),(755,2051,0,6,'2018-11-10 18:54:53','2018-11-10 18:54:53',81,NULL),(756,2043,0,6,'2018-11-10 18:54:53','2018-11-10 18:54:53',81,NULL),(757,2035,0,6,'2018-11-10 18:54:53','2018-11-10 18:54:53',81,NULL),(758,2027,0,6,'2018-11-10 18:54:53','2018-11-10 18:54:53',81,NULL),(759,2019,0,6,'2018-11-10 18:54:53','2018-11-10 18:54:53',81,NULL),(760,2011,0,6,'2018-11-10 18:54:53','2018-11-10 18:54:53',81,NULL),(761,2003,0,6,'2018-11-10 18:54:53','2018-11-10 18:54:53',81,NULL),(762,1995,0,6,'2018-11-10 18:54:53','2018-11-10 18:54:53',81,NULL),(763,1987,0,6,'2018-11-10 18:54:53','2018-11-10 18:54:53',81,NULL),(764,1979,0,6,'2018-11-10 18:54:53','2018-11-10 18:54:53',81,NULL),(765,1971,0,6,'2018-11-10 18:54:53','2018-11-10 18:54:53',81,NULL),(766,1963,0,6,'2018-11-10 18:54:53','2018-11-10 18:54:53',81,NULL),(767,1955,0,6,'2018-11-10 18:54:53','2018-11-10 18:54:53',81,NULL),(768,1947,0,6,'2018-11-10 18:54:53','2018-11-10 18:54:53',81,NULL),(769,1939,0,6,'2018-11-10 18:54:53','2018-11-10 18:54:53',81,NULL),(770,2155,0,6,'2018-11-10 18:54:53','2018-11-10 18:54:53',81,NULL),(771,2163,0,6,'2018-11-10 18:54:53','2018-11-10 18:54:53',81,NULL),(772,2171,0,6,'2018-11-10 18:54:53','2018-11-10 18:54:53',81,NULL),(773,2179,0,6,'2018-11-10 18:54:53','2018-11-10 18:54:53',81,NULL),(774,2638,0,6,'2018-11-10 18:54:53','2018-11-10 18:54:53',81,NULL),(775,2630,0,6,'2018-11-10 18:54:53','2018-11-10 18:54:53',81,NULL),(776,2622,0,6,'2018-11-10 18:54:53','2018-11-10 18:54:53',81,NULL),(777,2567,0,6,'2018-11-10 18:54:53','2018-11-10 18:54:53',81,NULL),(778,2559,0,6,'2018-11-10 18:54:53','2018-11-10 18:54:53',81,NULL),(779,2551,0,6,'2018-11-10 18:54:53','2018-11-10 18:54:53',81,NULL),(780,2543,0,6,'2018-11-10 18:54:53','2018-11-10 18:54:53',81,NULL),(781,2535,0,6,'2018-11-10 18:54:53','2018-11-10 18:54:53',81,NULL),(782,2527,0,6,'2018-11-10 18:54:53','2018-11-10 18:54:53',81,NULL),(783,2519,0,6,'2018-11-10 18:54:53','2018-11-10 18:54:53',81,NULL),(784,2511,0,6,'2018-11-10 18:54:53','2018-11-10 18:54:53',81,NULL),(785,2503,0,6,'2018-11-10 18:54:53','2018-11-10 18:54:53',81,NULL),(786,2495,0,6,'2018-11-10 18:54:53','2018-11-10 18:54:53',81,NULL),(787,1924,0,6,'2018-11-10 18:54:53','2018-11-10 18:54:53',81,NULL),(788,2487,0,6,'2018-11-10 18:54:53','2018-11-10 18:54:53',81,NULL),(789,2283,0,6,'2018-11-10 18:54:53','2018-11-10 18:54:53',81,NULL),(790,2275,0,6,'2018-11-10 18:54:53','2018-11-10 18:54:53',81,NULL),(791,2267,0,6,'2018-11-10 18:54:53','2018-11-10 18:54:53',81,NULL),(792,2259,0,6,'2018-11-10 18:54:53','2018-11-10 18:54:53',81,NULL),(793,2251,0,6,'2018-11-10 18:54:53','2018-11-10 18:54:53',81,NULL),(794,2243,0,6,'2018-11-10 18:54:53','2018-11-10 18:54:53',81,NULL),(795,2235,0,6,'2018-11-10 18:54:53','2018-11-10 18:54:53',81,NULL),(796,2227,0,6,'2018-11-10 18:54:53','2018-11-10 18:54:53',81,NULL),(797,2219,0,6,'2018-11-10 18:54:53','2018-11-10 18:54:53',81,NULL),(798,2211,0,6,'2018-11-10 18:54:53','2018-11-10 18:54:53',81,NULL),(799,2203,0,6,'2018-11-10 18:54:53','2018-11-10 18:54:53',81,NULL),(800,2195,0,6,'2018-11-10 18:54:53','2018-11-10 18:54:53',81,NULL),(801,2187,0,6,'2018-11-10 18:54:53','2018-11-10 18:54:53',81,NULL),(802,2291,0,6,'2018-11-10 18:54:53','2018-11-10 18:54:53',81,NULL),(803,1166,0,6,'2018-11-10 18:54:53','2018-11-10 18:54:53',81,NULL),(1204,1302,0,1,'2018-11-17 23:03:38','2018-11-17 23:03:38',84,NULL),(1205,1791,0,1,'2018-11-17 23:03:38','2018-11-17 23:03:38',84,NULL),(1206,1783,0,1,'2018-11-17 23:03:38','2018-11-17 23:03:38',84,NULL),(1207,1775,0,1,'2018-11-17 23:03:38','2018-11-17 23:03:38',84,NULL),(1208,1767,0,1,'2018-11-17 23:03:38','2018-11-17 23:03:38',84,NULL),(1209,1759,0,1,'2018-11-17 23:03:38','2018-11-17 23:03:38',84,NULL),(1210,1751,0,1,'2018-11-17 23:03:38','2018-11-17 23:03:38',84,NULL),(1211,1743,0,1,'2018-11-17 23:03:38','2018-11-17 23:03:38',84,NULL),(1212,1735,0,1,'2018-11-17 23:03:38','2018-11-17 23:03:38',84,NULL),(1213,1727,0,1,'2018-11-17 23:03:38','2018-11-17 23:03:38',84,NULL),(1214,1719,0,1,'2018-11-17 23:03:38','2018-11-17 23:03:38',84,NULL),(1215,1711,0,1,'2018-11-17 23:03:38','2018-11-17 23:03:38',84,NULL),(1216,1703,0,1,'2018-11-17 23:03:38','2018-11-17 23:03:38',84,NULL),(1217,1695,0,1,'2018-11-17 23:03:38','2018-11-17 23:03:38',84,NULL),(1218,1687,0,1,'2018-11-17 23:03:38','2018-11-17 23:03:38',84,NULL),(1219,1679,0,1,'2018-11-17 23:03:38','2018-11-17 23:03:38',84,NULL),(1220,1671,0,1,'2018-11-17 23:03:38','2018-11-17 23:03:38',84,NULL),(1221,1663,0,1,'2018-11-17 23:03:38','2018-11-17 23:03:38',84,NULL),(1222,1655,0,1,'2018-11-17 23:03:38','2018-11-17 23:03:38',84,NULL),(1223,1647,0,1,'2018-11-17 23:03:38','2018-11-17 23:03:38',84,NULL),(1224,1639,0,1,'2018-11-17 23:03:38','2018-11-17 23:03:38',84,NULL),(1225,1631,0,1,'2018-11-17 23:03:38','2018-11-17 23:03:38',84,NULL),(1226,1799,0,1,'2018-11-17 23:03:38','2018-11-17 23:03:38',84,NULL),(1227,1623,0,1,'2018-11-17 23:03:38','2018-11-17 23:03:38',84,NULL),(1228,1807,0,1,'2018-11-17 23:03:38','2018-11-17 23:03:38',84,NULL),(1229,1823,0,1,'2018-11-17 23:03:38','2018-11-17 23:03:38',84,NULL),(1230,1332,0,1,'2018-11-17 23:03:38','2018-11-17 23:03:38',84,NULL),(1231,1324,0,1,'2018-11-17 23:03:38','2018-11-17 23:03:38',84,NULL),(1232,1316,0,1,'2018-11-17 23:03:38','2018-11-17 23:03:38',84,NULL),(1233,1308,0,1,'2018-11-17 23:03:38','2018-11-17 23:03:38',84,NULL),(1234,1298,0,1,'2018-11-17 23:03:38','2018-11-17 23:03:38',84,NULL),(1235,1290,0,1,'2018-11-17 23:03:38','2018-11-17 23:03:38',84,NULL),(1236,1282,0,1,'2018-11-17 23:03:38','2018-11-17 23:03:38',84,NULL),(1237,1274,0,1,'2018-11-17 23:03:38','2018-11-17 23:03:38',84,NULL),(1238,1266,0,1,'2018-11-17 23:03:38','2018-11-17 23:03:38',84,NULL),(1239,1258,0,1,'2018-11-17 23:03:38','2018-11-17 23:03:38',84,NULL),(1240,1911,0,1,'2018-11-17 23:03:38','2018-11-17 23:03:38',84,NULL),(1241,1903,0,1,'2018-11-17 23:03:38','2018-11-17 23:03:38',84,NULL),(1242,1895,0,1,'2018-11-17 23:03:38','2018-11-17 23:03:38',84,NULL),(1243,1887,0,1,'2018-11-17 23:03:38','2018-11-17 23:03:38',84,NULL),(1244,1879,0,1,'2018-11-17 23:03:38','2018-11-17 23:03:38',84,NULL),(1245,1871,0,1,'2018-11-17 23:03:38','2018-11-17 23:03:38',84,NULL),(1246,1863,0,1,'2018-11-17 23:03:38','2018-11-17 23:03:38',84,NULL),(1247,1855,0,1,'2018-11-17 23:03:38','2018-11-17 23:03:38',84,NULL),(1248,1847,0,1,'2018-11-17 23:03:38','2018-11-17 23:03:38',84,NULL),(1249,1839,0,1,'2018-11-17 23:03:38','2018-11-17 23:03:38',84,NULL),(1250,1831,0,1,'2018-11-17 23:03:38','2018-11-17 23:03:38',84,NULL),(1251,1815,0,1,'2018-11-17 23:03:38','2018-11-17 23:03:38',84,NULL),(1252,1340,0,1,'2018-11-17 23:03:38','2018-11-17 23:03:38',84,NULL),(1253,1615,0,1,'2018-11-17 23:03:38','2018-11-17 23:03:38',84,NULL),(1254,1599,0,1,'2018-11-17 23:03:38','2018-11-17 23:03:38',84,NULL),(1255,1862,0,1,'2018-11-17 23:03:38','2018-11-17 23:03:38',84,NULL),(1256,1854,0,1,'2018-11-17 23:03:38','2018-11-17 23:03:38',84,NULL),(1257,1846,0,1,'2018-11-17 23:03:38','2018-11-17 23:03:38',84,NULL),(1258,1838,0,1,'2018-11-17 23:03:38','2018-11-17 23:03:38',84,NULL),(1259,1830,0,1,'2018-11-17 23:03:38','2018-11-17 23:03:38',84,NULL),(1260,1822,0,1,'2018-11-17 23:03:38','2018-11-17 23:03:38',84,NULL),(1261,1814,0,1,'2018-11-17 23:03:38','2018-11-17 23:03:38',84,NULL),(1262,1806,0,1,'2018-11-17 23:03:38','2018-11-17 23:03:38',84,NULL),(1263,1798,0,1,'2018-11-17 23:03:38','2018-11-17 23:03:38',84,NULL),(1264,1790,0,1,'2018-11-17 23:03:38','2018-11-17 23:03:38',84,NULL),(1265,1782,0,1,'2018-11-17 23:03:38','2018-11-17 23:03:38',84,NULL),(1266,1774,0,1,'2018-11-17 23:03:38','2018-11-17 23:03:38',84,NULL),(1267,1766,0,1,'2018-11-17 23:03:38','2018-11-17 23:03:38',84,NULL),(1268,1758,0,1,'2018-11-17 23:03:38','2018-11-17 23:03:38',84,NULL),(1269,1750,0,1,'2018-11-17 23:03:38','2018-11-17 23:03:38',84,NULL),(1270,1742,0,1,'2018-11-17 23:03:38','2018-11-17 23:03:38',84,NULL),(1271,1734,0,1,'2018-11-17 23:03:38','2018-11-17 23:03:38',84,NULL),(1272,1726,0,1,'2018-11-17 23:03:38','2018-11-17 23:03:38',84,NULL),(1273,1718,0,1,'2018-11-17 23:03:38','2018-11-17 23:03:38',84,NULL),(1274,1710,0,1,'2018-11-17 23:03:38','2018-11-17 23:03:38',84,NULL),(1275,1702,0,1,'2018-11-17 23:03:38','2018-11-17 23:03:38',84,NULL),(1276,1870,0,1,'2018-11-17 23:03:38','2018-11-17 23:03:38',84,NULL),(1277,1607,0,1,'2018-11-17 23:03:38','2018-11-17 23:03:38',84,NULL),(1278,1878,0,1,'2018-11-17 23:03:38','2018-11-17 23:03:38',84,NULL),(1279,1894,0,1,'2018-11-17 23:03:38','2018-11-17 23:03:38',84,NULL),(1280,1591,0,1,'2018-11-17 23:03:38','2018-11-17 23:03:38',84,NULL),(1281,1583,0,1,'2018-11-17 23:03:38','2018-11-17 23:03:38',84,NULL),(1282,1575,0,1,'2018-11-17 23:03:38','2018-11-17 23:03:38',84,NULL),(1283,1567,0,1,'2018-11-17 23:03:38','2018-11-17 23:03:38',84,NULL),(1284,1559,0,1,'2018-11-17 23:03:38','2018-11-17 23:03:38',84,NULL),(1285,1551,0,1,'2018-11-17 23:03:38','2018-11-17 23:03:38',84,NULL),(1286,1543,0,1,'2018-11-17 23:03:38','2018-11-17 23:03:38',84,NULL),(1287,1347,0,1,'2018-11-17 23:03:38','2018-11-17 23:03:38',84,NULL),(1288,1339,0,1,'2018-11-17 23:03:38','2018-11-17 23:03:38',84,NULL),(1289,1331,0,1,'2018-11-17 23:03:38','2018-11-17 23:03:38',84,NULL),(1290,1323,0,1,'2018-11-17 23:03:38','2018-11-17 23:03:38',84,NULL),(1291,1315,0,1,'2018-11-17 23:03:38','2018-11-17 23:03:38',84,NULL),(1292,1307,0,1,'2018-11-17 23:03:38','2018-11-17 23:03:38',84,NULL),(1293,1297,0,1,'2018-11-17 23:03:38','2018-11-17 23:03:38',84,NULL),(1294,1289,0,1,'2018-11-17 23:03:38','2018-11-17 23:03:38',84,NULL),(1295,1281,0,1,'2018-11-17 23:03:38','2018-11-17 23:03:38',84,NULL),(1296,1273,0,1,'2018-11-17 23:03:38','2018-11-17 23:03:38',84,NULL),(1297,1265,0,1,'2018-11-17 23:03:38','2018-11-17 23:03:38',84,NULL),(1298,1257,0,1,'2018-11-17 23:03:38','2018-11-17 23:03:38',84,NULL),(1299,1910,0,1,'2018-11-17 23:03:38','2018-11-17 23:03:38',84,NULL),(1300,1902,0,1,'2018-11-17 23:03:38','2018-11-17 23:03:38',84,NULL),(1301,1886,0,1,'2018-11-17 23:03:38','2018-11-17 23:03:38',84,NULL),(1302,1694,0,1,'2018-11-17 23:03:38','2018-11-17 23:03:38',84,NULL),(1303,1348,0,1,'2018-11-17 23:03:38','2018-11-17 23:03:38',84,NULL),(1304,1552,0,1,'2018-11-17 23:03:38','2018-11-17 23:03:38',84,NULL),(1305,1649,0,1,'2018-11-17 23:03:38','2018-11-17 23:03:38',84,NULL),(1306,1641,0,1,'2018-11-17 23:03:38','2018-11-17 23:03:38',84,NULL),(1307,1633,0,1,'2018-11-17 23:03:38','2018-11-17 23:03:38',84,NULL),(1308,1625,0,1,'2018-11-17 23:03:38','2018-11-17 23:03:38',84,NULL),(1309,1617,0,1,'2018-11-17 23:03:38','2018-11-17 23:03:38',84,NULL),(1310,1609,0,1,'2018-11-17 23:03:38','2018-11-17 23:03:38',84,NULL),(1311,1601,0,1,'2018-11-17 23:03:38','2018-11-17 23:03:38',84,NULL),(1312,1593,0,1,'2018-11-17 23:03:38','2018-11-17 23:03:38',84,NULL),(1313,1585,0,1,'2018-11-17 23:03:38','2018-11-17 23:03:38',84,NULL),(1314,1577,0,1,'2018-11-17 23:03:38','2018-11-17 23:03:38',84,NULL),(1315,1569,0,1,'2018-11-17 23:03:38','2018-11-17 23:03:38',84,NULL),(1316,1561,0,1,'2018-11-17 23:03:38','2018-11-17 23:03:38',84,NULL),(1317,1553,0,1,'2018-11-17 23:03:38','2018-11-17 23:03:38',84,NULL),(1318,1545,0,1,'2018-11-17 23:03:38','2018-11-17 23:03:38',84,NULL),(1319,1349,0,1,'2018-11-17 23:03:38','2018-11-17 23:03:38',84,NULL),(1320,1341,0,1,'2018-11-17 23:03:38','2018-11-17 23:03:38',84,NULL),(1321,1333,0,1,'2018-11-17 23:03:38','2018-11-17 23:03:38',84,NULL),(1322,1325,0,1,'2018-11-17 23:03:38','2018-11-17 23:03:38',84,NULL),(1323,1317,0,1,'2018-11-17 23:03:38','2018-11-17 23:03:38',84,NULL),(1324,1309,0,1,'2018-11-17 23:03:38','2018-11-17 23:03:38',84,NULL),(1325,1299,0,1,'2018-11-17 23:03:38','2018-11-17 23:03:38',84,NULL),(1326,1657,0,1,'2018-11-17 23:03:38','2018-11-17 23:03:38',84,NULL),(1327,1291,0,1,'2018-11-17 23:03:38','2018-11-17 23:03:38',84,NULL),(1328,1665,0,1,'2018-11-17 23:03:38','2018-11-17 23:03:38',84,NULL),(1329,1681,0,1,'2018-11-17 23:03:38','2018-11-17 23:03:38',84,NULL),(1330,1849,0,1,'2018-11-17 23:03:38','2018-11-17 23:03:38',84,NULL),(1331,1841,0,1,'2018-11-17 23:03:38','2018-11-17 23:03:38',84,NULL),(1332,1833,0,1,'2018-11-17 23:03:38','2018-11-17 23:03:38',84,NULL),(1333,1825,0,1,'2018-11-17 23:03:38','2018-11-17 23:03:38',84,NULL),(1334,1817,0,1,'2018-11-17 23:03:38','2018-11-17 23:03:38',84,NULL),(1335,1809,0,1,'2018-11-17 23:03:38','2018-11-17 23:03:38',84,NULL),(1336,1801,0,1,'2018-11-17 23:03:38','2018-11-17 23:03:38',84,NULL),(1337,1793,0,1,'2018-11-17 23:03:38','2018-11-17 23:03:38',84,NULL),(1338,1785,0,1,'2018-11-17 23:03:38','2018-11-17 23:03:38',84,NULL),(1339,1777,0,1,'2018-11-17 23:03:38','2018-11-17 23:03:38',84,NULL),(1340,1769,0,1,'2018-11-17 23:03:38','2018-11-17 23:03:38',84,NULL),(1341,1761,0,1,'2018-11-17 23:03:38','2018-11-17 23:03:38',84,NULL),(1342,1753,0,1,'2018-11-17 23:03:38','2018-11-17 23:03:38',84,NULL),(1343,1745,0,1,'2018-11-17 23:03:38','2018-11-17 23:03:38',84,NULL),(1344,1737,0,1,'2018-11-17 23:03:38','2018-11-17 23:03:38',84,NULL),(1345,1729,0,1,'2018-11-17 23:03:38','2018-11-17 23:03:38',84,NULL),(1346,1721,0,1,'2018-11-17 23:03:38','2018-11-17 23:03:38',84,NULL),(1347,1713,0,1,'2018-11-17 23:03:38','2018-11-17 23:03:38',84,NULL),(1348,1705,0,1,'2018-11-17 23:03:38','2018-11-17 23:03:38',84,NULL),(1349,1697,0,1,'2018-11-17 23:03:38','2018-11-17 23:03:38',84,NULL),(1350,1689,0,1,'2018-11-17 23:03:38','2018-11-17 23:03:38',84,NULL),(1351,1673,0,1,'2018-11-17 23:03:38','2018-11-17 23:03:38',84,NULL),(1352,1544,0,1,'2018-11-17 23:03:38','2018-11-17 23:03:38',84,NULL),(1353,1283,0,1,'2018-11-17 23:03:38','2018-11-17 23:03:38',84,NULL),(1354,1267,0,1,'2018-11-17 23:03:38','2018-11-17 23:03:38',84,NULL),(1355,1720,0,1,'2018-11-17 23:03:38','2018-11-17 23:03:38',84,NULL),(1356,1712,0,1,'2018-11-17 23:03:38','2018-11-17 23:03:38',84,NULL),(1357,1704,0,1,'2018-11-17 23:03:38','2018-11-17 23:03:38',84,NULL),(1358,1696,0,1,'2018-11-17 23:03:38','2018-11-17 23:03:38',84,NULL),(1359,1688,0,1,'2018-11-17 23:03:38','2018-11-17 23:03:38',84,NULL),(1360,1680,0,1,'2018-11-17 23:03:38','2018-11-17 23:03:38',84,NULL),(1361,1672,0,1,'2018-11-17 23:03:38','2018-11-17 23:03:38',84,NULL),(1362,1664,0,1,'2018-11-17 23:03:38','2018-11-17 23:03:38',84,NULL),(1363,1656,0,1,'2018-11-17 23:03:38','2018-11-17 23:03:38',84,NULL),(1364,1648,0,1,'2018-11-17 23:03:38','2018-11-17 23:03:38',84,NULL),(1365,1640,0,1,'2018-11-17 23:03:38','2018-11-17 23:03:38',84,NULL),(1366,1632,0,1,'2018-11-17 23:03:38','2018-11-17 23:03:38',84,NULL),(1367,1624,0,1,'2018-11-17 23:03:38','2018-11-17 23:03:38',84,NULL),(1368,1616,0,1,'2018-11-17 23:03:38','2018-11-17 23:03:38',84,NULL),(1369,1608,0,1,'2018-11-17 23:03:38','2018-11-17 23:03:38',84,NULL),(1370,1600,0,1,'2018-11-17 23:03:38','2018-11-17 23:03:38',84,NULL),(1371,1592,0,1,'2018-11-17 23:03:38','2018-11-17 23:03:38',84,NULL),(1372,1584,0,1,'2018-11-17 23:03:38','2018-11-17 23:03:38',84,NULL),(1373,1576,0,1,'2018-11-17 23:03:38','2018-11-17 23:03:38',84,NULL),(1374,1568,0,1,'2018-11-17 23:03:38','2018-11-17 23:03:38',84,NULL),(1375,1560,0,1,'2018-11-17 23:03:38','2018-11-17 23:03:38',84,NULL),(1376,1728,0,1,'2018-11-17 23:03:38','2018-11-17 23:03:38',84,NULL),(1377,1275,0,1,'2018-11-17 23:03:38','2018-11-17 23:03:38',84,NULL),(1378,1736,0,1,'2018-11-17 23:03:38','2018-11-17 23:03:38',84,NULL),(1379,1752,0,1,'2018-11-17 23:03:38','2018-11-17 23:03:38',84,NULL),(1380,1259,0,1,'2018-11-17 23:03:38','2018-11-17 23:03:38',84,NULL),(1381,1912,0,1,'2018-11-17 23:03:38','2018-11-17 23:03:38',84,NULL),(1382,1904,0,1,'2018-11-17 23:03:38','2018-11-17 23:03:38',84,NULL),(1383,1896,0,1,'2018-11-17 23:03:38','2018-11-17 23:03:38',84,NULL),(1384,1888,0,1,'2018-11-17 23:03:38','2018-11-17 23:03:38',84,NULL),(1385,1880,0,1,'2018-11-17 23:03:38','2018-11-17 23:03:38',84,NULL),(1386,1872,0,1,'2018-11-17 23:03:38','2018-11-17 23:03:38',84,NULL),(1387,1864,0,1,'2018-11-17 23:03:38','2018-11-17 23:03:38',84,NULL),(1388,1856,0,1,'2018-11-17 23:03:38','2018-11-17 23:03:38',84,NULL),(1389,1848,0,1,'2018-11-17 23:03:38','2018-11-17 23:03:38',84,NULL),(1390,1840,0,1,'2018-11-17 23:03:38','2018-11-17 23:03:38',84,NULL),(1391,1832,0,1,'2018-11-17 23:03:38','2018-11-17 23:03:38',84,NULL),(1392,1824,0,1,'2018-11-17 23:03:38','2018-11-17 23:03:38',84,NULL),(1393,1816,0,1,'2018-11-17 23:03:38','2018-11-17 23:03:38',84,NULL),(1394,1808,0,1,'2018-11-17 23:03:38','2018-11-17 23:03:38',84,NULL),(1395,1800,0,1,'2018-11-17 23:03:38','2018-11-17 23:03:38',84,NULL),(1396,1792,0,1,'2018-11-17 23:03:38','2018-11-17 23:03:38',84,NULL),(1397,1784,0,1,'2018-11-17 23:03:38','2018-11-17 23:03:38',84,NULL),(1398,1776,0,1,'2018-11-17 23:03:38','2018-11-17 23:03:38',84,NULL),(1399,1768,0,1,'2018-11-17 23:03:38','2018-11-17 23:03:38',84,NULL),(1400,1760,0,1,'2018-11-17 23:03:38','2018-11-17 23:03:38',84,NULL),(1401,1744,0,1,'2018-11-17 23:03:38','2018-11-17 23:03:38',84,NULL),(1402,1686,0,1,'2018-11-17 23:03:38','2018-11-17 23:03:38',84,NULL),(1403,1678,0,1,'2018-11-17 23:03:38','2018-11-17 23:03:38',84,NULL),(1404,1670,0,1,'2018-11-17 23:03:38','2018-11-17 23:03:38',84,NULL),(1405,1588,0,1,'2018-11-17 23:03:38','2018-11-17 23:03:38',84,NULL),(1406,1580,0,1,'2018-11-17 23:03:38','2018-11-17 23:03:38',84,NULL),(1407,1572,0,1,'2018-11-17 23:03:38','2018-11-17 23:03:38',84,NULL),(1408,1564,0,1,'2018-11-17 23:03:38','2018-11-17 23:03:38',84,NULL),(1409,1556,0,1,'2018-11-17 23:03:38','2018-11-17 23:03:38',84,NULL),(1410,1548,0,1,'2018-11-17 23:03:38','2018-11-17 23:03:38',84,NULL),(1411,1540,0,1,'2018-11-17 23:03:38','2018-11-17 23:03:38',84,NULL),(1412,1344,0,1,'2018-11-17 23:03:38','2018-11-17 23:03:38',84,NULL),(1413,1336,0,1,'2018-11-17 23:03:38','2018-11-17 23:03:38',84,NULL),(1414,1328,0,1,'2018-11-17 23:03:38','2018-11-17 23:03:38',84,NULL),(1415,1320,0,1,'2018-11-17 23:03:38','2018-11-17 23:03:38',84,NULL),(1416,1312,0,1,'2018-11-17 23:03:38','2018-11-17 23:03:38',84,NULL),(1417,1303,0,1,'2018-11-17 23:03:38','2018-11-17 23:03:38',84,NULL),(1418,1294,0,1,'2018-11-17 23:03:38','2018-11-17 23:03:38',84,NULL),(1419,1286,0,1,'2018-11-17 23:03:38','2018-11-17 23:03:38',84,NULL),(1420,1278,0,1,'2018-11-17 23:03:38','2018-11-17 23:03:38',84,NULL),(1421,1270,0,1,'2018-11-17 23:03:38','2018-11-17 23:03:38',84,NULL),(1422,1262,0,1,'2018-11-17 23:03:38','2018-11-17 23:03:38',84,NULL),(1423,2665,0,1,'2018-11-17 23:03:38','2018-11-17 23:03:38',84,NULL),(1424,1907,0,1,'2018-11-17 23:03:38','2018-11-17 23:03:38',84,NULL),(1425,1899,0,1,'2018-11-17 23:03:38','2018-11-17 23:03:38',84,NULL),(1426,1596,0,1,'2018-11-17 23:03:38','2018-11-17 23:03:38',84,NULL),(1427,1891,0,1,'2018-11-17 23:03:38','2018-11-17 23:03:38',84,NULL),(1428,1604,0,1,'2018-11-17 23:03:38','2018-11-17 23:03:38',84,NULL),(1429,1620,0,1,'2018-11-17 23:03:38','2018-11-17 23:03:38',84,NULL),(1430,1788,0,1,'2018-11-17 23:03:38','2018-11-17 23:03:38',84,NULL),(1431,1780,0,1,'2018-11-17 23:03:38','2018-11-17 23:03:38',84,NULL),(1432,1772,0,1,'2018-11-17 23:03:38','2018-11-17 23:03:38',84,NULL),(1433,1764,0,1,'2018-11-17 23:03:38','2018-11-17 23:03:38',84,NULL),(1434,1756,0,1,'2018-11-17 23:03:38','2018-11-17 23:03:38',84,NULL),(1435,1748,0,1,'2018-11-17 23:03:38','2018-11-17 23:03:38',84,NULL),(1436,1740,0,1,'2018-11-17 23:03:38','2018-11-17 23:03:38',84,NULL),(1437,1732,0,1,'2018-11-17 23:03:38','2018-11-17 23:03:38',84,NULL),(1438,1724,0,1,'2018-11-17 23:03:38','2018-11-17 23:03:38',84,NULL),(1439,1716,0,1,'2018-11-17 23:03:38','2018-11-17 23:03:38',84,NULL),(1440,1708,0,1,'2018-11-17 23:03:38','2018-11-17 23:03:38',84,NULL),(1441,1700,0,1,'2018-11-17 23:03:38','2018-11-17 23:03:38',84,NULL),(1442,1692,0,1,'2018-11-17 23:03:38','2018-11-17 23:03:38',84,NULL),(1443,1684,0,1,'2018-11-17 23:03:38','2018-11-17 23:03:38',84,NULL),(1444,1676,0,1,'2018-11-17 23:03:38','2018-11-17 23:03:38',84,NULL),(1445,1668,0,1,'2018-11-17 23:03:38','2018-11-17 23:03:38',84,NULL),(1446,1660,0,1,'2018-11-17 23:03:38','2018-11-17 23:03:38',84,NULL),(1447,1652,0,1,'2018-11-17 23:03:38','2018-11-17 23:03:38',84,NULL),(1448,1644,0,1,'2018-11-17 23:03:38','2018-11-17 23:03:38',84,NULL),(1449,1636,0,1,'2018-11-17 23:03:38','2018-11-17 23:03:38',84,NULL),(1450,1628,0,1,'2018-11-17 23:03:38','2018-11-17 23:03:38',84,NULL),(1451,1612,0,1,'2018-11-17 23:03:38','2018-11-17 23:03:38',84,NULL),(1452,1796,0,1,'2018-11-17 23:03:38','2018-11-17 23:03:38',84,NULL),(1453,1883,0,1,'2018-11-17 23:03:38','2018-11-17 23:03:38',84,NULL),(1454,1867,0,1,'2018-11-17 23:03:38','2018-11-17 23:03:38',84,NULL),(1455,1659,0,1,'2018-11-17 23:03:38','2018-11-17 23:03:38',84,NULL),(1456,1651,0,1,'2018-11-17 23:03:38','2018-11-17 23:03:38',84,NULL),(1457,1643,0,1,'2018-11-17 23:03:38','2018-11-17 23:03:38',84,NULL),(1458,1635,0,1,'2018-11-17 23:03:38','2018-11-17 23:03:38',84,NULL),(1459,1627,0,1,'2018-11-17 23:03:38','2018-11-17 23:03:38',84,NULL),(1460,1619,0,1,'2018-11-17 23:03:38','2018-11-17 23:03:38',84,NULL),(1461,1611,0,1,'2018-11-17 23:03:38','2018-11-17 23:03:38',84,NULL),(1462,1603,0,1,'2018-11-17 23:03:38','2018-11-17 23:03:38',84,NULL),(1463,1595,0,1,'2018-11-17 23:03:38','2018-11-17 23:03:38',84,NULL),(1464,1587,0,1,'2018-11-17 23:03:38','2018-11-17 23:03:38',84,NULL),(1465,1579,0,1,'2018-11-17 23:03:38','2018-11-17 23:03:38',84,NULL),(1466,1571,0,1,'2018-11-17 23:03:38','2018-11-17 23:03:38',84,NULL),(1467,1563,0,1,'2018-11-17 23:03:38','2018-11-17 23:03:38',84,NULL),(1468,1555,0,1,'2018-11-17 23:03:38','2018-11-17 23:03:38',84,NULL),(1469,1547,0,1,'2018-11-17 23:03:38','2018-11-17 23:03:38',84,NULL),(1470,1445,0,1,'2018-11-17 23:03:38','2018-11-17 23:03:38',84,NULL),(1471,1343,0,1,'2018-11-17 23:03:38','2018-11-17 23:03:38',84,NULL),(1472,1335,0,1,'2018-11-17 23:03:38','2018-11-17 23:03:38',84,NULL),(1473,1327,0,1,'2018-11-17 23:03:38','2018-11-17 23:03:38',84,NULL),(1474,1319,0,1,'2018-11-17 23:03:38','2018-11-17 23:03:38',84,NULL),(1475,1311,0,1,'2018-11-17 23:03:38','2018-11-17 23:03:38',84,NULL),(1476,1667,0,1,'2018-11-17 23:03:38','2018-11-17 23:03:38',84,NULL),(1477,1875,0,1,'2018-11-17 23:03:38','2018-11-17 23:03:38',84,NULL),(1478,1675,0,1,'2018-11-17 23:03:38','2018-11-17 23:03:38',84,NULL),(1479,1691,0,1,'2018-11-17 23:03:38','2018-11-17 23:03:38',84,NULL),(1480,1859,0,1,'2018-11-17 23:03:38','2018-11-17 23:03:38',84,NULL),(1481,1851,0,1,'2018-11-17 23:03:38','2018-11-17 23:03:38',84,NULL),(1482,1843,0,1,'2018-11-17 23:03:38','2018-11-17 23:03:38',84,NULL),(1483,1835,0,1,'2018-11-17 23:03:38','2018-11-17 23:03:38',84,NULL),(1484,1827,0,1,'2018-11-17 23:03:38','2018-11-17 23:03:38',84,NULL),(1485,1819,0,1,'2018-11-17 23:03:38','2018-11-17 23:03:38',84,NULL),(1486,1811,0,1,'2018-11-17 23:03:38','2018-11-17 23:03:38',84,NULL),(1487,1803,0,1,'2018-11-17 23:03:38','2018-11-17 23:03:38',84,NULL),(1488,1795,0,1,'2018-11-17 23:03:38','2018-11-17 23:03:38',84,NULL),(1489,1787,0,1,'2018-11-17 23:03:38','2018-11-17 23:03:38',84,NULL),(1490,1779,0,1,'2018-11-17 23:03:38','2018-11-17 23:03:38',84,NULL),(1491,1771,0,1,'2018-11-17 23:03:38','2018-11-17 23:03:38',84,NULL),(1492,1763,0,1,'2018-11-17 23:03:38','2018-11-17 23:03:38',84,NULL),(1493,1755,0,1,'2018-11-17 23:03:38','2018-11-17 23:03:38',84,NULL),(1494,1747,0,1,'2018-11-17 23:03:38','2018-11-17 23:03:38',84,NULL),(1495,1739,0,1,'2018-11-17 23:03:38','2018-11-17 23:03:38',84,NULL),(1496,1731,0,1,'2018-11-17 23:03:38','2018-11-17 23:03:38',84,NULL),(1497,1723,0,1,'2018-11-17 23:03:38','2018-11-17 23:03:38',84,NULL),(1498,1715,0,1,'2018-11-17 23:03:38','2018-11-17 23:03:38',84,NULL),(1499,1707,0,1,'2018-11-17 23:03:38','2018-11-17 23:03:38',84,NULL),(1500,1699,0,1,'2018-11-17 23:03:38','2018-11-17 23:03:38',84,NULL),(1501,1683,0,1,'2018-11-17 23:03:38','2018-11-17 23:03:38',84,NULL),(1502,1804,0,1,'2018-11-17 23:03:38','2018-11-17 23:03:38',84,NULL),(1503,1812,0,1,'2018-11-17 23:03:38','2018-11-17 23:03:38',84,NULL),(1504,1820,0,1,'2018-11-17 23:03:38','2018-11-17 23:03:38',84,NULL),(1505,1272,0,1,'2018-11-17 23:03:38','2018-11-17 23:03:38',84,NULL),(1506,1264,0,1,'2018-11-17 23:03:38','2018-11-17 23:03:38',84,NULL),(1507,1245,0,1,'2018-11-17 23:03:38','2018-11-17 23:03:38',84,NULL),(1508,1909,0,1,'2018-11-17 23:03:38','2018-11-17 23:03:38',84,NULL),(1509,1901,0,1,'2018-11-17 23:03:38','2018-11-17 23:03:38',84,NULL),(1510,1893,0,1,'2018-11-17 23:03:38','2018-11-17 23:03:38',84,NULL),(1511,1885,0,1,'2018-11-17 23:03:38','2018-11-17 23:03:38',84,NULL),(1512,1877,0,1,'2018-11-17 23:03:38','2018-11-17 23:03:38',84,NULL),(1513,1869,0,1,'2018-11-17 23:03:38','2018-11-17 23:03:38',84,NULL),(1514,1861,0,1,'2018-11-17 23:03:38','2018-11-17 23:03:38',84,NULL),(1515,1853,0,1,'2018-11-17 23:03:38','2018-11-17 23:03:38',84,NULL),(1516,1845,0,1,'2018-11-17 23:03:38','2018-11-17 23:03:38',84,NULL),(1517,1837,0,1,'2018-11-17 23:03:38','2018-11-17 23:03:38',84,NULL),(1518,1829,0,1,'2018-11-17 23:03:38','2018-11-17 23:03:38',84,NULL),(1519,1821,0,1,'2018-11-17 23:03:38','2018-11-17 23:03:38',84,NULL),(1520,1813,0,1,'2018-11-17 23:03:38','2018-11-17 23:03:38',84,NULL),(1521,1805,0,1,'2018-11-17 23:03:38','2018-11-17 23:03:38',84,NULL),(1522,1797,0,1,'2018-11-17 23:03:38','2018-11-17 23:03:38',84,NULL),(1523,1789,0,1,'2018-11-17 23:03:38','2018-11-17 23:03:38',84,NULL),(1524,1781,0,1,'2018-11-17 23:03:38','2018-11-17 23:03:38',84,NULL),(1525,1773,0,1,'2018-11-17 23:03:38','2018-11-17 23:03:38',84,NULL),(1526,1280,0,1,'2018-11-17 23:03:38','2018-11-17 23:03:38',84,NULL),(1527,1765,0,1,'2018-11-17 23:03:38','2018-11-17 23:03:38',84,NULL),(1528,1288,0,1,'2018-11-17 23:03:38','2018-11-17 23:03:38',84,NULL),(1529,1306,0,1,'2018-11-17 23:03:38','2018-11-17 23:03:38',84,NULL),(1530,1662,0,1,'2018-11-17 23:03:38','2018-11-17 23:03:38',84,NULL),(1531,1654,0,1,'2018-11-17 23:03:38','2018-11-17 23:03:38',84,NULL),(1532,1646,0,1,'2018-11-17 23:03:38','2018-11-17 23:03:38',84,NULL),(1533,1638,0,1,'2018-11-17 23:03:38','2018-11-17 23:03:38',84,NULL),(1534,1630,0,1,'2018-11-17 23:03:38','2018-11-17 23:03:38',84,NULL),(1535,1622,0,1,'2018-11-17 23:03:38','2018-11-17 23:03:38',84,NULL),(1536,1614,0,1,'2018-11-17 23:03:38','2018-11-17 23:03:38',84,NULL),(1537,1606,0,1,'2018-11-17 23:03:38','2018-11-17 23:03:38',84,NULL),(1538,1598,0,1,'2018-11-17 23:03:38','2018-11-17 23:03:38',84,NULL),(1539,1590,0,1,'2018-11-17 23:03:38','2018-11-17 23:03:38',84,NULL),(1540,1582,0,1,'2018-11-17 23:03:38','2018-11-17 23:03:38',84,NULL),(1541,1574,0,1,'2018-11-17 23:03:38','2018-11-17 23:03:38',84,NULL),(1542,1566,0,1,'2018-11-17 23:03:38','2018-11-17 23:03:38',84,NULL),(1543,1558,0,1,'2018-11-17 23:03:38','2018-11-17 23:03:38',84,NULL),(1544,1550,0,1,'2018-11-17 23:03:38','2018-11-17 23:03:38',84,NULL),(1545,1542,0,1,'2018-11-17 23:03:38','2018-11-17 23:03:38',84,NULL),(1546,1346,0,1,'2018-11-17 23:03:38','2018-11-17 23:03:38',84,NULL),(1547,1338,0,1,'2018-11-17 23:03:38','2018-11-17 23:03:38',84,NULL),(1548,1330,0,1,'2018-11-17 23:03:38','2018-11-17 23:03:38',84,NULL),(1549,1322,0,1,'2018-11-17 23:03:38','2018-11-17 23:03:38',84,NULL),(1550,1314,0,1,'2018-11-17 23:03:38','2018-11-17 23:03:38',84,NULL),(1551,1296,0,1,'2018-11-17 23:03:38','2018-11-17 23:03:38',84,NULL),(1552,1757,0,1,'2018-11-17 23:03:38','2018-11-17 23:03:38',84,NULL),(1553,1749,0,1,'2018-11-17 23:03:38','2018-11-17 23:03:38',84,NULL),(1554,1741,0,1,'2018-11-17 23:03:38','2018-11-17 23:03:38',84,NULL),(1555,1337,0,1,'2018-11-17 23:03:38','2018-11-17 23:03:38',84,NULL),(1556,1329,0,1,'2018-11-17 23:03:38','2018-11-17 23:03:38',84,NULL),(1557,1321,0,1,'2018-11-17 23:03:38','2018-11-17 23:03:38',84,NULL),(1558,1313,0,1,'2018-11-17 23:03:38','2018-11-17 23:03:38',84,NULL),(1559,1305,0,1,'2018-11-17 23:03:38','2018-11-17 23:03:38',84,NULL),(1560,1295,0,1,'2018-11-17 23:03:38','2018-11-17 23:03:38',84,NULL),(1561,1287,0,1,'2018-11-17 23:03:38','2018-11-17 23:03:38',84,NULL),(1562,1279,0,1,'2018-11-17 23:03:38','2018-11-17 23:03:38',84,NULL),(1563,1271,0,1,'2018-11-17 23:03:38','2018-11-17 23:03:38',84,NULL),(1564,1263,0,1,'2018-11-17 23:03:38','2018-11-17 23:03:38',84,NULL),(1565,1908,0,1,'2018-11-17 23:03:38','2018-11-17 23:03:38',84,NULL),(1566,1900,0,1,'2018-11-17 23:03:38','2018-11-17 23:03:38',84,NULL),(1567,1892,0,1,'2018-11-17 23:03:38','2018-11-17 23:03:38',84,NULL),(1568,1884,0,1,'2018-11-17 23:03:38','2018-11-17 23:03:38',84,NULL),(1569,1876,0,1,'2018-11-17 23:03:38','2018-11-17 23:03:38',84,NULL),(1570,1868,0,1,'2018-11-17 23:03:38','2018-11-17 23:03:38',84,NULL),(1571,1860,0,1,'2018-11-17 23:03:38','2018-11-17 23:03:38',84,NULL),(1572,1852,0,1,'2018-11-17 23:03:38','2018-11-17 23:03:38',84,NULL),(1573,1844,0,1,'2018-11-17 23:03:38','2018-11-17 23:03:38',84,NULL),(1574,1836,0,1,'2018-11-17 23:03:38','2018-11-17 23:03:38',84,NULL),(1575,1828,0,1,'2018-11-17 23:03:38','2018-11-17 23:03:38',84,NULL),(1576,1345,0,1,'2018-11-17 23:03:38','2018-11-17 23:03:38',84,NULL),(1577,1541,0,1,'2018-11-17 23:03:38','2018-11-17 23:03:38',84,NULL),(1578,1549,0,1,'2018-11-17 23:03:38','2018-11-17 23:03:38',84,NULL),(1579,1557,0,1,'2018-11-17 23:03:38','2018-11-17 23:03:38',84,NULL),(1580,1733,0,1,'2018-11-17 23:03:38','2018-11-17 23:03:38',84,NULL),(1581,1725,0,1,'2018-11-17 23:03:38','2018-11-17 23:03:38',84,NULL),(1582,1717,0,1,'2018-11-17 23:03:38','2018-11-17 23:03:38',84,NULL),(1583,1709,0,1,'2018-11-17 23:03:38','2018-11-17 23:03:38',84,NULL),(1584,1701,0,1,'2018-11-17 23:03:38','2018-11-17 23:03:38',84,NULL),(1585,1693,0,1,'2018-11-17 23:03:38','2018-11-17 23:03:38',84,NULL),(1586,1685,0,1,'2018-11-17 23:03:38','2018-11-17 23:03:38',84,NULL),(1587,1677,0,1,'2018-11-17 23:03:38','2018-11-17 23:03:38',84,NULL),(1588,1669,0,1,'2018-11-17 23:03:38','2018-11-17 23:03:38',84,NULL),(1589,1661,0,1,'2018-11-17 23:03:38','2018-11-17 23:03:38',84,NULL),(1590,1857,0,1,'2018-11-17 23:03:38','2018-11-17 23:03:38',84,NULL),(1591,1653,0,1,'2018-11-17 23:03:38','2018-11-17 23:03:38',84,NULL),(1592,1637,0,1,'2018-11-17 23:03:38','2018-11-17 23:03:38',84,NULL),(1593,1629,0,1,'2018-11-17 23:03:38','2018-11-17 23:03:38',84,NULL),(1594,1621,0,1,'2018-11-17 23:03:38','2018-11-17 23:03:38',84,NULL),(1595,1613,0,1,'2018-11-17 23:03:38','2018-11-17 23:03:38',84,NULL),(1596,1605,0,1,'2018-11-17 23:03:38','2018-11-17 23:03:38',84,NULL),(1597,1597,0,1,'2018-11-17 23:03:38','2018-11-17 23:03:38',84,NULL),(1598,1589,0,1,'2018-11-17 23:03:38','2018-11-17 23:03:38',84,NULL),(1599,1581,0,1,'2018-11-17 23:03:38','2018-11-17 23:03:38',84,NULL),(1600,1573,0,1,'2018-11-17 23:03:38','2018-11-17 23:03:38',84,NULL),(1601,1565,0,1,'2018-11-17 23:03:38','2018-11-17 23:03:38',84,NULL),(1602,1645,0,1,'2018-11-17 23:03:38','2018-11-17 23:03:38',84,NULL),(1603,1865,0,1,'2018-11-17 23:03:38','2018-11-17 23:03:38',84,NULL);
/*!40000 ALTER TABLE `BOOKED_STOCK_ITEMS` ENABLE KEYS */;
UNLOCK TABLES;

--
-- Table structure for table `COMPANY`
--

DROP TABLE IF EXISTS `COMPANY`;
/*!40101 SET @saved_cs_client     = @@character_set_client */;
/*!40101 SET character_set_client = utf8 */;
CREATE TABLE `COMPANY` (
  `ID` int(10) unsigned NOT NULL AUTO_INCREMENT,
  `name` varchar(100) NOT NULL,
  `TIN` varchar(12) NOT NULL,
  `country` varchar(45) NOT NULL,
  `city` varchar(45) NOT NULL,
  `sub_city` varchar(45) NOT NULL,
  `location` varchar(45) NOT NULL,
  `date_added` datetime NOT NULL DEFAULT CURRENT_TIMESTAMP,
  `date_updated` datetime NOT NULL DEFAULT CURRENT_TIMESTAMP ON UPDATE CURRENT_TIMESTAMP,
  PRIMARY KEY (`ID`)
) ENGINE=InnoDB AUTO_INCREMENT=4 DEFAULT CHARSET=latin1;
/*!40101 SET character_set_client = @saved_cs_client */;

--
-- Dumping data for table `COMPANY`
--

LOCK TABLES `COMPANY` WRITE;
/*!40000 ALTER TABLE `COMPANY` DISABLE KEYS */;
INSERT INTO `COMPANY` VALUES (1,'Abebe','9898989898','Ethiopia','Addis Ababa','Bole','Bole Mikael','0001-01-01 00:00:00','2018-11-20 18:22:55'),(2,'Abebe','1234567890','Ethiopia','Addis Ababa','Bole','Bole Mikael','2018-10-18 00:58:35','2018-10-18 00:58:35'),(3,'Abebe','1234567890','Ethiopia','Addis Ababa','Bole','Bole Mikael','2018-10-18 00:59:10','2018-10-18 00:59:10');
/*!40000 ALTER TABLE `COMPANY` ENABLE KEYS */;
UNLOCK TABLES;

--
-- Table structure for table `CUSTOMER`
--

DROP TABLE IF EXISTS `CUSTOMER`;
/*!40101 SET @saved_cs_client     = @@character_set_client */;
/*!40101 SET character_set_client = utf8 */;
CREATE TABLE `CUSTOMER` (
  `ID` int(10) unsigned NOT NULL AUTO_INCREMENT,
  `first_name` varchar(20) NOT NULL,
  `TIN` varchar(10) DEFAULT NULL,
  `email` varchar(45) DEFAULT NULL,
  `type` varchar(45) NOT NULL,
  `main_phone` varchar(13) NOT NULL,
  `last_name` varchar(20) NOT NULL,
  `date_added` datetime DEFAULT CURRENT_TIMESTAMP,
  `date_updated` datetime DEFAULT CURRENT_TIMESTAMP ON UPDATE CURRENT_TIMESTAMP,
  PRIMARY KEY (`ID`),
  UNIQUE KEY `TIN_UNIQUE` (`TIN`)
) ENGINE=InnoDB AUTO_INCREMENT=2147484671 DEFAULT CHARSET=latin1;
/*!40101 SET character_set_client = @saved_cs_client */;

--
-- Dumping data for table `CUSTOMER`
--

LOCK TABLES `CUSTOMER` WRITE;
/*!40000 ALTER TABLE `CUSTOMER` DISABLE KEYS */;
INSERT INTO `CUSTOMER` VALUES (1,'updated','3287287887','Gmail','Individual','0912889977','Abebe','2018-08-30 00:29:10','2018-09-08 02:37:50'),(2147484662,'Mikael','1234567890','mikaelaraya12@gmail.com','INDIVIDUAL','0912669988','Araya','2018-09-08 00:03:09','2018-09-08 00:03:09'),(2147484663,'Abebe','1029102900','Mike@email.com','INDIVIDUAL','0912883377','Lema','2018-09-08 00:34:32','2018-09-08 00:34:32'),(2147484664,'test','1234567892','mikaelaraya1@gmail.com','INDIVIDUAL','120023399','customer','2018-09-08 22:33:02','2018-09-08 22:33:02'),(2147484665,'Gemechu','','Gmail','Individual','0912889977','Abebe','2018-09-18 20:16:23','2018-09-18 20:16:23'),(2147484670,'mike','asj','Gmailds','Individual','088889977','Abebe','2018-09-18 20:29:54','2018-09-18 20:29:54');
/*!40000 ALTER TABLE `CUSTOMER` ENABLE KEYS */;
UNLOCK TABLES;

--
-- Table structure for table `EMPLOYEE`
--

DROP TABLE IF EXISTS `EMPLOYEE`;
/*!40101 SET @saved_cs_client     = @@character_set_client */;
/*!40101 SET character_set_client = utf8 */;
CREATE TABLE `EMPLOYEE` (
  `ID` int(10) unsigned NOT NULL AUTO_INCREMENT,
  `first_name` varchar(45) NOT NULL,
  `last_name` varchar(45) NOT NULL,
  `date_added` datetime DEFAULT CURRENT_TIMESTAMP,
  `date_updated` datetime DEFAULT CURRENT_TIMESTAMP ON UPDATE CURRENT_TIMESTAMP,
  PRIMARY KEY (`ID`)
) ENGINE=InnoDB AUTO_INCREMENT=14 DEFAULT CHARSET=latin1;
/*!40101 SET character_set_client = @saved_cs_client */;

--
-- Dumping data for table `EMPLOYEE`
--

LOCK TABLES `EMPLOYEE` WRITE;
/*!40000 ALTER TABLE `EMPLOYEE` DISABLE KEYS */;
INSERT INTO `EMPLOYEE` VALUES (1,'updated Mikael','Body',NULL,'2018-09-08 21:42:04'),(6,'Beyene','Araya','2018-08-31 02:27:43','2018-08-31 02:27:43'),(7,'Beyene','Araya','2018-08-31 02:32:23','2018-08-31 02:32:23'),(9,'body','Araa','2018-09-08 21:32:16','2018-09-08 21:32:16'),(10,'body','Araa','2018-09-08 21:33:06','2018-09-08 21:33:06'),(11,'body','Araa','2018-09-08 21:41:04','2018-09-08 21:41:04'),(13,'final','test','2018-09-08 22:31:29','2018-09-08 22:31:29');
/*!40000 ALTER TABLE `EMPLOYEE` ENABLE KEYS */;
UNLOCK TABLES;

--
-- Table structure for table `FINISHED_PRODUCT`
--

DROP TABLE IF EXISTS `FINISHED_PRODUCT`;
/*!40101 SET @saved_cs_client     = @@character_set_client */;
/*!40101 SET character_set_client = utf8 */;
CREATE TABLE `FINISHED_PRODUCT` (
  `ID` int(10) unsigned NOT NULL AUTO_INCREMENT,
  `ORDER_ID` int(10) unsigned NOT NULL,
  `date_added` datetime DEFAULT CURRENT_TIMESTAMP,
  `date_updated` datetime DEFAULT CURRENT_TIMESTAMP ON UPDATE CURRENT_TIMESTAMP,
  `submitted_by` int(10) unsigned NOT NULL,
  `recieved_by` int(10) unsigned NOT NULL,
  `quantity` int(11) DEFAULT '0',
  PRIMARY KEY (`ID`),
  KEY `fk_FINISHED_ORDER_id_idx` (`ORDER_ID`),
  KEY `fk_FINISHED_PRODUCT_submitter_idx` (`submitted_by`),
  KEY `fk_FINISHED_PRODUCT_recieved_by_idx` (`recieved_by`),
  CONSTRAINT `fk_FINISHED_ORDER_id` FOREIGN KEY (`ORDER_ID`) REFERENCES `PRODUCTION_ORDER_LIST` (`ID`) ON DELETE CASCADE ON UPDATE CASCADE,
  CONSTRAINT `fk_FINISHED_PRODUCT_recieved_by` FOREIGN KEY (`recieved_by`) REFERENCES `EMPLOYEE` (`ID`) ON UPDATE CASCADE,
  CONSTRAINT `fk_FINISHED_PRODUCT_submitter` FOREIGN KEY (`submitted_by`) REFERENCES `EMPLOYEE` (`ID`) ON UPDATE CASCADE
) ENGINE=InnoDB AUTO_INCREMENT=3038 DEFAULT CHARSET=latin1;
/*!40101 SET character_set_client = @saved_cs_client */;

--
-- Dumping data for table `FINISHED_PRODUCT`
--

LOCK TABLES `FINISHED_PRODUCT` WRITE;
/*!40000 ALTER TABLE `FINISHED_PRODUCT` DISABLE KEYS */;
INSERT INTO `FINISHED_PRODUCT` VALUES (101,29,'2018-10-12 21:12:33','2018-10-12 21:12:33',7,9,5),(102,29,'2018-10-12 21:12:34','2018-10-12 21:12:34',7,9,5),(103,29,'2018-10-12 21:12:34','2018-10-12 21:12:34',7,9,5),(104,29,'2018-10-12 21:12:34','2018-10-12 21:12:34',7,9,5),(105,29,'2018-10-12 21:12:34','2018-10-12 21:12:34',7,9,5),(106,29,'2018-10-12 21:19:23','2018-10-12 21:19:23',7,9,5),(107,29,'2018-10-12 21:19:24','2018-10-12 21:19:24',7,9,5),(108,29,'2018-10-12 21:19:24','2018-10-12 21:19:24',7,9,5),(109,29,'2018-10-12 21:19:24','2018-10-12 21:19:24',7,9,5),(110,29,'2018-10-12 21:19:24','2018-10-12 21:19:24',7,9,5),(111,32,'2018-10-12 21:21:46','2018-10-12 21:21:46',7,10,7),(112,32,'2018-10-12 21:21:47','2018-10-12 21:21:47',7,10,7),(113,32,'2018-10-12 21:21:47','2018-10-12 21:21:47',7,10,7),(114,32,'2018-10-12 21:21:47','2018-10-12 21:21:47',7,10,7),(115,32,'2018-10-12 21:21:47','2018-10-12 21:21:47',7,10,7),(116,32,'2018-10-12 21:21:47','2018-10-12 21:21:47',7,10,7),(117,32,'2018-10-12 21:21:47','2018-10-12 21:21:47',7,10,7),(118,22,'2018-10-12 22:38:36','2018-10-12 22:38:36',6,7,10),(119,22,'2018-10-12 22:38:36','2018-10-12 22:38:36',6,7,10),(120,22,'2018-10-12 22:38:36','2018-10-12 22:38:36',6,7,10),(121,22,'2018-10-12 22:38:36','2018-10-12 22:38:36',6,7,10),(122,22,'2018-10-12 22:38:36','2018-10-12 22:38:36',6,7,10),(123,22,'2018-10-12 22:38:36','2018-10-12 22:38:36',6,7,10),(124,22,'2018-10-12 22:38:36','2018-10-12 22:38:36',6,7,10),(125,22,'2018-10-12 22:38:36','2018-10-12 22:38:36',6,7,10),(126,22,'2018-10-12 22:38:36','2018-10-12 22:38:36',6,7,10),(127,22,'2018-10-12 22:38:36','2018-10-12 22:38:36',6,7,10),(128,31,'2018-10-12 22:40:05','2018-10-12 22:40:05',7,7,10),(129,31,'2018-10-12 22:40:05','2018-10-12 22:40:05',7,7,10),(130,31,'2018-10-12 22:40:05','2018-10-12 22:40:05',7,7,10),(131,31,'2018-10-12 22:40:05','2018-10-12 22:40:05',7,7,10),(132,31,'2018-10-12 22:40:05','2018-10-12 22:40:05',7,7,10),(133,31,'2018-10-12 22:40:05','2018-10-12 22:40:05',7,7,10),(134,31,'2018-10-12 22:40:05','2018-10-12 22:40:05',7,7,10),(135,31,'2018-10-12 22:40:05','2018-10-12 22:40:05',7,7,10),(136,31,'2018-10-12 22:40:05','2018-10-12 22:40:05',7,7,10),(137,31,'2018-10-12 22:40:05','2018-10-12 22:40:05',7,7,10),(138,49,'2018-10-14 16:03:19','2018-10-14 16:03:19',7,9,20),(139,49,'2018-10-14 16:03:19','2018-10-14 16:03:19',7,9,20),(140,49,'2018-10-14 16:03:19','2018-10-14 16:03:19',7,9,20),(141,49,'2018-10-14 16:03:19','2018-10-14 16:03:19',7,9,20),(142,49,'2018-10-14 16:03:19','2018-10-14 16:03:19',7,9,20),(143,49,'2018-10-14 16:03:19','2018-10-14 16:03:19',7,9,20),(144,49,'2018-10-14 16:03:19','2018-10-14 16:03:19',7,9,20),(145,49,'2018-10-14 16:03:19','2018-10-14 16:03:19',7,9,20),(146,49,'2018-10-14 16:03:19','2018-10-14 16:03:19',7,9,20),(147,49,'2018-10-14 16:03:19','2018-10-14 16:03:19',7,9,20),(148,49,'2018-10-14 16:03:19','2018-10-14 16:03:19',7,9,20),(149,49,'2018-10-14 16:03:19','2018-10-14 16:03:19',7,9,20),(150,49,'2018-10-14 16:03:19','2018-10-14 16:03:19',7,9,20),(151,49,'2018-10-14 16:03:19','2018-10-14 16:03:19',7,9,20),(152,49,'2018-10-14 16:03:19','2018-10-14 16:03:19',7,9,20),(153,49,'2018-10-14 16:03:19','2018-10-14 16:03:19',7,9,20),(154,49,'2018-10-14 16:03:19','2018-10-14 16:03:19',7,9,20),(155,49,'2018-10-14 16:03:19','2018-10-14 16:03:19',7,9,20),(156,49,'2018-10-14 16:03:19','2018-10-14 16:03:19',7,9,20),(157,49,'2018-10-14 16:03:19','2018-10-14 16:03:19',7,9,20),(158,49,'2018-10-14 16:04:08','2018-10-14 16:04:08',7,7,80),(159,49,'2018-10-14 16:04:08','2018-10-14 16:04:08',7,7,80),(160,49,'2018-10-14 16:04:08','2018-10-14 16:04:08',7,7,80),(161,49,'2018-10-14 16:04:08','2018-10-14 16:04:08',7,7,80),(162,49,'2018-10-14 16:04:08','2018-10-14 16:04:08',7,7,80),(163,49,'2018-10-14 16:04:08','2018-10-14 16:04:08',7,7,80),(164,49,'2018-10-14 16:04:08','2018-10-14 16:04:08',7,7,80),(165,49,'2018-10-14 16:04:08','2018-10-14 16:04:08',7,7,80),(166,49,'2018-10-14 16:04:08','2018-10-14 16:04:08',7,7,80),(167,49,'2018-10-14 16:04:08','2018-10-14 16:04:08',7,7,80),(168,49,'2018-10-14 16:04:08','2018-10-14 16:04:08',7,7,80),(169,49,'2018-10-14 16:04:08','2018-10-14 16:04:08',7,7,80),(170,49,'2018-10-14 16:04:08','2018-10-14 16:04:08',7,7,80),(171,49,'2018-10-14 16:04:08','2018-10-14 16:04:08',7,7,80),(172,49,'2018-10-14 16:04:08','2018-10-14 16:04:08',7,7,80),(173,49,'2018-10-14 16:04:08','2018-10-14 16:04:08',7,7,80),(174,49,'2018-10-14 16:04:08','2018-10-14 16:04:08',7,7,80),(175,49,'2018-10-14 16:04:08','2018-10-14 16:04:08',7,7,80),(176,49,'2018-10-14 16:04:08','2018-10-14 16:04:08',7,7,80),(177,49,'2018-10-14 16:04:08','2018-10-14 16:04:08',7,7,80),(178,49,'2018-10-14 16:04:08','2018-10-14 16:04:08',7,7,80),(179,49,'2018-10-14 16:04:08','2018-10-14 16:04:08',7,7,80),(180,49,'2018-10-14 16:04:08','2018-10-14 16:04:08',7,7,80),(181,49,'2018-10-14 16:04:08','2018-10-14 16:04:08',7,7,80),(182,49,'2018-10-14 16:04:08','2018-10-14 16:04:08',7,7,80),(183,49,'2018-10-14 16:04:08','2018-10-14 16:04:08',7,7,80),(184,49,'2018-10-14 16:04:08','2018-10-14 16:04:08',7,7,80),(185,49,'2018-10-14 16:04:08','2018-10-14 16:04:08',7,7,80),(186,49,'2018-10-14 16:04:08','2018-10-14 16:04:08',7,7,80),(187,49,'2018-10-14 16:04:08','2018-10-14 16:04:08',7,7,80),(188,49,'2018-10-14 16:04:08','2018-10-14 16:04:08',7,7,80),(189,49,'2018-10-14 16:04:08','2018-10-14 16:04:08',7,7,80),(190,49,'2018-10-14 16:04:08','2018-10-14 16:04:08',7,7,80),(191,49,'2018-10-14 16:04:08','2018-10-14 16:04:08',7,7,80),(192,49,'2018-10-14 16:04:08','2018-10-14 16:04:08',7,7,80),(193,49,'2018-10-14 16:04:08','2018-10-14 16:04:08',7,7,80),(194,49,'2018-10-14 16:04:08','2018-10-14 16:04:08',7,7,80),(195,49,'2018-10-14 16:04:08','2018-10-14 16:04:08',7,7,80),(196,49,'2018-10-14 16:04:08','2018-10-14 16:04:08',7,7,80),(197,49,'2018-10-14 16:04:08','2018-10-14 16:04:08',7,7,80),(198,49,'2018-10-14 16:04:08','2018-10-14 16:04:08',7,7,80),(199,49,'2018-10-14 16:04:08','2018-10-14 16:04:08',7,7,80),(200,49,'2018-10-14 16:04:08','2018-10-14 16:04:08',7,7,80),(201,49,'2018-10-14 16:04:08','2018-10-14 16:04:08',7,7,80),(202,49,'2018-10-14 16:04:08','2018-10-14 16:04:08',7,7,80),(203,49,'2018-10-14 16:04:08','2018-10-14 16:04:08',7,7,80),(204,49,'2018-10-14 16:04:08','2018-10-14 16:04:08',7,7,80),(205,49,'2018-10-14 16:04:08','2018-10-14 16:04:08',7,7,80),(206,49,'2018-10-14 16:04:08','2018-10-14 16:04:08',7,7,80),(207,49,'2018-10-14 16:04:08','2018-10-14 16:04:08',7,7,80),(208,49,'2018-10-14 16:04:08','2018-10-14 16:04:08',7,7,80),(209,49,'2018-10-14 16:04:08','2018-10-14 16:04:08',7,7,80),(210,49,'2018-10-14 16:04:08','2018-10-14 16:04:08',7,7,80),(211,49,'2018-10-14 16:04:08','2018-10-14 16:04:08',7,7,80),(212,49,'2018-10-14 16:04:08','2018-10-14 16:04:08',7,7,80),(213,49,'2018-10-14 16:04:08','2018-10-14 16:04:08',7,7,80),(214,49,'2018-10-14 16:04:08','2018-10-14 16:04:08',7,7,80),(215,49,'2018-10-14 16:04:08','2018-10-14 16:04:08',7,7,80),(216,49,'2018-10-14 16:04:08','2018-10-14 16:04:08',7,7,80),(217,49,'2018-10-14 16:04:08','2018-10-14 16:04:08',7,7,80),(218,49,'2018-10-14 16:04:08','2018-10-14 16:04:08',7,7,80),(219,49,'2018-10-14 16:04:08','2018-10-14 16:04:08',7,7,80),(220,49,'2018-10-14 16:04:08','2018-10-14 16:04:08',7,7,80),(221,49,'2018-10-14 16:04:08','2018-10-14 16:04:08',7,7,80),(222,49,'2018-10-14 16:04:08','2018-10-14 16:04:08',7,7,80),(223,49,'2018-10-14 16:04:08','2018-10-14 16:04:08',7,7,80),(224,49,'2018-10-14 16:04:08','2018-10-14 16:04:08',7,7,80),(225,49,'2018-10-14 16:04:08','2018-10-14 16:04:08',7,7,80),(226,49,'2018-10-14 16:04:08','2018-10-14 16:04:08',7,7,80),(227,49,'2018-10-14 16:04:08','2018-10-14 16:04:08',7,7,80),(228,49,'2018-10-14 16:04:08','2018-10-14 16:04:08',7,7,80),(229,49,'2018-10-14 16:04:08','2018-10-14 16:04:08',7,7,80),(230,49,'2018-10-14 16:04:08','2018-10-14 16:04:08',7,7,80),(231,49,'2018-10-14 16:04:08','2018-10-14 16:04:08',7,7,80),(232,49,'2018-10-14 16:04:08','2018-10-14 16:04:08',7,7,80),(233,49,'2018-10-14 16:04:08','2018-10-14 16:04:08',7,7,80),(234,49,'2018-10-14 16:04:08','2018-10-14 16:04:08',7,7,80),(235,49,'2018-10-14 16:04:08','2018-10-14 16:04:08',7,7,80),(236,49,'2018-10-14 16:04:08','2018-10-14 16:04:08',7,7,80),(237,49,'2018-10-14 16:04:08','2018-10-14 16:04:08',7,7,80),(238,63,'2018-10-16 23:02:06','2018-10-16 23:02:06',7,10,100),(239,63,'2018-10-16 23:02:06','2018-10-16 23:02:06',7,10,100),(240,63,'2018-10-16 23:02:06','2018-10-16 23:02:06',7,10,100),(241,63,'2018-10-16 23:02:06','2018-10-16 23:02:06',7,10,100),(242,63,'2018-10-16 23:02:06','2018-10-16 23:02:06',7,10,100),(243,63,'2018-10-16 23:02:06','2018-10-16 23:02:06',7,10,100),(244,63,'2018-10-16 23:02:06','2018-10-16 23:02:06',7,10,100),(245,63,'2018-10-16 23:02:06','2018-10-16 23:02:06',7,10,100),(246,63,'2018-10-16 23:02:06','2018-10-16 23:02:06',7,10,100),(247,63,'2018-10-16 23:02:06','2018-10-16 23:02:06',7,10,100),(248,63,'2018-10-16 23:02:06','2018-10-16 23:02:06',7,10,100),(249,63,'2018-10-16 23:02:06','2018-10-16 23:02:06',7,10,100),(250,63,'2018-10-16 23:02:06','2018-10-16 23:02:06',7,10,100),(251,63,'2018-10-16 23:02:06','2018-10-16 23:02:06',7,10,100),(252,63,'2018-10-16 23:02:06','2018-10-16 23:02:06',7,10,100),(253,63,'2018-10-16 23:02:06','2018-10-16 23:02:06',7,10,100),(254,63,'2018-10-16 23:02:06','2018-10-16 23:02:06',7,10,100),(255,63,'2018-10-16 23:02:06','2018-10-16 23:02:06',7,10,100),(256,63,'2018-10-16 23:02:06','2018-10-16 23:02:06',7,10,100),(257,63,'2018-10-16 23:02:06','2018-10-16 23:02:06',7,10,100),(258,63,'2018-10-16 23:02:06','2018-10-16 23:02:06',7,10,100),(259,63,'2018-10-16 23:02:06','2018-10-16 23:02:06',7,10,100),(260,63,'2018-10-16 23:02:06','2018-10-16 23:02:06',7,10,100),(261,63,'2018-10-16 23:02:06','2018-10-16 23:02:06',7,10,100),(262,63,'2018-10-16 23:02:06','2018-10-16 23:02:06',7,10,100),(263,63,'2018-10-16 23:02:06','2018-10-16 23:02:06',7,10,100),(264,63,'2018-10-16 23:02:06','2018-10-16 23:02:06',7,10,100),(265,63,'2018-10-16 23:02:06','2018-10-16 23:02:06',7,10,100),(266,63,'2018-10-16 23:02:06','2018-10-16 23:02:06',7,10,100),(267,63,'2018-10-16 23:02:06','2018-10-16 23:02:06',7,10,100),(268,63,'2018-10-16 23:02:06','2018-10-16 23:02:06',7,10,100),(269,63,'2018-10-16 23:02:06','2018-10-16 23:02:06',7,10,100),(270,63,'2018-10-16 23:02:06','2018-10-16 23:02:06',7,10,100),(271,63,'2018-10-16 23:02:06','2018-10-16 23:02:06',7,10,100),(272,63,'2018-10-16 23:02:06','2018-10-16 23:02:06',7,10,100),(273,63,'2018-10-16 23:02:06','2018-10-16 23:02:06',7,10,100),(274,63,'2018-10-16 23:02:06','2018-10-16 23:02:06',7,10,100),(275,63,'2018-10-16 23:02:06','2018-10-16 23:02:06',7,10,100),(276,63,'2018-10-16 23:02:06','2018-10-16 23:02:06',7,10,100),(277,63,'2018-10-16 23:02:06','2018-10-16 23:02:06',7,10,100),(278,63,'2018-10-16 23:02:06','2018-10-16 23:02:06',7,10,100),(279,63,'2018-10-16 23:02:06','2018-10-16 23:02:06',7,10,100),(280,63,'2018-10-16 23:02:06','2018-10-16 23:02:06',7,10,100),(281,63,'2018-10-16 23:02:06','2018-10-16 23:02:06',7,10,100),(282,63,'2018-10-16 23:02:06','2018-10-16 23:02:06',7,10,100),(283,63,'2018-10-16 23:02:06','2018-10-16 23:02:06',7,10,100),(284,63,'2018-10-16 23:02:06','2018-10-16 23:02:06',7,10,100),(285,63,'2018-10-16 23:02:06','2018-10-16 23:02:06',7,10,100),(286,63,'2018-10-16 23:02:06','2018-10-16 23:02:06',7,10,100),(287,63,'2018-10-16 23:02:06','2018-10-16 23:02:06',7,10,100),(288,63,'2018-10-16 23:02:06','2018-10-16 23:02:06',7,10,100),(289,63,'2018-10-16 23:02:06','2018-10-16 23:02:06',7,10,100),(290,63,'2018-10-16 23:02:06','2018-10-16 23:02:06',7,10,100),(291,63,'2018-10-16 23:02:06','2018-10-16 23:02:06',7,10,100),(292,63,'2018-10-16 23:02:06','2018-10-16 23:02:06',7,10,100),(293,63,'2018-10-16 23:02:06','2018-10-16 23:02:06',7,10,100),(294,63,'2018-10-16 23:02:06','2018-10-16 23:02:06',7,10,100),(295,63,'2018-10-16 23:02:06','2018-10-16 23:02:06',7,10,100),(296,63,'2018-10-16 23:02:06','2018-10-16 23:02:06',7,10,100),(297,63,'2018-10-16 23:02:06','2018-10-16 23:02:06',7,10,100),(298,63,'2018-10-16 23:02:06','2018-10-16 23:02:06',7,10,100),(299,63,'2018-10-16 23:02:06','2018-10-16 23:02:06',7,10,100),(300,63,'2018-10-16 23:02:06','2018-10-16 23:02:06',7,10,100),(301,63,'2018-10-16 23:02:06','2018-10-16 23:02:06',7,10,100),(302,63,'2018-10-16 23:02:06','2018-10-16 23:02:06',7,10,100),(303,63,'2018-10-16 23:02:06','2018-10-16 23:02:06',7,10,100),(304,63,'2018-10-16 23:02:06','2018-10-16 23:02:06',7,10,100),(305,63,'2018-10-16 23:02:06','2018-10-16 23:02:06',7,10,100),(306,63,'2018-10-16 23:02:06','2018-10-16 23:02:06',7,10,100),(307,63,'2018-10-16 23:02:06','2018-10-16 23:02:06',7,10,100),(308,63,'2018-10-16 23:02:06','2018-10-16 23:02:06',7,10,100),(309,63,'2018-10-16 23:02:06','2018-10-16 23:02:06',7,10,100),(310,63,'2018-10-16 23:02:06','2018-10-16 23:02:06',7,10,100),(311,63,'2018-10-16 23:02:06','2018-10-16 23:02:06',7,10,100),(312,63,'2018-10-16 23:02:06','2018-10-16 23:02:06',7,10,100),(313,63,'2018-10-16 23:02:06','2018-10-16 23:02:06',7,10,100),(314,63,'2018-10-16 23:02:06','2018-10-16 23:02:06',7,10,100),(315,63,'2018-10-16 23:02:06','2018-10-16 23:02:06',7,10,100),(316,63,'2018-10-16 23:02:06','2018-10-16 23:02:06',7,10,100),(317,63,'2018-10-16 23:02:06','2018-10-16 23:02:06',7,10,100),(318,63,'2018-10-16 23:02:06','2018-10-16 23:02:06',7,10,100),(319,63,'2018-10-16 23:02:06','2018-10-16 23:02:06',7,10,100),(320,63,'2018-10-16 23:02:06','2018-10-16 23:02:06',7,10,100),(321,63,'2018-10-16 23:02:06','2018-10-16 23:02:06',7,10,100),(322,63,'2018-10-16 23:02:06','2018-10-16 23:02:06',7,10,100),(323,63,'2018-10-16 23:02:06','2018-10-16 23:02:06',7,10,100),(324,63,'2018-10-16 23:02:06','2018-10-16 23:02:06',7,10,100),(325,63,'2018-10-16 23:02:06','2018-10-16 23:02:06',7,10,100),(326,63,'2018-10-16 23:02:06','2018-10-16 23:02:06',7,10,100),(327,63,'2018-10-16 23:02:06','2018-10-16 23:02:06',7,10,100),(328,63,'2018-10-16 23:02:06','2018-10-16 23:02:06',7,10,100),(329,63,'2018-10-16 23:02:06','2018-10-16 23:02:06',7,10,100),(330,63,'2018-10-16 23:02:06','2018-10-16 23:02:06',7,10,100),(331,63,'2018-10-16 23:02:06','2018-10-16 23:02:06',7,10,100),(332,63,'2018-10-16 23:02:06','2018-10-16 23:02:06',7,10,100),(333,63,'2018-10-16 23:02:06','2018-10-16 23:02:06',7,10,100),(334,63,'2018-10-16 23:02:06','2018-10-16 23:02:06',7,10,100),(335,63,'2018-10-16 23:02:06','2018-10-16 23:02:06',7,10,100),(336,63,'2018-10-16 23:02:06','2018-10-16 23:02:06',7,10,100),(337,63,'2018-10-16 23:02:06','2018-10-16 23:02:06',7,10,100),(338,61,'2018-10-16 23:03:36','2018-10-16 23:03:36',11,1,100),(339,61,'2018-10-16 23:03:36','2018-10-16 23:03:36',11,1,100),(340,61,'2018-10-16 23:03:36','2018-10-16 23:03:36',11,1,100),(341,61,'2018-10-16 23:03:36','2018-10-16 23:03:36',11,1,100),(342,61,'2018-10-16 23:03:36','2018-10-16 23:03:36',11,1,100),(343,61,'2018-10-16 23:03:36','2018-10-16 23:03:36',11,1,100),(344,61,'2018-10-16 23:03:36','2018-10-16 23:03:36',11,1,100),(345,61,'2018-10-16 23:03:36','2018-10-16 23:03:36',11,1,100),(346,61,'2018-10-16 23:03:36','2018-10-16 23:03:36',11,1,100),(347,61,'2018-10-16 23:03:36','2018-10-16 23:03:36',11,1,100),(348,61,'2018-10-16 23:03:36','2018-10-16 23:03:36',11,1,100),(349,61,'2018-10-16 23:03:36','2018-10-16 23:03:36',11,1,100),(350,61,'2018-10-16 23:03:36','2018-10-16 23:03:36',11,1,100),(351,61,'2018-10-16 23:03:36','2018-10-16 23:03:36',11,1,100),(352,61,'2018-10-16 23:03:36','2018-10-16 23:03:36',11,1,100),(353,61,'2018-10-16 23:03:36','2018-10-16 23:03:36',11,1,100),(354,61,'2018-10-16 23:03:36','2018-10-16 23:03:36',11,1,100),(355,61,'2018-10-16 23:03:36','2018-10-16 23:03:36',11,1,100),(356,61,'2018-10-16 23:03:36','2018-10-16 23:03:36',11,1,100),(357,61,'2018-10-16 23:03:36','2018-10-16 23:03:36',11,1,100),(358,61,'2018-10-16 23:03:36','2018-10-16 23:03:36',11,1,100),(359,61,'2018-10-16 23:03:36','2018-10-16 23:03:36',11,1,100),(360,61,'2018-10-16 23:03:36','2018-10-16 23:03:36',11,1,100),(361,61,'2018-10-16 23:03:36','2018-10-16 23:03:36',11,1,100),(362,61,'2018-10-16 23:03:36','2018-10-16 23:03:36',11,1,100),(363,61,'2018-10-16 23:03:36','2018-10-16 23:03:36',11,1,100),(364,61,'2018-10-16 23:03:36','2018-10-16 23:03:36',11,1,100),(365,61,'2018-10-16 23:03:36','2018-10-16 23:03:36',11,1,100),(366,61,'2018-10-16 23:03:36','2018-10-16 23:03:36',11,1,100),(367,61,'2018-10-16 23:03:36','2018-10-16 23:03:36',11,1,100),(368,61,'2018-10-16 23:03:36','2018-10-16 23:03:36',11,1,100),(369,61,'2018-10-16 23:03:36','2018-10-16 23:03:36',11,1,100),(370,61,'2018-10-16 23:03:36','2018-10-16 23:03:36',11,1,100),(371,61,'2018-10-16 23:03:36','2018-10-16 23:03:36',11,1,100),(372,61,'2018-10-16 23:03:36','2018-10-16 23:03:36',11,1,100),(373,61,'2018-10-16 23:03:36','2018-10-16 23:03:36',11,1,100),(374,61,'2018-10-16 23:03:36','2018-10-16 23:03:36',11,1,100),(375,61,'2018-10-16 23:03:36','2018-10-16 23:03:36',11,1,100),(376,61,'2018-10-16 23:03:36','2018-10-16 23:03:36',11,1,100),(377,61,'2018-10-16 23:03:36','2018-10-16 23:03:36',11,1,100),(378,61,'2018-10-16 23:03:36','2018-10-16 23:03:36',11,1,100),(379,61,'2018-10-16 23:03:36','2018-10-16 23:03:36',11,1,100),(380,61,'2018-10-16 23:03:36','2018-10-16 23:03:36',11,1,100),(381,61,'2018-10-16 23:03:36','2018-10-16 23:03:36',11,1,100),(382,61,'2018-10-16 23:03:36','2018-10-16 23:03:36',11,1,100),(383,61,'2018-10-16 23:03:36','2018-10-16 23:03:36',11,1,100),(384,61,'2018-10-16 23:03:36','2018-10-16 23:03:36',11,1,100),(385,61,'2018-10-16 23:03:36','2018-10-16 23:03:36',11,1,100),(386,61,'2018-10-16 23:03:36','2018-10-16 23:03:36',11,1,100),(387,61,'2018-10-16 23:03:36','2018-10-16 23:03:36',11,1,100),(388,61,'2018-10-16 23:03:36','2018-10-16 23:03:36',11,1,100),(389,61,'2018-10-16 23:03:36','2018-10-16 23:03:36',11,1,100),(390,61,'2018-10-16 23:03:36','2018-10-16 23:03:36',11,1,100),(391,61,'2018-10-16 23:03:36','2018-10-16 23:03:36',11,1,100),(392,61,'2018-10-16 23:03:36','2018-10-16 23:03:36',11,1,100),(393,61,'2018-10-16 23:03:36','2018-10-16 23:03:36',11,1,100),(394,61,'2018-10-16 23:03:36','2018-10-16 23:03:36',11,1,100),(395,61,'2018-10-16 23:03:36','2018-10-16 23:03:36',11,1,100),(396,61,'2018-10-16 23:03:36','2018-10-16 23:03:36',11,1,100),(397,61,'2018-10-16 23:03:36','2018-10-16 23:03:36',11,1,100),(398,61,'2018-10-16 23:03:36','2018-10-16 23:03:36',11,1,100),(399,61,'2018-10-16 23:03:36','2018-10-16 23:03:36',11,1,100),(400,61,'2018-10-16 23:03:36','2018-10-16 23:03:36',11,1,100),(401,61,'2018-10-16 23:03:36','2018-10-16 23:03:36',11,1,100),(402,61,'2018-10-16 23:03:36','2018-10-16 23:03:36',11,1,100),(403,61,'2018-10-16 23:03:36','2018-10-16 23:03:36',11,1,100),(404,61,'2018-10-16 23:03:36','2018-10-16 23:03:36',11,1,100),(405,61,'2018-10-16 23:03:36','2018-10-16 23:03:36',11,1,100),(406,61,'2018-10-16 23:03:36','2018-10-16 23:03:36',11,1,100),(407,61,'2018-10-16 23:03:36','2018-10-16 23:03:36',11,1,100),(408,61,'2018-10-16 23:03:36','2018-10-16 23:03:36',11,1,100),(409,61,'2018-10-16 23:03:36','2018-10-16 23:03:36',11,1,100),(410,61,'2018-10-16 23:03:36','2018-10-16 23:03:36',11,1,100),(411,61,'2018-10-16 23:03:36','2018-10-16 23:03:36',11,1,100),(412,61,'2018-10-16 23:03:36','2018-10-16 23:03:36',11,1,100),(413,61,'2018-10-16 23:03:36','2018-10-16 23:03:36',11,1,100),(414,61,'2018-10-16 23:03:36','2018-10-16 23:03:36',11,1,100),(415,61,'2018-10-16 23:03:36','2018-10-16 23:03:36',11,1,100),(416,61,'2018-10-16 23:03:36','2018-10-16 23:03:36',11,1,100),(417,61,'2018-10-16 23:03:36','2018-10-16 23:03:36',11,1,100),(418,61,'2018-10-16 23:03:36','2018-10-16 23:03:36',11,1,100),(419,61,'2018-10-16 23:03:36','2018-10-16 23:03:36',11,1,100),(420,61,'2018-10-16 23:03:36','2018-10-16 23:03:36',11,1,100),(421,61,'2018-10-16 23:03:36','2018-10-16 23:03:36',11,1,100),(422,61,'2018-10-16 23:03:36','2018-10-16 23:03:36',11,1,100),(423,61,'2018-10-16 23:03:36','2018-10-16 23:03:36',11,1,100),(424,61,'2018-10-16 23:03:36','2018-10-16 23:03:36',11,1,100),(425,61,'2018-10-16 23:03:36','2018-10-16 23:03:36',11,1,100),(426,61,'2018-10-16 23:03:36','2018-10-16 23:03:36',11,1,100),(427,61,'2018-10-16 23:03:36','2018-10-16 23:03:36',11,1,100),(428,61,'2018-10-16 23:03:36','2018-10-16 23:03:36',11,1,100),(429,61,'2018-10-16 23:03:36','2018-10-16 23:03:36',11,1,100),(430,61,'2018-10-16 23:03:36','2018-10-16 23:03:36',11,1,100),(431,61,'2018-10-16 23:03:36','2018-10-16 23:03:36',11,1,100),(432,61,'2018-10-16 23:03:36','2018-10-16 23:03:36',11,1,100),(433,61,'2018-10-16 23:03:36','2018-10-16 23:03:36',11,1,100),(434,61,'2018-10-16 23:03:36','2018-10-16 23:03:36',11,1,100),(435,61,'2018-10-16 23:03:36','2018-10-16 23:03:36',11,1,100),(436,61,'2018-10-16 23:03:36','2018-10-16 23:03:36',11,1,100),(437,61,'2018-10-16 23:03:36','2018-10-16 23:03:36',11,1,100),(1038,71,'2018-10-18 01:11:24','2018-10-18 01:11:24',6,7,50),(1039,71,'2018-10-18 01:11:24','2018-10-18 01:11:24',6,7,50),(1040,71,'2018-10-18 01:11:24','2018-10-18 01:11:24',6,7,50),(1041,71,'2018-10-18 01:11:24','2018-10-18 01:11:24',6,7,50),(1042,71,'2018-10-18 01:11:24','2018-10-18 01:11:24',6,7,50),(1043,71,'2018-10-18 01:11:24','2018-10-18 01:11:24',6,7,50),(1044,71,'2018-10-18 01:11:24','2018-10-18 01:11:24',6,7,50),(1045,71,'2018-10-18 01:11:24','2018-10-18 01:11:24',6,7,50),(1046,71,'2018-10-18 01:11:24','2018-10-18 01:11:24',6,7,50),(1047,71,'2018-10-18 01:11:24','2018-10-18 01:11:24',6,7,50),(1048,71,'2018-10-18 01:11:24','2018-10-18 01:11:24',6,7,50),(1049,71,'2018-10-18 01:11:24','2018-10-18 01:11:24',6,7,50),(1050,71,'2018-10-18 01:11:24','2018-10-18 01:11:24',6,7,50),(1051,71,'2018-10-18 01:11:24','2018-10-18 01:11:24',6,7,50),(1052,71,'2018-10-18 01:11:24','2018-10-18 01:11:24',6,7,50),(1053,71,'2018-10-18 01:11:24','2018-10-18 01:11:24',6,7,50),(1054,71,'2018-10-18 01:11:24','2018-10-18 01:11:24',6,7,50),(1055,71,'2018-10-18 01:11:24','2018-10-18 01:11:24',6,7,50),(1056,71,'2018-10-18 01:11:24','2018-10-18 01:11:24',6,7,50),(1057,71,'2018-10-18 01:11:24','2018-10-18 01:11:24',6,7,50),(1058,71,'2018-10-18 01:11:24','2018-10-18 01:11:24',6,7,50),(1059,71,'2018-10-18 01:11:24','2018-10-18 01:11:24',6,7,50),(1060,71,'2018-10-18 01:11:24','2018-10-18 01:11:24',6,7,50),(1061,71,'2018-10-18 01:11:24','2018-10-18 01:11:24',6,7,50),(1062,71,'2018-10-18 01:11:24','2018-10-18 01:11:24',6,7,50),(1063,71,'2018-10-18 01:11:24','2018-10-18 01:11:24',6,7,50),(1064,71,'2018-10-18 01:11:24','2018-10-18 01:11:24',6,7,50),(1065,71,'2018-10-18 01:11:24','2018-10-18 01:11:24',6,7,50),(1066,71,'2018-10-18 01:11:24','2018-10-18 01:11:24',6,7,50),(1067,71,'2018-10-18 01:11:24','2018-10-18 01:11:24',6,7,50),(1068,71,'2018-10-18 01:11:24','2018-10-18 01:11:24',6,7,50),(1069,71,'2018-10-18 01:11:24','2018-10-18 01:11:24',6,7,50),(1070,71,'2018-10-18 01:11:24','2018-10-18 01:11:24',6,7,50),(1071,71,'2018-10-18 01:11:24','2018-10-18 01:11:24',6,7,50),(1072,71,'2018-10-18 01:11:24','2018-10-18 01:11:24',6,7,50),(1073,71,'2018-10-18 01:11:24','2018-10-18 01:11:24',6,7,50),(1074,71,'2018-10-18 01:11:24','2018-10-18 01:11:24',6,7,50),(1075,71,'2018-10-18 01:11:24','2018-10-18 01:11:24',6,7,50),(1076,71,'2018-10-18 01:11:24','2018-10-18 01:11:24',6,7,50),(1077,71,'2018-10-18 01:11:24','2018-10-18 01:11:24',6,7,50),(1078,71,'2018-10-18 01:11:24','2018-10-18 01:11:24',6,7,50),(1079,71,'2018-10-18 01:11:24','2018-10-18 01:11:24',6,7,50),(1080,71,'2018-10-18 01:11:24','2018-10-18 01:11:24',6,7,50),(1081,71,'2018-10-18 01:11:24','2018-10-18 01:11:24',6,7,50),(1082,71,'2018-10-18 01:11:24','2018-10-18 01:11:24',6,7,50),(1083,71,'2018-10-18 01:11:24','2018-10-18 01:11:24',6,7,50),(1084,71,'2018-10-18 01:11:24','2018-10-18 01:11:24',6,7,50),(1085,71,'2018-10-18 01:11:24','2018-10-18 01:11:24',6,7,50),(1086,71,'2018-10-18 01:11:24','2018-10-18 01:11:24',6,7,50),(1087,71,'2018-10-18 01:11:24','2018-10-18 01:11:24',6,7,50),(1088,84,'2018-10-21 03:07:56','2018-10-21 03:07:56',6,10,2),(1089,84,'2018-10-21 03:07:56','2018-10-21 03:07:56',6,10,2),(1090,97,'2018-10-28 11:31:33','2018-10-28 11:31:33',6,7,10),(1091,97,'2018-10-28 11:31:33','2018-10-28 11:31:33',6,7,10),(1092,97,'2018-10-28 11:31:33','2018-10-28 11:31:33',6,7,10),(1093,97,'2018-10-28 11:31:33','2018-10-28 11:31:33',6,7,10),(1094,97,'2018-10-28 11:31:33','2018-10-28 11:31:33',6,7,10),(1095,97,'2018-10-28 11:31:33','2018-10-28 11:31:33',6,7,10),(1096,97,'2018-10-28 11:31:33','2018-10-28 11:31:33',6,7,10),(1097,97,'2018-10-28 11:31:33','2018-10-28 11:31:33',6,7,10),(1098,97,'2018-10-28 11:31:33','2018-10-28 11:31:33',6,7,10),(1099,97,'2018-10-28 11:31:33','2018-10-28 11:31:33',6,7,10),(1100,99,'2018-11-03 14:38:45','2018-11-03 14:38:45',1,7,22),(1101,99,'2018-11-03 14:38:45','2018-11-03 14:38:45',1,7,22),(1102,99,'2018-11-03 14:38:45','2018-11-03 14:38:45',1,7,22),(1103,99,'2018-11-03 14:38:45','2018-11-03 14:38:45',1,7,22),(1104,99,'2018-11-03 14:38:45','2018-11-03 14:38:45',1,7,22),(1105,99,'2018-11-03 14:38:45','2018-11-03 14:38:45',1,7,22),(1106,99,'2018-11-03 14:38:45','2018-11-03 14:38:45',1,7,22),(1107,99,'2018-11-03 14:38:45','2018-11-03 14:38:45',1,7,22),(1108,99,'2018-11-03 14:38:45','2018-11-03 14:38:45',1,7,22),(1109,99,'2018-11-03 14:38:45','2018-11-03 14:38:45',1,7,22),(1110,99,'2018-11-03 14:38:45','2018-11-03 14:38:45',1,7,22),(1111,99,'2018-11-03 14:38:45','2018-11-03 14:38:45',1,7,22),(1112,99,'2018-11-03 14:38:45','2018-11-03 14:38:45',1,7,22),(1113,99,'2018-11-03 14:38:45','2018-11-03 14:38:45',1,7,22),(1114,99,'2018-11-03 14:38:45','2018-11-03 14:38:45',1,7,22),(1115,99,'2018-11-03 14:38:45','2018-11-03 14:38:45',1,7,22),(1116,99,'2018-11-03 14:38:45','2018-11-03 14:38:45',1,7,22),(1117,99,'2018-11-03 14:38:45','2018-11-03 14:38:45',1,7,22),(1118,99,'2018-11-03 14:38:45','2018-11-03 14:38:45',1,7,22),(1119,99,'2018-11-03 14:38:45','2018-11-03 14:38:45',1,7,22),(1120,99,'2018-11-03 14:38:45','2018-11-03 14:38:45',1,7,22),(1121,99,'2018-11-03 14:38:45','2018-11-03 14:38:45',1,7,22),(1122,99,'2018-11-03 14:39:08','2018-11-03 14:39:08',9,13,44),(1123,99,'2018-11-03 14:39:08','2018-11-03 14:39:08',9,13,44),(1124,99,'2018-11-03 14:39:08','2018-11-03 14:39:08',9,13,44),(1125,99,'2018-11-03 14:39:08','2018-11-03 14:39:08',9,13,44),(1126,99,'2018-11-03 14:39:08','2018-11-03 14:39:08',9,13,44),(1127,99,'2018-11-03 14:39:08','2018-11-03 14:39:08',9,13,44),(1128,99,'2018-11-03 14:39:08','2018-11-03 14:39:08',9,13,44),(1129,99,'2018-11-03 14:39:08','2018-11-03 14:39:08',9,13,44),(1130,99,'2018-11-03 14:39:08','2018-11-03 14:39:08',9,13,44),(1131,99,'2018-11-03 14:39:08','2018-11-03 14:39:08',9,13,44),(1132,99,'2018-11-03 14:39:08','2018-11-03 14:39:08',9,13,44),(1133,99,'2018-11-03 14:39:08','2018-11-03 14:39:08',9,13,44),(1134,99,'2018-11-03 14:39:08','2018-11-03 14:39:08',9,13,44),(1135,99,'2018-11-03 14:39:08','2018-11-03 14:39:08',9,13,44),(1136,99,'2018-11-03 14:39:08','2018-11-03 14:39:08',9,13,44),(1137,99,'2018-11-03 14:39:08','2018-11-03 14:39:08',9,13,44),(1138,99,'2018-11-03 14:39:08','2018-11-03 14:39:08',9,13,44),(1139,99,'2018-11-03 14:39:08','2018-11-03 14:39:08',9,13,44),(1140,99,'2018-11-03 14:39:08','2018-11-03 14:39:08',9,13,44),(1141,99,'2018-11-03 14:39:08','2018-11-03 14:39:08',9,13,44),(1142,99,'2018-11-03 14:39:08','2018-11-03 14:39:08',9,13,44),(1143,99,'2018-11-03 14:39:08','2018-11-03 14:39:08',9,13,44),(1144,99,'2018-11-03 14:39:08','2018-11-03 14:39:08',9,13,44),(1145,99,'2018-11-03 14:39:08','2018-11-03 14:39:08',9,13,44),(1146,99,'2018-11-03 14:39:08','2018-11-03 14:39:08',9,13,44),(1147,99,'2018-11-03 14:39:08','2018-11-03 14:39:08',9,13,44),(1148,99,'2018-11-03 14:39:08','2018-11-03 14:39:08',9,13,44),(1149,99,'2018-11-03 14:39:08','2018-11-03 14:39:08',9,13,44),(1150,99,'2018-11-03 14:39:08','2018-11-03 14:39:08',9,13,44),(1151,99,'2018-11-03 14:39:08','2018-11-03 14:39:08',9,13,44),(1152,99,'2018-11-03 14:39:08','2018-11-03 14:39:08',9,13,44),(1153,99,'2018-11-03 14:39:08','2018-11-03 14:39:08',9,13,44),(1154,99,'2018-11-03 14:39:08','2018-11-03 14:39:08',9,13,44),(1155,99,'2018-11-03 14:39:08','2018-11-03 14:39:08',9,13,44),(1156,99,'2018-11-03 14:39:08','2018-11-03 14:39:08',9,13,44),(1157,99,'2018-11-03 14:39:08','2018-11-03 14:39:08',9,13,44),(1158,99,'2018-11-03 14:39:08','2018-11-03 14:39:08',9,13,44),(1159,99,'2018-11-03 14:39:08','2018-11-03 14:39:08',9,13,44),(1160,99,'2018-11-03 14:39:08','2018-11-03 14:39:08',9,13,44),(1161,99,'2018-11-03 14:39:08','2018-11-03 14:39:08',9,13,44),(1162,99,'2018-11-03 14:39:08','2018-11-03 14:39:08',9,13,44),(1163,99,'2018-11-03 14:39:08','2018-11-03 14:39:08',9,13,44),(1164,99,'2018-11-03 14:39:08','2018-11-03 14:39:08',9,13,44),(1165,99,'2018-11-03 14:39:08','2018-11-03 14:39:08',9,13,44),(1166,90,'2018-11-10 18:53:57','2018-11-10 18:53:57',6,10,500),(1167,92,'2018-11-10 18:53:57','2018-11-10 18:53:57',9,9,500),(1168,92,'2018-11-10 18:53:57','2018-11-10 18:53:57',9,9,500),(1169,92,'2018-11-10 18:53:57','2018-11-10 18:53:57',9,9,500),(1170,92,'2018-11-10 18:53:57','2018-11-10 18:53:57',9,9,500),(1171,92,'2018-11-10 18:53:57','2018-11-10 18:53:57',9,9,500),(1172,92,'2018-11-10 18:53:57','2018-11-10 18:53:57',9,9,500),(1173,91,'2018-11-10 18:53:57','2018-11-10 18:53:57',9,9,500),(1174,91,'2018-11-10 18:53:57','2018-11-10 18:53:57',9,9,500),(1175,91,'2018-11-10 18:53:57','2018-11-10 18:53:57',9,9,500),(1176,91,'2018-11-10 18:53:57','2018-11-10 18:53:57',9,9,500),(1177,91,'2018-11-10 18:53:57','2018-11-10 18:53:57',9,9,500),(1178,91,'2018-11-10 18:53:57','2018-11-10 18:53:57',9,9,500),(1179,91,'2018-11-10 18:53:57','2018-11-10 18:53:57',9,9,500),(1180,91,'2018-11-10 18:53:57','2018-11-10 18:53:57',9,9,500),(1181,91,'2018-11-10 18:53:57','2018-11-10 18:53:57',9,9,500),(1182,91,'2018-11-10 18:53:57','2018-11-10 18:53:57',9,9,500),(1183,91,'2018-11-10 18:53:57','2018-11-10 18:53:57',9,9,500),(1184,91,'2018-11-10 18:53:57','2018-11-10 18:53:57',9,9,500),(1185,91,'2018-11-10 18:53:57','2018-11-10 18:53:57',9,9,500),(1186,92,'2018-11-10 18:53:57','2018-11-10 18:53:57',9,9,500),(1187,91,'2018-11-10 18:53:57','2018-11-10 18:53:57',9,9,500),(1188,92,'2018-11-10 18:53:57','2018-11-10 18:53:57',9,9,500),(1189,92,'2018-11-10 18:53:57','2018-11-10 18:53:57',9,9,500),(1190,92,'2018-11-10 18:53:57','2018-11-10 18:53:57',9,9,500),(1191,92,'2018-11-10 18:53:57','2018-11-10 18:53:57',9,9,500),(1192,92,'2018-11-10 18:53:57','2018-11-10 18:53:57',9,9,500),(1193,92,'2018-11-10 18:53:57','2018-11-10 18:53:57',9,9,500),(1194,92,'2018-11-10 18:53:57','2018-11-10 18:53:57',9,9,500),(1195,92,'2018-11-10 18:53:57','2018-11-10 18:53:57',9,9,500),(1196,92,'2018-11-10 18:53:57','2018-11-10 18:53:57',9,9,500),(1197,92,'2018-11-10 18:53:57','2018-11-10 18:53:57',9,9,500),(1198,92,'2018-11-10 18:53:57','2018-11-10 18:53:57',9,9,500),(1199,92,'2018-11-10 18:53:57','2018-11-10 18:53:57',9,9,500),(1200,92,'2018-11-10 18:53:57','2018-11-10 18:53:57',9,9,500),(1201,92,'2018-11-10 18:53:57','2018-11-10 18:53:57',9,9,500),(1202,92,'2018-11-10 18:53:57','2018-11-10 18:53:57',9,9,500),(1203,92,'2018-11-10 18:53:57','2018-11-10 18:53:57',9,9,500),(1204,92,'2018-11-10 18:53:57','2018-11-10 18:53:57',9,9,500),(1205,92,'2018-11-10 18:53:57','2018-11-10 18:53:57',9,9,500),(1206,92,'2018-11-10 18:53:57','2018-11-10 18:53:57',9,9,500),(1207,92,'2018-11-10 18:53:57','2018-11-10 18:53:57',9,9,500),(1208,92,'2018-11-10 18:53:57','2018-11-10 18:53:57',9,9,500),(1209,92,'2018-11-10 18:53:57','2018-11-10 18:53:57',9,9,500),(1210,91,'2018-11-10 18:53:57','2018-11-10 18:53:57',9,9,500),(1211,91,'2018-11-10 18:53:57','2018-11-10 18:53:57',9,9,500),(1212,91,'2018-11-10 18:53:57','2018-11-10 18:53:57',9,9,500),(1213,91,'2018-11-10 18:53:57','2018-11-10 18:53:57',9,9,500),(1214,91,'2018-11-10 18:53:57','2018-11-10 18:53:57',9,9,500),(1215,91,'2018-11-10 18:53:57','2018-11-10 18:53:57',9,9,500),(1216,91,'2018-11-10 18:53:57','2018-11-10 18:53:57',9,9,500),(1217,91,'2018-11-10 18:53:57','2018-11-10 18:53:57',9,9,500),(1218,91,'2018-11-10 18:53:57','2018-11-10 18:53:57',9,9,500),(1219,91,'2018-11-10 18:53:57','2018-11-10 18:53:57',9,9,500),(1220,91,'2018-11-10 18:53:57','2018-11-10 18:53:57',9,9,500),(1221,91,'2018-11-10 18:53:57','2018-11-10 18:53:57',9,9,500),(1222,91,'2018-11-10 18:53:57','2018-11-10 18:53:57',9,9,500),(1223,91,'2018-11-10 18:53:57','2018-11-10 18:53:57',9,9,500),(1224,91,'2018-11-10 18:53:57','2018-11-10 18:53:57',9,9,500),(1225,91,'2018-11-10 18:53:57','2018-11-10 18:53:57',9,9,500),(1226,91,'2018-11-10 18:53:57','2018-11-10 18:53:57',9,9,500),(1227,91,'2018-11-10 18:53:57','2018-11-10 18:53:57',9,9,500),(1228,91,'2018-11-10 18:53:57','2018-11-10 18:53:57',9,9,500),(1229,91,'2018-11-10 18:53:57','2018-11-10 18:53:57',9,9,500),(1230,91,'2018-11-10 18:53:57','2018-11-10 18:53:57',9,9,500),(1231,91,'2018-11-10 18:53:57','2018-11-10 18:53:57',9,9,500),(1232,91,'2018-11-10 18:53:57','2018-11-10 18:53:57',9,9,500),(1233,91,'2018-11-10 18:53:57','2018-11-10 18:53:57',9,9,500),(1234,91,'2018-11-10 18:53:57','2018-11-10 18:53:57',9,9,500),(1235,91,'2018-11-10 18:53:57','2018-11-10 18:53:57',9,9,500),(1236,91,'2018-11-10 18:53:57','2018-11-10 18:53:57',9,9,500),(1237,91,'2018-11-10 18:53:57','2018-11-10 18:53:57',9,9,500),(1238,91,'2018-11-10 18:53:57','2018-11-10 18:53:57',9,9,500),(1239,91,'2018-11-10 18:53:57','2018-11-10 18:53:57',9,9,500),(1240,91,'2018-11-10 18:53:57','2018-11-10 18:53:57',9,9,500),(1241,91,'2018-11-10 18:53:57','2018-11-10 18:53:57',9,9,500),(1242,91,'2018-11-10 18:53:58','2018-11-10 18:53:58',9,9,500),(1243,91,'2018-11-10 18:53:58','2018-11-10 18:53:58',9,9,500),(1244,91,'2018-11-10 18:53:58','2018-11-10 18:53:58',9,9,500),(1245,92,'2018-11-10 18:53:58','2018-11-10 18:53:58',9,9,500),(1246,91,'2018-11-10 18:53:58','2018-11-10 18:53:58',9,9,500),(1247,91,'2018-11-10 18:53:58','2018-11-10 18:53:58',9,9,500),(1248,91,'2018-11-10 18:53:58','2018-11-10 18:53:58',9,9,500),(1249,91,'2018-11-10 18:53:58','2018-11-10 18:53:58',9,9,500),(1250,91,'2018-11-10 18:53:58','2018-11-10 18:53:58',9,9,500),(1251,91,'2018-11-10 18:53:58','2018-11-10 18:53:58',9,9,500),(1252,91,'2018-11-10 18:53:58','2018-11-10 18:53:58',9,9,500),(1253,91,'2018-11-10 18:53:58','2018-11-10 18:53:58',9,9,500),(1254,91,'2018-11-10 18:53:58','2018-11-10 18:53:58',9,9,500),(1255,91,'2018-11-10 18:53:58','2018-11-10 18:53:58',9,9,500),(1256,91,'2018-11-10 18:53:58','2018-11-10 18:53:58',9,9,500),(1257,92,'2018-11-10 18:53:58','2018-11-10 18:53:58',9,9,500),(1258,92,'2018-11-10 18:53:58','2018-11-10 18:53:58',9,9,500),(1259,92,'2018-11-10 18:53:58','2018-11-10 18:53:58',9,9,500),(1260,92,'2018-11-10 18:53:58','2018-11-10 18:53:58',9,9,500),(1261,92,'2018-11-10 18:53:58','2018-11-10 18:53:58',9,9,500),(1262,92,'2018-11-10 18:53:58','2018-11-10 18:53:58',9,9,500),(1263,92,'2018-11-10 18:53:58','2018-11-10 18:53:58',9,9,500),(1264,92,'2018-11-10 18:53:58','2018-11-10 18:53:58',9,9,500),(1265,92,'2018-11-10 18:53:58','2018-11-10 18:53:58',9,9,500),(1266,92,'2018-11-10 18:53:58','2018-11-10 18:53:58',9,9,500),(1267,92,'2018-11-10 18:53:58','2018-11-10 18:53:58',9,9,500),(1268,92,'2018-11-10 18:53:58','2018-11-10 18:53:58',9,9,500),(1269,92,'2018-11-10 18:53:58','2018-11-10 18:53:58',9,9,500),(1270,92,'2018-11-10 18:53:58','2018-11-10 18:53:58',9,9,500),(1271,92,'2018-11-10 18:53:58','2018-11-10 18:53:58',9,9,500),(1272,92,'2018-11-10 18:53:58','2018-11-10 18:53:58',9,9,500),(1273,92,'2018-11-10 18:53:58','2018-11-10 18:53:58',9,9,500),(1274,92,'2018-11-10 18:53:58','2018-11-10 18:53:58',9,9,500),(1275,92,'2018-11-10 18:53:58','2018-11-10 18:53:58',9,9,500),(1276,92,'2018-11-10 18:53:58','2018-11-10 18:53:58',9,9,500),(1277,92,'2018-11-10 18:53:58','2018-11-10 18:53:58',9,9,500),(1278,92,'2018-11-10 18:53:58','2018-11-10 18:53:58',9,9,500),(1279,92,'2018-11-10 18:53:58','2018-11-10 18:53:58',9,9,500),(1280,92,'2018-11-10 18:53:58','2018-11-10 18:53:58',9,9,500),(1281,92,'2018-11-10 18:53:58','2018-11-10 18:53:58',9,9,500),(1282,92,'2018-11-10 18:53:58','2018-11-10 18:53:58',9,9,500),(1283,92,'2018-11-10 18:53:58','2018-11-10 18:53:58',9,9,500),(1284,92,'2018-11-10 18:53:58','2018-11-10 18:53:58',9,9,500),(1285,92,'2018-11-10 18:53:58','2018-11-10 18:53:58',9,9,500),(1286,92,'2018-11-10 18:53:58','2018-11-10 18:53:58',9,9,500),(1287,92,'2018-11-10 18:53:58','2018-11-10 18:53:58',9,9,500),(1288,92,'2018-11-10 18:53:58','2018-11-10 18:53:58',9,9,500),(1289,92,'2018-11-10 18:53:58','2018-11-10 18:53:58',9,9,500),(1290,92,'2018-11-10 18:53:58','2018-11-10 18:53:58',9,9,500),(1291,92,'2018-11-10 18:53:58','2018-11-10 18:53:58',9,9,500),(1292,92,'2018-11-10 18:53:58','2018-11-10 18:53:58',9,9,500),(1293,92,'2018-11-10 18:53:58','2018-11-10 18:53:58',9,9,500),(1294,92,'2018-11-10 18:53:58','2018-11-10 18:53:58',9,9,500),(1295,92,'2018-11-10 18:53:58','2018-11-10 18:53:58',9,9,500),(1296,92,'2018-11-10 18:53:58','2018-11-10 18:53:58',9,9,500),(1297,92,'2018-11-10 18:53:58','2018-11-10 18:53:58',9,9,500),(1298,92,'2018-11-10 18:53:58','2018-11-10 18:53:58',9,9,500),(1299,92,'2018-11-10 18:53:58','2018-11-10 18:53:58',9,9,500),(1300,92,'2018-11-10 18:53:58','2018-11-10 18:53:58',9,9,500),(1301,92,'2018-11-10 18:53:58','2018-11-10 18:53:58',9,9,500),(1302,92,'2018-11-10 18:53:58','2018-11-10 18:53:58',9,9,500),(1303,92,'2018-11-10 18:53:58','2018-11-10 18:53:58',9,9,500),(1304,91,'2018-11-10 18:53:58','2018-11-10 18:53:58',9,9,500),(1305,92,'2018-11-10 18:53:58','2018-11-10 18:53:58',9,9,500),(1306,92,'2018-11-10 18:53:58','2018-11-10 18:53:58',9,9,500),(1307,92,'2018-11-10 18:53:58','2018-11-10 18:53:58',9,9,500),(1308,92,'2018-11-10 18:53:58','2018-11-10 18:53:58',9,9,500),(1309,92,'2018-11-10 18:53:58','2018-11-10 18:53:58',9,9,500),(1310,92,'2018-11-10 18:53:58','2018-11-10 18:53:58',9,9,500),(1311,92,'2018-11-10 18:53:58','2018-11-10 18:53:58',9,9,500),(1312,92,'2018-11-10 18:53:58','2018-11-10 18:53:58',9,9,500),(1313,92,'2018-11-10 18:53:58','2018-11-10 18:53:58',9,9,500),(1314,92,'2018-11-10 18:53:58','2018-11-10 18:53:58',9,9,500),(1315,92,'2018-11-10 18:53:58','2018-11-10 18:53:58',9,9,500),(1316,92,'2018-11-10 18:53:58','2018-11-10 18:53:58',9,9,500),(1317,92,'2018-11-10 18:53:58','2018-11-10 18:53:58',9,9,500),(1318,92,'2018-11-10 18:53:58','2018-11-10 18:53:58',9,9,500),(1319,92,'2018-11-10 18:53:58','2018-11-10 18:53:58',9,9,500),(1320,92,'2018-11-10 18:53:58','2018-11-10 18:53:58',9,9,500),(1321,92,'2018-11-10 18:53:58','2018-11-10 18:53:58',9,9,500),(1322,92,'2018-11-10 18:53:58','2018-11-10 18:53:58',9,9,500),(1323,92,'2018-11-10 18:53:58','2018-11-10 18:53:58',9,9,500),(1324,92,'2018-11-10 18:53:58','2018-11-10 18:53:58',9,9,500),(1325,92,'2018-11-10 18:53:58','2018-11-10 18:53:58',9,9,500),(1326,92,'2018-11-10 18:53:58','2018-11-10 18:53:58',9,9,500),(1327,92,'2018-11-10 18:53:58','2018-11-10 18:53:58',9,9,500),(1328,92,'2018-11-10 18:53:58','2018-11-10 18:53:58',9,9,500),(1329,92,'2018-11-10 18:53:58','2018-11-10 18:53:58',9,9,500),(1330,92,'2018-11-10 18:53:58','2018-11-10 18:53:58',9,9,500),(1331,92,'2018-11-10 18:53:58','2018-11-10 18:53:58',9,9,500),(1332,92,'2018-11-10 18:53:58','2018-11-10 18:53:58',9,9,500),(1333,92,'2018-11-10 18:53:58','2018-11-10 18:53:58',9,9,500),(1334,92,'2018-11-10 18:53:58','2018-11-10 18:53:58',9,9,500),(1335,92,'2018-11-10 18:53:58','2018-11-10 18:53:58',9,9,500),(1336,92,'2018-11-10 18:53:58','2018-11-10 18:53:58',9,9,500),(1337,92,'2018-11-10 18:53:58','2018-11-10 18:53:58',9,9,500),(1338,92,'2018-11-10 18:53:58','2018-11-10 18:53:58',9,9,500),(1339,92,'2018-11-10 18:53:58','2018-11-10 18:53:58',9,9,500),(1340,92,'2018-11-10 18:53:58','2018-11-10 18:53:58',9,9,500),(1341,92,'2018-11-10 18:53:58','2018-11-10 18:53:58',9,9,500),(1342,92,'2018-11-10 18:53:58','2018-11-10 18:53:58',9,9,500),(1343,92,'2018-11-10 18:53:58','2018-11-10 18:53:58',9,9,500),(1344,92,'2018-11-10 18:53:58','2018-11-10 18:53:58',9,9,500),(1345,92,'2018-11-10 18:53:58','2018-11-10 18:53:58',9,9,500),(1346,92,'2018-11-10 18:53:58','2018-11-10 18:53:58',9,9,500),(1347,92,'2018-11-10 18:53:58','2018-11-10 18:53:58',9,9,500),(1348,92,'2018-11-10 18:53:58','2018-11-10 18:53:58',9,9,500),(1349,92,'2018-11-10 18:53:58','2018-11-10 18:53:58',9,9,500),(1350,92,'2018-11-10 18:53:58','2018-11-10 18:53:58',9,9,500),(1351,91,'2018-11-10 18:53:58','2018-11-10 18:53:58',9,9,500),(1352,91,'2018-11-10 18:53:58','2018-11-10 18:53:58',9,9,500),(1353,91,'2018-11-10 18:53:58','2018-11-10 18:53:58',9,9,500),(1354,91,'2018-11-10 18:53:58','2018-11-10 18:53:58',9,9,500),(1355,91,'2018-11-10 18:53:58','2018-11-10 18:53:58',9,9,500),(1356,91,'2018-11-10 18:53:58','2018-11-10 18:53:58',9,9,500),(1357,91,'2018-11-10 18:53:58','2018-11-10 18:53:58',9,9,500),(1358,91,'2018-11-10 18:53:58','2018-11-10 18:53:58',9,9,500),(1359,91,'2018-11-10 18:53:58','2018-11-10 18:53:58',9,9,500),(1360,91,'2018-11-10 18:53:58','2018-11-10 18:53:58',9,9,500),(1361,91,'2018-11-10 18:53:58','2018-11-10 18:53:58',9,9,500),(1362,91,'2018-11-10 18:53:58','2018-11-10 18:53:58',9,9,500),(1363,91,'2018-11-10 18:53:58','2018-11-10 18:53:58',9,9,500),(1364,91,'2018-11-10 18:53:58','2018-11-10 18:53:58',9,9,500),(1365,91,'2018-11-10 18:53:58','2018-11-10 18:53:58',9,9,500),(1366,91,'2018-11-10 18:53:58','2018-11-10 18:53:58',9,9,500),(1367,91,'2018-11-10 18:53:58','2018-11-10 18:53:58',9,9,500),(1368,91,'2018-11-10 18:53:58','2018-11-10 18:53:58',9,9,500),(1369,91,'2018-11-10 18:53:58','2018-11-10 18:53:58',9,9,500),(1370,91,'2018-11-10 18:53:58','2018-11-10 18:53:58',9,9,500),(1371,91,'2018-11-10 18:53:58','2018-11-10 18:53:58',9,9,500),(1372,91,'2018-11-10 18:53:58','2018-11-10 18:53:58',9,9,500),(1373,91,'2018-11-10 18:53:58','2018-11-10 18:53:58',9,9,500),(1374,91,'2018-11-10 18:53:58','2018-11-10 18:53:58',9,9,500),(1375,91,'2018-11-10 18:53:58','2018-11-10 18:53:58',9,9,500),(1376,91,'2018-11-10 18:53:58','2018-11-10 18:53:58',9,9,500),(1377,91,'2018-11-10 18:53:58','2018-11-10 18:53:58',9,9,500),(1378,91,'2018-11-10 18:53:58','2018-11-10 18:53:58',9,9,500),(1379,91,'2018-11-10 18:53:58','2018-11-10 18:53:58',9,9,500),(1380,91,'2018-11-10 18:53:58','2018-11-10 18:53:58',9,9,500),(1381,91,'2018-11-10 18:53:58','2018-11-10 18:53:58',9,9,500),(1382,91,'2018-11-10 18:53:58','2018-11-10 18:53:58',9,9,500),(1383,91,'2018-11-10 18:53:58','2018-11-10 18:53:58',9,9,500),(1384,91,'2018-11-10 18:53:58','2018-11-10 18:53:58',9,9,500),(1385,91,'2018-11-10 18:53:58','2018-11-10 18:53:58',9,9,500),(1386,91,'2018-11-10 18:53:58','2018-11-10 18:53:58',9,9,500),(1387,91,'2018-11-10 18:53:58','2018-11-10 18:53:58',9,9,500),(1388,91,'2018-11-10 18:53:58','2018-11-10 18:53:58',9,9,500),(1389,91,'2018-11-10 18:53:58','2018-11-10 18:53:58',9,9,500),(1390,91,'2018-11-10 18:53:58','2018-11-10 18:53:58',9,9,500),(1391,91,'2018-11-10 18:53:58','2018-11-10 18:53:58',9,9,500),(1392,91,'2018-11-10 18:53:58','2018-11-10 18:53:58',9,9,500),(1393,91,'2018-11-10 18:53:58','2018-11-10 18:53:58',9,9,500),(1394,91,'2018-11-10 18:53:58','2018-11-10 18:53:58',9,9,500),(1395,91,'2018-11-10 18:53:58','2018-11-10 18:53:58',9,9,500),(1396,91,'2018-11-10 18:53:58','2018-11-10 18:53:58',9,9,500),(1397,91,'2018-11-10 18:53:58','2018-11-10 18:53:58',9,9,500),(1398,91,'2018-11-10 18:53:58','2018-11-10 18:53:58',9,9,500),(1399,91,'2018-11-10 18:53:58','2018-11-10 18:53:58',9,9,500),(1400,91,'2018-11-10 18:53:58','2018-11-10 18:53:58',9,9,500),(1401,91,'2018-11-10 18:53:58','2018-11-10 18:53:58',9,9,500),(1402,91,'2018-11-10 18:53:58','2018-11-10 18:53:58',9,9,500),(1403,91,'2018-11-10 18:53:58','2018-11-10 18:53:58',9,9,500),(1404,91,'2018-11-10 18:53:58','2018-11-10 18:53:58',9,9,500),(1405,91,'2018-11-10 18:53:58','2018-11-10 18:53:58',9,9,500),(1406,91,'2018-11-10 18:53:58','2018-11-10 18:53:58',9,9,500),(1407,91,'2018-11-10 18:53:58','2018-11-10 18:53:58',9,9,500),(1408,91,'2018-11-10 18:53:58','2018-11-10 18:53:58',9,9,500),(1409,91,'2018-11-10 18:53:58','2018-11-10 18:53:58',9,9,500),(1410,91,'2018-11-10 18:53:58','2018-11-10 18:53:58',9,9,500),(1411,91,'2018-11-10 18:53:58','2018-11-10 18:53:58',9,9,500),(1412,91,'2018-11-10 18:53:58','2018-11-10 18:53:58',9,9,500),(1413,91,'2018-11-10 18:53:58','2018-11-10 18:53:58',9,9,500),(1414,91,'2018-11-10 18:53:58','2018-11-10 18:53:58',9,9,500),(1415,91,'2018-11-10 18:53:58','2018-11-10 18:53:58',9,9,500),(1416,91,'2018-11-10 18:53:58','2018-11-10 18:53:58',9,9,500),(1417,91,'2018-11-10 18:53:58','2018-11-10 18:53:58',9,9,500),(1418,91,'2018-11-10 18:53:58','2018-11-10 18:53:58',9,9,500),(1419,91,'2018-11-10 18:53:58','2018-11-10 18:53:58',9,9,500),(1420,91,'2018-11-10 18:53:58','2018-11-10 18:53:58',9,9,500),(1421,91,'2018-11-10 18:53:58','2018-11-10 18:53:58',9,9,500),(1422,91,'2018-11-10 18:53:58','2018-11-10 18:53:58',9,9,500),(1423,91,'2018-11-10 18:53:58','2018-11-10 18:53:58',9,9,500),(1424,91,'2018-11-10 18:53:58','2018-11-10 18:53:58',9,9,500),(1425,91,'2018-11-10 18:53:58','2018-11-10 18:53:58',9,9,500),(1426,91,'2018-11-10 18:53:58','2018-11-10 18:53:58',9,9,500),(1427,91,'2018-11-10 18:53:58','2018-11-10 18:53:58',9,9,500),(1428,91,'2018-11-10 18:53:58','2018-11-10 18:53:58',9,9,500),(1429,91,'2018-11-10 18:53:58','2018-11-10 18:53:58',9,9,500),(1430,91,'2018-11-10 18:53:58','2018-11-10 18:53:58',9,9,500),(1431,91,'2018-11-10 18:53:58','2018-11-10 18:53:58',9,9,500),(1432,91,'2018-11-10 18:53:58','2018-11-10 18:53:58',9,9,500),(1433,91,'2018-11-10 18:53:58','2018-11-10 18:53:58',9,9,500),(1434,91,'2018-11-10 18:53:58','2018-11-10 18:53:58',9,9,500),(1435,91,'2018-11-10 18:53:58','2018-11-10 18:53:58',9,9,500),(1436,91,'2018-11-10 18:53:58','2018-11-10 18:53:58',9,9,500),(1437,91,'2018-11-10 18:53:58','2018-11-10 18:53:58',9,9,500),(1438,91,'2018-11-10 18:53:58','2018-11-10 18:53:58',9,9,500),(1439,91,'2018-11-10 18:53:58','2018-11-10 18:53:58',9,9,500),(1440,91,'2018-11-10 18:53:58','2018-11-10 18:53:58',9,9,500),(1441,91,'2018-11-10 18:53:58','2018-11-10 18:53:58',9,9,500),(1442,91,'2018-11-10 18:53:58','2018-11-10 18:53:58',9,9,500),(1443,91,'2018-11-10 18:53:58','2018-11-10 18:53:58',9,9,500),(1444,91,'2018-11-10 18:53:58','2018-11-10 18:53:58',9,9,500),(1445,92,'2018-11-10 18:53:58','2018-11-10 18:53:58',9,9,500),(1446,91,'2018-11-10 18:53:58','2018-11-10 18:53:58',9,9,500),(1447,91,'2018-11-10 18:53:58','2018-11-10 18:53:58',9,9,500),(1448,91,'2018-11-10 18:53:58','2018-11-10 18:53:58',9,9,500),(1449,91,'2018-11-10 18:53:58','2018-11-10 18:53:58',9,9,500),(1450,91,'2018-11-10 18:53:58','2018-11-10 18:53:58',9,9,500),(1451,91,'2018-11-10 18:53:58','2018-11-10 18:53:58',9,9,500),(1452,91,'2018-11-10 18:53:58','2018-11-10 18:53:58',9,9,500),(1453,91,'2018-11-10 18:53:58','2018-11-10 18:53:58',9,9,500),(1454,91,'2018-11-10 18:53:58','2018-11-10 18:53:58',9,9,500),(1455,91,'2018-11-10 18:53:58','2018-11-10 18:53:58',9,9,500),(1456,91,'2018-11-10 18:53:58','2018-11-10 18:53:58',9,9,500),(1457,91,'2018-11-10 18:53:58','2018-11-10 18:53:58',9,9,500),(1458,91,'2018-11-10 18:53:58','2018-11-10 18:53:58',9,9,500),(1459,91,'2018-11-10 18:53:58','2018-11-10 18:53:58',9,9,500),(1460,91,'2018-11-10 18:53:58','2018-11-10 18:53:58',9,9,500),(1461,91,'2018-11-10 18:53:58','2018-11-10 18:53:58',9,9,500),(1462,91,'2018-11-10 18:53:58','2018-11-10 18:53:58',9,9,500),(1463,91,'2018-11-10 18:53:58','2018-11-10 18:53:58',9,9,500),(1464,91,'2018-11-10 18:53:58','2018-11-10 18:53:58',9,9,500),(1465,91,'2018-11-10 18:53:58','2018-11-10 18:53:58',9,9,500),(1466,91,'2018-11-10 18:53:58','2018-11-10 18:53:58',9,9,500),(1467,91,'2018-11-10 18:53:58','2018-11-10 18:53:58',9,9,500),(1468,91,'2018-11-10 18:53:58','2018-11-10 18:53:58',9,9,500),(1469,91,'2018-11-10 18:53:58','2018-11-10 18:53:58',9,9,500),(1470,91,'2018-11-10 18:53:58','2018-11-10 18:53:58',9,9,500),(1471,91,'2018-11-10 18:53:58','2018-11-10 18:53:58',9,9,500),(1472,91,'2018-11-10 18:53:58','2018-11-10 18:53:58',9,9,500),(1473,91,'2018-11-10 18:53:58','2018-11-10 18:53:58',9,9,500),(1474,91,'2018-11-10 18:53:58','2018-11-10 18:53:58',9,9,500),(1475,91,'2018-11-10 18:53:58','2018-11-10 18:53:58',9,9,500),(1476,91,'2018-11-10 18:53:58','2018-11-10 18:53:58',9,9,500),(1477,91,'2018-11-10 18:53:58','2018-11-10 18:53:58',9,9,500),(1478,91,'2018-11-10 18:53:58','2018-11-10 18:53:58',9,9,500),(1479,91,'2018-11-10 18:53:58','2018-11-10 18:53:58',9,9,500),(1480,91,'2018-11-10 18:53:58','2018-11-10 18:53:58',9,9,500),(1481,91,'2018-11-10 18:53:58','2018-11-10 18:53:58',9,9,500),(1482,91,'2018-11-10 18:53:58','2018-11-10 18:53:58',9,9,500),(1483,91,'2018-11-10 18:53:58','2018-11-10 18:53:58',9,9,500),(1484,91,'2018-11-10 18:53:58','2018-11-10 18:53:58',9,9,500),(1485,91,'2018-11-10 18:53:58','2018-11-10 18:53:58',9,9,500),(1486,91,'2018-11-10 18:53:58','2018-11-10 18:53:58',9,9,500),(1487,91,'2018-11-10 18:53:58','2018-11-10 18:53:58',9,9,500),(1488,91,'2018-11-10 18:53:58','2018-11-10 18:53:58',9,9,500),(1489,91,'2018-11-10 18:53:58','2018-11-10 18:53:58',9,9,500),(1490,91,'2018-11-10 18:53:58','2018-11-10 18:53:58',9,9,500),(1491,91,'2018-11-10 18:53:58','2018-11-10 18:53:58',9,9,500),(1492,91,'2018-11-10 18:53:58','2018-11-10 18:53:58',9,9,500),(1493,91,'2018-11-10 18:53:58','2018-11-10 18:53:58',9,9,500),(1494,91,'2018-11-10 18:53:58','2018-11-10 18:53:58',9,9,500),(1495,91,'2018-11-10 18:53:58','2018-11-10 18:53:58',9,9,500),(1496,91,'2018-11-10 18:53:58','2018-11-10 18:53:58',9,9,500),(1497,91,'2018-11-10 18:53:58','2018-11-10 18:53:58',9,9,500),(1498,91,'2018-11-10 18:53:58','2018-11-10 18:53:58',9,9,500),(1499,91,'2018-11-10 18:53:58','2018-11-10 18:53:58',9,9,500),(1500,91,'2018-11-10 18:53:58','2018-11-10 18:53:58',9,9,500),(1501,91,'2018-11-10 18:53:58','2018-11-10 18:53:58',9,9,500),(1502,91,'2018-11-10 18:53:58','2018-11-10 18:53:58',9,9,500),(1503,91,'2018-11-10 18:53:58','2018-11-10 18:53:58',9,9,500),(1504,91,'2018-11-10 18:53:58','2018-11-10 18:53:58',9,9,500),(1505,91,'2018-11-10 18:53:58','2018-11-10 18:53:58',9,9,500),(1506,91,'2018-11-10 18:53:58','2018-11-10 18:53:58',9,9,500),(1507,91,'2018-11-10 18:53:58','2018-11-10 18:53:58',9,9,500),(1508,91,'2018-11-10 18:53:58','2018-11-10 18:53:58',9,9,500),(1509,91,'2018-11-10 18:53:58','2018-11-10 18:53:58',9,9,500),(1510,91,'2018-11-10 18:53:58','2018-11-10 18:53:58',9,9,500),(1511,91,'2018-11-10 18:53:58','2018-11-10 18:53:58',9,9,500),(1512,91,'2018-11-10 18:53:58','2018-11-10 18:53:58',9,9,500),(1513,91,'2018-11-10 18:53:58','2018-11-10 18:53:58',9,9,500),(1514,91,'2018-11-10 18:53:58','2018-11-10 18:53:58',9,9,500),(1515,91,'2018-11-10 18:53:58','2018-11-10 18:53:58',9,9,500),(1516,91,'2018-11-10 18:53:58','2018-11-10 18:53:58',9,9,500),(1517,91,'2018-11-10 18:53:58','2018-11-10 18:53:58',9,9,500),(1518,91,'2018-11-10 18:53:58','2018-11-10 18:53:58',9,9,500),(1519,91,'2018-11-10 18:53:58','2018-11-10 18:53:58',9,9,500),(1520,91,'2018-11-10 18:53:58','2018-11-10 18:53:58',9,9,500),(1521,91,'2018-11-10 18:53:58','2018-11-10 18:53:58',9,9,500),(1522,91,'2018-11-10 18:53:58','2018-11-10 18:53:58',9,9,500),(1523,91,'2018-11-10 18:53:58','2018-11-10 18:53:58',9,9,500),(1524,91,'2018-11-10 18:53:58','2018-11-10 18:53:58',9,9,500),(1525,91,'2018-11-10 18:53:58','2018-11-10 18:53:58',9,9,500),(1526,91,'2018-11-10 18:53:58','2018-11-10 18:53:58',9,9,500),(1527,91,'2018-11-10 18:53:58','2018-11-10 18:53:58',9,9,500),(1528,91,'2018-11-10 18:53:58','2018-11-10 18:53:58',9,9,500),(1529,91,'2018-11-10 18:53:58','2018-11-10 18:53:58',9,9,500),(1530,91,'2018-11-10 18:53:58','2018-11-10 18:53:58',9,9,500),(1531,91,'2018-11-10 18:53:58','2018-11-10 18:53:58',9,9,500),(1532,91,'2018-11-10 18:53:58','2018-11-10 18:53:58',9,9,500),(1533,91,'2018-11-10 18:53:58','2018-11-10 18:53:58',9,9,500),(1534,91,'2018-11-10 18:53:58','2018-11-10 18:53:58',9,9,500),(1535,91,'2018-11-10 18:53:58','2018-11-10 18:53:58',9,9,500),(1536,91,'2018-11-10 18:53:58','2018-11-10 18:53:58',9,9,500),(1537,91,'2018-11-10 18:53:58','2018-11-10 18:53:58',9,9,500),(1538,91,'2018-11-10 18:53:58','2018-11-10 18:53:58',9,9,500),(1539,91,'2018-11-10 18:53:58','2018-11-10 18:53:58',9,9,500),(1540,92,'2018-11-10 18:53:58','2018-11-10 18:53:58',9,9,500),(1541,92,'2018-11-10 18:53:58','2018-11-10 18:53:58',9,9,500),(1542,92,'2018-11-10 18:53:58','2018-11-10 18:53:58',9,9,500),(1543,92,'2018-11-10 18:53:58','2018-11-10 18:53:58',9,9,500),(1544,92,'2018-11-10 18:53:58','2018-11-10 18:53:58',9,9,500),(1545,92,'2018-11-10 18:53:58','2018-11-10 18:53:58',9,9,500),(1546,92,'2018-11-10 18:53:58','2018-11-10 18:53:58',9,9,500),(1547,92,'2018-11-10 18:53:58','2018-11-10 18:53:58',9,9,500),(1548,92,'2018-11-10 18:53:58','2018-11-10 18:53:58',9,9,500),(1549,92,'2018-11-10 18:53:58','2018-11-10 18:53:58',9,9,500),(1550,92,'2018-11-10 18:53:58','2018-11-10 18:53:58',9,9,500),(1551,92,'2018-11-10 18:53:58','2018-11-10 18:53:58',9,9,500),(1552,92,'2018-11-10 18:53:58','2018-11-10 18:53:58',9,9,500),(1553,92,'2018-11-10 18:53:58','2018-11-10 18:53:58',9,9,500),(1554,92,'2018-11-10 18:53:58','2018-11-10 18:53:58',9,9,500),(1555,92,'2018-11-10 18:53:58','2018-11-10 18:53:58',9,9,500),(1556,92,'2018-11-10 18:53:58','2018-11-10 18:53:58',9,9,500),(1557,92,'2018-11-10 18:53:58','2018-11-10 18:53:58',9,9,500),(1558,92,'2018-11-10 18:53:58','2018-11-10 18:53:58',9,9,500),(1559,92,'2018-11-10 18:53:58','2018-11-10 18:53:58',9,9,500),(1560,92,'2018-11-10 18:53:58','2018-11-10 18:53:58',9,9,500),(1561,92,'2018-11-10 18:53:58','2018-11-10 18:53:58',9,9,500),(1562,92,'2018-11-10 18:53:58','2018-11-10 18:53:58',9,9,500),(1563,92,'2018-11-10 18:53:58','2018-11-10 18:53:58',9,9,500),(1564,92,'2018-11-10 18:53:58','2018-11-10 18:53:58',9,9,500),(1565,92,'2018-11-10 18:53:58','2018-11-10 18:53:58',9,9,500),(1566,92,'2018-11-10 18:53:58','2018-11-10 18:53:58',9,9,500),(1567,92,'2018-11-10 18:53:58','2018-11-10 18:53:58',9,9,500),(1568,92,'2018-11-10 18:53:58','2018-11-10 18:53:58',9,9,500),(1569,92,'2018-11-10 18:53:58','2018-11-10 18:53:58',9,9,500),(1570,92,'2018-11-10 18:53:58','2018-11-10 18:53:58',9,9,500),(1571,92,'2018-11-10 18:53:58','2018-11-10 18:53:58',9,9,500),(1572,92,'2018-11-10 18:53:58','2018-11-10 18:53:58',9,9,500),(1573,92,'2018-11-10 18:53:58','2018-11-10 18:53:58',9,9,500),(1574,92,'2018-11-10 18:53:58','2018-11-10 18:53:58',9,9,500),(1575,92,'2018-11-10 18:53:58','2018-11-10 18:53:58',9,9,500),(1576,92,'2018-11-10 18:53:58','2018-11-10 18:53:58',9,9,500),(1577,92,'2018-11-10 18:53:58','2018-11-10 18:53:58',9,9,500),(1578,92,'2018-11-10 18:53:58','2018-11-10 18:53:58',9,9,500),(1579,92,'2018-11-10 18:53:58','2018-11-10 18:53:58',9,9,500),(1580,92,'2018-11-10 18:53:58','2018-11-10 18:53:58',9,9,500),(1581,92,'2018-11-10 18:53:58','2018-11-10 18:53:58',9,9,500),(1582,92,'2018-11-10 18:53:58','2018-11-10 18:53:58',9,9,500),(1583,92,'2018-11-10 18:53:58','2018-11-10 18:53:58',9,9,500),(1584,92,'2018-11-10 18:53:58','2018-11-10 18:53:58',9,9,500),(1585,92,'2018-11-10 18:53:58','2018-11-10 18:53:58',9,9,500),(1586,92,'2018-11-10 18:53:58','2018-11-10 18:53:58',9,9,500),(1587,92,'2018-11-10 18:53:58','2018-11-10 18:53:58',9,9,500),(1588,92,'2018-11-10 18:53:58','2018-11-10 18:53:58',9,9,500),(1589,92,'2018-11-10 18:53:58','2018-11-10 18:53:58',9,9,500),(1590,92,'2018-11-10 18:53:58','2018-11-10 18:53:58',9,9,500),(1591,92,'2018-11-10 18:53:58','2018-11-10 18:53:58',9,9,500),(1592,92,'2018-11-10 18:53:58','2018-11-10 18:53:58',9,9,500),(1593,92,'2018-11-10 18:53:58','2018-11-10 18:53:58',9,9,500),(1594,92,'2018-11-10 18:53:58','2018-11-10 18:53:58',9,9,500),(1595,92,'2018-11-10 18:53:58','2018-11-10 18:53:58',9,9,500),(1596,92,'2018-11-10 18:53:58','2018-11-10 18:53:58',9,9,500),(1597,92,'2018-11-10 18:53:58','2018-11-10 18:53:58',9,9,500),(1598,92,'2018-11-10 18:53:58','2018-11-10 18:53:58',9,9,500),(1599,92,'2018-11-10 18:53:58','2018-11-10 18:53:58',9,9,500),(1600,92,'2018-11-10 18:53:58','2018-11-10 18:53:58',9,9,500),(1601,92,'2018-11-10 18:53:58','2018-11-10 18:53:58',9,9,500),(1602,92,'2018-11-10 18:53:58','2018-11-10 18:53:58',9,9,500),(1603,92,'2018-11-10 18:53:58','2018-11-10 18:53:58',9,9,500),(1604,92,'2018-11-10 18:53:58','2018-11-10 18:53:58',9,9,500),(1605,92,'2018-11-10 18:53:58','2018-11-10 18:53:58',9,9,500),(1606,92,'2018-11-10 18:53:58','2018-11-10 18:53:58',9,9,500),(1607,92,'2018-11-10 18:53:58','2018-11-10 18:53:58',9,9,500),(1608,92,'2018-11-10 18:53:58','2018-11-10 18:53:58',9,9,500),(1609,92,'2018-11-10 18:53:58','2018-11-10 18:53:58',9,9,500),(1610,92,'2018-11-10 18:53:58','2018-11-10 18:53:58',9,9,500),(1611,92,'2018-11-10 18:53:58','2018-11-10 18:53:58',9,9,500),(1612,92,'2018-11-10 18:53:58','2018-11-10 18:53:58',9,9,500),(1613,92,'2018-11-10 18:53:58','2018-11-10 18:53:58',9,9,500),(1614,92,'2018-11-10 18:53:58','2018-11-10 18:53:58',9,9,500),(1615,92,'2018-11-10 18:53:58','2018-11-10 18:53:58',9,9,500),(1616,92,'2018-11-10 18:53:58','2018-11-10 18:53:58',9,9,500),(1617,92,'2018-11-10 18:53:58','2018-11-10 18:53:58',9,9,500),(1618,92,'2018-11-10 18:53:58','2018-11-10 18:53:58',9,9,500),(1619,92,'2018-11-10 18:53:58','2018-11-10 18:53:58',9,9,500),(1620,92,'2018-11-10 18:53:58','2018-11-10 18:53:58',9,9,500),(1621,92,'2018-11-10 18:53:58','2018-11-10 18:53:58',9,9,500),(1622,92,'2018-11-10 18:53:58','2018-11-10 18:53:58',9,9,500),(1623,92,'2018-11-10 18:53:58','2018-11-10 18:53:58',9,9,500),(1624,92,'2018-11-10 18:53:58','2018-11-10 18:53:58',9,9,500),(1625,92,'2018-11-10 18:53:58','2018-11-10 18:53:58',9,9,500),(1626,92,'2018-11-10 18:53:58','2018-11-10 18:53:58',9,9,500),(1627,92,'2018-11-10 18:53:58','2018-11-10 18:53:58',9,9,500),(1628,92,'2018-11-10 18:53:58','2018-11-10 18:53:58',9,9,500),(1629,92,'2018-11-10 18:53:58','2018-11-10 18:53:58',9,9,500),(1630,92,'2018-11-10 18:53:58','2018-11-10 18:53:58',9,9,500),(1631,92,'2018-11-10 18:53:58','2018-11-10 18:53:58',9,9,500),(1632,92,'2018-11-10 18:53:58','2018-11-10 18:53:58',9,9,500),(1633,92,'2018-11-10 18:53:58','2018-11-10 18:53:58',9,9,500),(1634,92,'2018-11-10 18:53:58','2018-11-10 18:53:58',9,9,500),(1635,92,'2018-11-10 18:53:58','2018-11-10 18:53:58',9,9,500),(1636,92,'2018-11-10 18:53:58','2018-11-10 18:53:58',9,9,500),(1637,92,'2018-11-10 18:53:58','2018-11-10 18:53:58',9,9,500),(1638,92,'2018-11-10 18:53:58','2018-11-10 18:53:58',9,9,500),(1639,92,'2018-11-10 18:53:58','2018-11-10 18:53:58',9,9,500),(1640,92,'2018-11-10 18:53:58','2018-11-10 18:53:58',9,9,500),(1641,92,'2018-11-10 18:53:58','2018-11-10 18:53:58',9,9,500),(1642,92,'2018-11-10 18:53:58','2018-11-10 18:53:58',9,9,500),(1643,92,'2018-11-10 18:53:58','2018-11-10 18:53:58',9,9,500),(1644,92,'2018-11-10 18:53:58','2018-11-10 18:53:58',9,9,500),(1645,92,'2018-11-10 18:53:58','2018-11-10 18:53:58',9,9,500),(1646,92,'2018-11-10 18:53:58','2018-11-10 18:53:58',9,9,500),(1647,92,'2018-11-10 18:53:58','2018-11-10 18:53:58',9,9,500),(1648,92,'2018-11-10 18:53:58','2018-11-10 18:53:58',9,9,500),(1649,92,'2018-11-10 18:53:58','2018-11-10 18:53:58',9,9,500),(1650,92,'2018-11-10 18:53:58','2018-11-10 18:53:58',9,9,500),(1651,92,'2018-11-10 18:53:58','2018-11-10 18:53:58',9,9,500),(1652,92,'2018-11-10 18:53:58','2018-11-10 18:53:58',9,9,500),(1653,92,'2018-11-10 18:53:58','2018-11-10 18:53:58',9,9,500),(1654,92,'2018-11-10 18:53:58','2018-11-10 18:53:58',9,9,500),(1655,92,'2018-11-10 18:53:58','2018-11-10 18:53:58',9,9,500),(1656,92,'2018-11-10 18:53:58','2018-11-10 18:53:58',9,9,500),(1657,92,'2018-11-10 18:53:58','2018-11-10 18:53:58',9,9,500),(1658,92,'2018-11-10 18:53:58','2018-11-10 18:53:58',9,9,500),(1659,92,'2018-11-10 18:53:58','2018-11-10 18:53:58',9,9,500),(1660,92,'2018-11-10 18:53:58','2018-11-10 18:53:58',9,9,500),(1661,92,'2018-11-10 18:53:58','2018-11-10 18:53:58',9,9,500),(1662,92,'2018-11-10 18:53:58','2018-11-10 18:53:58',9,9,500),(1663,92,'2018-11-10 18:53:58','2018-11-10 18:53:58',9,9,500),(1664,92,'2018-11-10 18:53:58','2018-11-10 18:53:58',9,9,500),(1665,92,'2018-11-10 18:53:58','2018-11-10 18:53:58',9,9,500),(1666,92,'2018-11-10 18:53:58','2018-11-10 18:53:58',9,9,500),(1667,92,'2018-11-10 18:53:58','2018-11-10 18:53:58',9,9,500),(1668,92,'2018-11-10 18:53:58','2018-11-10 18:53:58',9,9,500),(1669,92,'2018-11-10 18:53:58','2018-11-10 18:53:58',9,9,500),(1670,92,'2018-11-10 18:53:58','2018-11-10 18:53:58',9,9,500),(1671,92,'2018-11-10 18:53:58','2018-11-10 18:53:58',9,9,500),(1672,92,'2018-11-10 18:53:58','2018-11-10 18:53:58',9,9,500),(1673,92,'2018-11-10 18:53:58','2018-11-10 18:53:58',9,9,500),(1674,92,'2018-11-10 18:53:58','2018-11-10 18:53:58',9,9,500),(1675,92,'2018-11-10 18:53:58','2018-11-10 18:53:58',9,9,500),(1676,92,'2018-11-10 18:53:58','2018-11-10 18:53:58',9,9,500),(1677,92,'2018-11-10 18:53:58','2018-11-10 18:53:58',9,9,500),(1678,92,'2018-11-10 18:53:58','2018-11-10 18:53:58',9,9,500),(1679,92,'2018-11-10 18:53:58','2018-11-10 18:53:58',9,9,500),(1680,92,'2018-11-10 18:53:58','2018-11-10 18:53:58',9,9,500),(1681,92,'2018-11-10 18:53:58','2018-11-10 18:53:58',9,9,500),(1682,92,'2018-11-10 18:53:58','2018-11-10 18:53:58',9,9,500),(1683,92,'2018-11-10 18:53:58','2018-11-10 18:53:58',9,9,500),(1684,92,'2018-11-10 18:53:58','2018-11-10 18:53:58',9,9,500),(1685,92,'2018-11-10 18:53:58','2018-11-10 18:53:58',9,9,500),(1686,92,'2018-11-10 18:53:58','2018-11-10 18:53:58',9,9,500),(1687,92,'2018-11-10 18:53:58','2018-11-10 18:53:58',9,9,500),(1688,92,'2018-11-10 18:53:58','2018-11-10 18:53:58',9,9,500),(1689,92,'2018-11-10 18:53:58','2018-11-10 18:53:58',9,9,500),(1690,92,'2018-11-10 18:53:58','2018-11-10 18:53:58',9,9,500),(1691,92,'2018-11-10 18:53:58','2018-11-10 18:53:58',9,9,500),(1692,92,'2018-11-10 18:53:58','2018-11-10 18:53:58',9,9,500),(1693,92,'2018-11-10 18:53:58','2018-11-10 18:53:58',9,9,500),(1694,92,'2018-11-10 18:53:58','2018-11-10 18:53:58',9,9,500),(1695,92,'2018-11-10 18:53:58','2018-11-10 18:53:58',9,9,500),(1696,92,'2018-11-10 18:53:58','2018-11-10 18:53:58',9,9,500),(1697,92,'2018-11-10 18:53:58','2018-11-10 18:53:58',9,9,500),(1698,92,'2018-11-10 18:53:58','2018-11-10 18:53:58',9,9,500),(1699,92,'2018-11-10 18:53:58','2018-11-10 18:53:58',9,9,500),(1700,92,'2018-11-10 18:53:58','2018-11-10 18:53:58',9,9,500),(1701,92,'2018-11-10 18:53:58','2018-11-10 18:53:58',9,9,500),(1702,92,'2018-11-10 18:53:58','2018-11-10 18:53:58',9,9,500),(1703,92,'2018-11-10 18:53:58','2018-11-10 18:53:58',9,9,500),(1704,92,'2018-11-10 18:53:58','2018-11-10 18:53:58',9,9,500),(1705,92,'2018-11-10 18:53:58','2018-11-10 18:53:58',9,9,500),(1706,92,'2018-11-10 18:53:58','2018-11-10 18:53:58',9,9,500),(1707,92,'2018-11-10 18:53:58','2018-11-10 18:53:58',9,9,500),(1708,92,'2018-11-10 18:53:58','2018-11-10 18:53:58',9,9,500),(1709,92,'2018-11-10 18:53:58','2018-11-10 18:53:58',9,9,500),(1710,92,'2018-11-10 18:53:58','2018-11-10 18:53:58',9,9,500),(1711,92,'2018-11-10 18:53:58','2018-11-10 18:53:58',9,9,500),(1712,92,'2018-11-10 18:53:58','2018-11-10 18:53:58',9,9,500),(1713,92,'2018-11-10 18:53:58','2018-11-10 18:53:58',9,9,500),(1714,92,'2018-11-10 18:53:58','2018-11-10 18:53:58',9,9,500),(1715,92,'2018-11-10 18:53:58','2018-11-10 18:53:58',9,9,500),(1716,92,'2018-11-10 18:53:58','2018-11-10 18:53:58',9,9,500),(1717,92,'2018-11-10 18:53:58','2018-11-10 18:53:58',9,9,500),(1718,92,'2018-11-10 18:53:58','2018-11-10 18:53:58',9,9,500),(1719,92,'2018-11-10 18:53:58','2018-11-10 18:53:58',9,9,500),(1720,92,'2018-11-10 18:53:58','2018-11-10 18:53:58',9,9,500),(1721,92,'2018-11-10 18:53:58','2018-11-10 18:53:58',9,9,500),(1722,92,'2018-11-10 18:53:58','2018-11-10 18:53:58',9,9,500),(1723,92,'2018-11-10 18:53:58','2018-11-10 18:53:58',9,9,500),(1724,92,'2018-11-10 18:53:58','2018-11-10 18:53:58',9,9,500),(1725,92,'2018-11-10 18:53:58','2018-11-10 18:53:58',9,9,500),(1726,92,'2018-11-10 18:53:58','2018-11-10 18:53:58',9,9,500),(1727,92,'2018-11-10 18:53:58','2018-11-10 18:53:58',9,9,500),(1728,92,'2018-11-10 18:53:58','2018-11-10 18:53:58',9,9,500),(1729,92,'2018-11-10 18:53:58','2018-11-10 18:53:58',9,9,500),(1730,92,'2018-11-10 18:53:58','2018-11-10 18:53:58',9,9,500),(1731,92,'2018-11-10 18:53:58','2018-11-10 18:53:58',9,9,500),(1732,92,'2018-11-10 18:53:58','2018-11-10 18:53:58',9,9,500),(1733,92,'2018-11-10 18:53:58','2018-11-10 18:53:58',9,9,500),(1734,92,'2018-11-10 18:53:58','2018-11-10 18:53:58',9,9,500),(1735,92,'2018-11-10 18:53:58','2018-11-10 18:53:58',9,9,500),(1736,92,'2018-11-10 18:53:58','2018-11-10 18:53:58',9,9,500),(1737,92,'2018-11-10 18:53:58','2018-11-10 18:53:58',9,9,500),(1738,92,'2018-11-10 18:53:58','2018-11-10 18:53:58',9,9,500),(1739,92,'2018-11-10 18:53:58','2018-11-10 18:53:58',9,9,500),(1740,92,'2018-11-10 18:53:58','2018-11-10 18:53:58',9,9,500),(1741,92,'2018-11-10 18:53:58','2018-11-10 18:53:58',9,9,500),(1742,92,'2018-11-10 18:53:58','2018-11-10 18:53:58',9,9,500),(1743,92,'2018-11-10 18:53:58','2018-11-10 18:53:58',9,9,500),(1744,92,'2018-11-10 18:53:58','2018-11-10 18:53:58',9,9,500),(1745,92,'2018-11-10 18:53:58','2018-11-10 18:53:58',9,9,500),(1746,92,'2018-11-10 18:53:58','2018-11-10 18:53:58',9,9,500),(1747,92,'2018-11-10 18:53:58','2018-11-10 18:53:58',9,9,500),(1748,92,'2018-11-10 18:53:58','2018-11-10 18:53:58',9,9,500),(1749,92,'2018-11-10 18:53:58','2018-11-10 18:53:58',9,9,500),(1750,92,'2018-11-10 18:53:58','2018-11-10 18:53:58',9,9,500),(1751,92,'2018-11-10 18:53:58','2018-11-10 18:53:58',9,9,500),(1752,92,'2018-11-10 18:53:58','2018-11-10 18:53:58',9,9,500),(1753,92,'2018-11-10 18:53:58','2018-11-10 18:53:58',9,9,500),(1754,92,'2018-11-10 18:53:58','2018-11-10 18:53:58',9,9,500),(1755,92,'2018-11-10 18:53:58','2018-11-10 18:53:58',9,9,500),(1756,92,'2018-11-10 18:53:58','2018-11-10 18:53:58',9,9,500),(1757,92,'2018-11-10 18:53:58','2018-11-10 18:53:58',9,9,500),(1758,92,'2018-11-10 18:53:58','2018-11-10 18:53:58',9,9,500),(1759,92,'2018-11-10 18:53:58','2018-11-10 18:53:58',9,9,500),(1760,92,'2018-11-10 18:53:58','2018-11-10 18:53:58',9,9,500),(1761,92,'2018-11-10 18:53:58','2018-11-10 18:53:58',9,9,500),(1762,92,'2018-11-10 18:53:58','2018-11-10 18:53:58',9,9,500),(1763,92,'2018-11-10 18:53:58','2018-11-10 18:53:58',9,9,500),(1764,92,'2018-11-10 18:53:58','2018-11-10 18:53:58',9,9,500),(1765,92,'2018-11-10 18:53:58','2018-11-10 18:53:58',9,9,500),(1766,92,'2018-11-10 18:53:58','2018-11-10 18:53:58',9,9,500),(1767,92,'2018-11-10 18:53:58','2018-11-10 18:53:58',9,9,500),(1768,92,'2018-11-10 18:53:58','2018-11-10 18:53:58',9,9,500),(1769,92,'2018-11-10 18:53:58','2018-11-10 18:53:58',9,9,500),(1770,92,'2018-11-10 18:53:58','2018-11-10 18:53:58',9,9,500),(1771,92,'2018-11-10 18:53:58','2018-11-10 18:53:58',9,9,500),(1772,92,'2018-11-10 18:53:58','2018-11-10 18:53:58',9,9,500),(1773,92,'2018-11-10 18:53:58','2018-11-10 18:53:58',9,9,500),(1774,92,'2018-11-10 18:53:58','2018-11-10 18:53:58',9,9,500),(1775,92,'2018-11-10 18:53:58','2018-11-10 18:53:58',9,9,500),(1776,92,'2018-11-10 18:53:58','2018-11-10 18:53:58',9,9,500),(1777,92,'2018-11-10 18:53:58','2018-11-10 18:53:58',9,9,500),(1778,92,'2018-11-10 18:53:58','2018-11-10 18:53:58',9,9,500),(1779,92,'2018-11-10 18:53:58','2018-11-10 18:53:58',9,9,500),(1780,92,'2018-11-10 18:53:58','2018-11-10 18:53:58',9,9,500),(1781,92,'2018-11-10 18:53:58','2018-11-10 18:53:58',9,9,500),(1782,92,'2018-11-10 18:53:58','2018-11-10 18:53:58',9,9,500),(1783,92,'2018-11-10 18:53:58','2018-11-10 18:53:58',9,9,500),(1784,92,'2018-11-10 18:53:58','2018-11-10 18:53:58',9,9,500),(1785,92,'2018-11-10 18:53:58','2018-11-10 18:53:58',9,9,500),(1786,92,'2018-11-10 18:53:58','2018-11-10 18:53:58',9,9,500),(1787,92,'2018-11-10 18:53:58','2018-11-10 18:53:58',9,9,500),(1788,92,'2018-11-10 18:53:58','2018-11-10 18:53:58',9,9,500),(1789,92,'2018-11-10 18:53:58','2018-11-10 18:53:58',9,9,500),(1790,92,'2018-11-10 18:53:58','2018-11-10 18:53:58',9,9,500),(1791,92,'2018-11-10 18:53:58','2018-11-10 18:53:58',9,9,500),(1792,92,'2018-11-10 18:53:58','2018-11-10 18:53:58',9,9,500),(1793,92,'2018-11-10 18:53:58','2018-11-10 18:53:58',9,9,500),(1794,92,'2018-11-10 18:53:58','2018-11-10 18:53:58',9,9,500),(1795,92,'2018-11-10 18:53:58','2018-11-10 18:53:58',9,9,500),(1796,92,'2018-11-10 18:53:58','2018-11-10 18:53:58',9,9,500),(1797,92,'2018-11-10 18:53:58','2018-11-10 18:53:58',9,9,500),(1798,92,'2018-11-10 18:53:58','2018-11-10 18:53:58',9,9,500),(1799,92,'2018-11-10 18:53:58','2018-11-10 18:53:58',9,9,500),(1800,92,'2018-11-10 18:53:58','2018-11-10 18:53:58',9,9,500),(1801,92,'2018-11-10 18:53:58','2018-11-10 18:53:58',9,9,500),(1802,92,'2018-11-10 18:53:58','2018-11-10 18:53:58',9,9,500),(1803,92,'2018-11-10 18:53:58','2018-11-10 18:53:58',9,9,500),(1804,92,'2018-11-10 18:53:58','2018-11-10 18:53:58',9,9,500),(1805,92,'2018-11-10 18:53:58','2018-11-10 18:53:58',9,9,500),(1806,92,'2018-11-10 18:53:58','2018-11-10 18:53:58',9,9,500),(1807,92,'2018-11-10 18:53:58','2018-11-10 18:53:58',9,9,500),(1808,92,'2018-11-10 18:53:58','2018-11-10 18:53:58',9,9,500),(1809,92,'2018-11-10 18:53:58','2018-11-10 18:53:58',9,9,500),(1810,92,'2018-11-10 18:53:58','2018-11-10 18:53:58',9,9,500),(1811,92,'2018-11-10 18:53:58','2018-11-10 18:53:58',9,9,500),(1812,92,'2018-11-10 18:53:58','2018-11-10 18:53:58',9,9,500),(1813,92,'2018-11-10 18:53:58','2018-11-10 18:53:58',9,9,500),(1814,92,'2018-11-10 18:53:58','2018-11-10 18:53:58',9,9,500),(1815,92,'2018-11-10 18:53:58','2018-11-10 18:53:58',9,9,500),(1816,92,'2018-11-10 18:53:58','2018-11-10 18:53:58',9,9,500),(1817,92,'2018-11-10 18:53:58','2018-11-10 18:53:58',9,9,500),(1818,92,'2018-11-10 18:53:58','2018-11-10 18:53:58',9,9,500),(1819,92,'2018-11-10 18:53:58','2018-11-10 18:53:58',9,9,500),(1820,92,'2018-11-10 18:53:58','2018-11-10 18:53:58',9,9,500),(1821,92,'2018-11-10 18:53:58','2018-11-10 18:53:58',9,9,500),(1822,92,'2018-11-10 18:53:58','2018-11-10 18:53:58',9,9,500),(1823,92,'2018-11-10 18:53:58','2018-11-10 18:53:58',9,9,500),(1824,92,'2018-11-10 18:53:58','2018-11-10 18:53:58',9,9,500),(1825,92,'2018-11-10 18:53:58','2018-11-10 18:53:58',9,9,500),(1826,92,'2018-11-10 18:53:58','2018-11-10 18:53:58',9,9,500),(1827,92,'2018-11-10 18:53:58','2018-11-10 18:53:58',9,9,500),(1828,92,'2018-11-10 18:53:58','2018-11-10 18:53:58',9,9,500),(1829,92,'2018-11-10 18:53:58','2018-11-10 18:53:58',9,9,500),(1830,92,'2018-11-10 18:53:58','2018-11-10 18:53:58',9,9,500),(1831,92,'2018-11-10 18:53:58','2018-11-10 18:53:58',9,9,500),(1832,92,'2018-11-10 18:53:58','2018-11-10 18:53:58',9,9,500),(1833,92,'2018-11-10 18:53:58','2018-11-10 18:53:58',9,9,500),(1834,92,'2018-11-10 18:53:58','2018-11-10 18:53:58',9,9,500),(1835,92,'2018-11-10 18:53:58','2018-11-10 18:53:58',9,9,500),(1836,92,'2018-11-10 18:53:58','2018-11-10 18:53:58',9,9,500),(1837,92,'2018-11-10 18:53:58','2018-11-10 18:53:58',9,9,500),(1838,92,'2018-11-10 18:53:58','2018-11-10 18:53:58',9,9,500),(1839,92,'2018-11-10 18:53:58','2018-11-10 18:53:58',9,9,500),(1840,92,'2018-11-10 18:53:58','2018-11-10 18:53:58',9,9,500),(1841,92,'2018-11-10 18:53:58','2018-11-10 18:53:58',9,9,500),(1842,92,'2018-11-10 18:53:58','2018-11-10 18:53:58',9,9,500),(1843,92,'2018-11-10 18:53:58','2018-11-10 18:53:58',9,9,500),(1844,92,'2018-11-10 18:53:58','2018-11-10 18:53:58',9,9,500),(1845,92,'2018-11-10 18:53:58','2018-11-10 18:53:58',9,9,500),(1846,92,'2018-11-10 18:53:58','2018-11-10 18:53:58',9,9,500),(1847,92,'2018-11-10 18:53:58','2018-11-10 18:53:58',9,9,500),(1848,92,'2018-11-10 18:53:58','2018-11-10 18:53:58',9,9,500),(1849,92,'2018-11-10 18:53:58','2018-11-10 18:53:58',9,9,500),(1850,92,'2018-11-10 18:53:58','2018-11-10 18:53:58',9,9,500),(1851,92,'2018-11-10 18:53:58','2018-11-10 18:53:58',9,9,500),(1852,92,'2018-11-10 18:53:58','2018-11-10 18:53:58',9,9,500),(1853,92,'2018-11-10 18:53:58','2018-11-10 18:53:58',9,9,500),(1854,92,'2018-11-10 18:53:58','2018-11-10 18:53:58',9,9,500),(1855,92,'2018-11-10 18:53:58','2018-11-10 18:53:58',9,9,500),(1856,92,'2018-11-10 18:53:58','2018-11-10 18:53:58',9,9,500),(1857,92,'2018-11-10 18:53:58','2018-11-10 18:53:58',9,9,500),(1858,92,'2018-11-10 18:53:58','2018-11-10 18:53:58',9,9,500),(1859,92,'2018-11-10 18:53:58','2018-11-10 18:53:58',9,9,500),(1860,92,'2018-11-10 18:53:58','2018-11-10 18:53:58',9,9,500),(1861,92,'2018-11-10 18:53:58','2018-11-10 18:53:58',9,9,500),(1862,92,'2018-11-10 18:53:58','2018-11-10 18:53:58',9,9,500),(1863,92,'2018-11-10 18:53:58','2018-11-10 18:53:58',9,9,500),(1864,92,'2018-11-10 18:53:58','2018-11-10 18:53:58',9,9,500),(1865,92,'2018-11-10 18:53:58','2018-11-10 18:53:58',9,9,500),(1866,92,'2018-11-10 18:53:58','2018-11-10 18:53:58',9,9,500),(1867,92,'2018-11-10 18:53:58','2018-11-10 18:53:58',9,9,500),(1868,92,'2018-11-10 18:53:58','2018-11-10 18:53:58',9,9,500),(1869,92,'2018-11-10 18:53:58','2018-11-10 18:53:58',9,9,500),(1870,92,'2018-11-10 18:53:58','2018-11-10 18:53:58',9,9,500),(1871,92,'2018-11-10 18:53:58','2018-11-10 18:53:58',9,9,500),(1872,92,'2018-11-10 18:53:58','2018-11-10 18:53:58',9,9,500),(1873,92,'2018-11-10 18:53:58','2018-11-10 18:53:58',9,9,500),(1874,92,'2018-11-10 18:53:58','2018-11-10 18:53:58',9,9,500),(1875,92,'2018-11-10 18:53:58','2018-11-10 18:53:58',9,9,500),(1876,92,'2018-11-10 18:53:58','2018-11-10 18:53:58',9,9,500),(1877,92,'2018-11-10 18:53:58','2018-11-10 18:53:58',9,9,500),(1878,92,'2018-11-10 18:53:58','2018-11-10 18:53:58',9,9,500),(1879,92,'2018-11-10 18:53:58','2018-11-10 18:53:58',9,9,500),(1880,92,'2018-11-10 18:53:58','2018-11-10 18:53:58',9,9,500),(1881,92,'2018-11-10 18:53:58','2018-11-10 18:53:58',9,9,500),(1882,92,'2018-11-10 18:53:58','2018-11-10 18:53:58',9,9,500),(1883,92,'2018-11-10 18:53:58','2018-11-10 18:53:58',9,9,500),(1884,92,'2018-11-10 18:53:58','2018-11-10 18:53:58',9,9,500),(1885,92,'2018-11-10 18:53:58','2018-11-10 18:53:58',9,9,500),(1886,92,'2018-11-10 18:53:58','2018-11-10 18:53:58',9,9,500),(1887,92,'2018-11-10 18:53:58','2018-11-10 18:53:58',9,9,500),(1888,92,'2018-11-10 18:53:58','2018-11-10 18:53:58',9,9,500),(1889,92,'2018-11-10 18:53:58','2018-11-10 18:53:58',9,9,500),(1890,92,'2018-11-10 18:53:58','2018-11-10 18:53:58',9,9,500),(1891,92,'2018-11-10 18:53:58','2018-11-10 18:53:58',9,9,500),(1892,92,'2018-11-10 18:53:58','2018-11-10 18:53:58',9,9,500),(1893,92,'2018-11-10 18:53:58','2018-11-10 18:53:58',9,9,500),(1894,92,'2018-11-10 18:53:58','2018-11-10 18:53:58',9,9,500),(1895,92,'2018-11-10 18:53:58','2018-11-10 18:53:58',9,9,500),(1896,92,'2018-11-10 18:53:58','2018-11-10 18:53:58',9,9,500),(1897,92,'2018-11-10 18:53:58','2018-11-10 18:53:58',9,9,500),(1898,92,'2018-11-10 18:53:58','2018-11-10 18:53:58',9,9,500),(1899,92,'2018-11-10 18:53:58','2018-11-10 18:53:58',9,9,500),(1900,92,'2018-11-10 18:53:58','2018-11-10 18:53:58',9,9,500),(1901,92,'2018-11-10 18:53:58','2018-11-10 18:53:58',9,9,500),(1902,92,'2018-11-10 18:53:58','2018-11-10 18:53:58',9,9,500),(1903,92,'2018-11-10 18:53:58','2018-11-10 18:53:58',9,9,500),(1904,92,'2018-11-10 18:53:58','2018-11-10 18:53:58',9,9,500),(1905,92,'2018-11-10 18:53:58','2018-11-10 18:53:58',9,9,500),(1906,92,'2018-11-10 18:53:58','2018-11-10 18:53:58',9,9,500),(1907,92,'2018-11-10 18:53:58','2018-11-10 18:53:58',9,9,500),(1908,92,'2018-11-10 18:53:58','2018-11-10 18:53:58',9,9,500),(1909,92,'2018-11-10 18:53:58','2018-11-10 18:53:58',9,9,500),(1910,92,'2018-11-10 18:53:58','2018-11-10 18:53:58',9,9,500),(1911,92,'2018-11-10 18:53:58','2018-11-10 18:53:58',9,9,500),(1912,92,'2018-11-10 18:53:58','2018-11-10 18:53:58',9,9,500),(1913,92,'2018-11-10 18:53:58','2018-11-10 18:53:58',9,9,500),(1914,91,'2018-11-10 18:53:58','2018-11-10 18:53:58',9,9,500),(1915,91,'2018-11-10 18:53:58','2018-11-10 18:53:58',9,9,500),(1916,91,'2018-11-10 18:53:58','2018-11-10 18:53:58',9,9,500),(1917,90,'2018-11-10 18:53:58','2018-11-10 18:53:58',6,10,500),(1918,90,'2018-11-10 18:53:58','2018-11-10 18:53:58',6,10,500),(1919,90,'2018-11-10 18:53:58','2018-11-10 18:53:58',6,10,500),(1920,90,'2018-11-10 18:53:58','2018-11-10 18:53:58',6,10,500),(1921,90,'2018-11-10 18:53:58','2018-11-10 18:53:58',6,10,500),(1922,90,'2018-11-10 18:53:58','2018-11-10 18:53:58',6,10,500),(1923,90,'2018-11-10 18:53:58','2018-11-10 18:53:58',6,10,500),(1924,90,'2018-11-10 18:53:58','2018-11-10 18:53:58',6,10,500),(1925,90,'2018-11-10 18:53:58','2018-11-10 18:53:58',6,10,500),(1926,90,'2018-11-10 18:53:58','2018-11-10 18:53:58',6,10,500),(1927,90,'2018-11-10 18:53:58','2018-11-10 18:53:58',6,10,500),(1928,90,'2018-11-10 18:53:58','2018-11-10 18:53:58',6,10,500),(1929,90,'2018-11-10 18:53:58','2018-11-10 18:53:58',6,10,500),(1930,90,'2018-11-10 18:53:58','2018-11-10 18:53:58',6,10,500),(1931,90,'2018-11-10 18:53:58','2018-11-10 18:53:58',6,10,500),(1932,90,'2018-11-10 18:53:58','2018-11-10 18:53:58',6,10,500),(1933,90,'2018-11-10 18:53:58','2018-11-10 18:53:58',6,10,500),(1934,90,'2018-11-10 18:53:58','2018-11-10 18:53:58',6,10,500),(1935,90,'2018-11-10 18:53:58','2018-11-10 18:53:58',6,10,500),(1936,90,'2018-11-10 18:53:58','2018-11-10 18:53:58',6,10,500),(1937,90,'2018-11-10 18:53:58','2018-11-10 18:53:58',6,10,500),(1938,90,'2018-11-10 18:53:58','2018-11-10 18:53:58',6,10,500),(1939,90,'2018-11-10 18:53:58','2018-11-10 18:53:58',6,10,500),(1940,90,'2018-11-10 18:53:58','2018-11-10 18:53:58',6,10,500),(1941,90,'2018-11-10 18:53:58','2018-11-10 18:53:58',6,10,500),(1942,90,'2018-11-10 18:53:58','2018-11-10 18:53:58',6,10,500),(1943,90,'2018-11-10 18:53:58','2018-11-10 18:53:58',6,10,500),(1944,90,'2018-11-10 18:53:58','2018-11-10 18:53:58',6,10,500),(1945,90,'2018-11-10 18:53:58','2018-11-10 18:53:58',6,10,500),(1946,90,'2018-11-10 18:53:58','2018-11-10 18:53:58',6,10,500),(1947,90,'2018-11-10 18:53:58','2018-11-10 18:53:58',6,10,500),(1948,90,'2018-11-10 18:53:58','2018-11-10 18:53:58',6,10,500),(1949,90,'2018-11-10 18:53:58','2018-11-10 18:53:58',6,10,500),(1950,90,'2018-11-10 18:53:58','2018-11-10 18:53:58',6,10,500),(1951,90,'2018-11-10 18:53:58','2018-11-10 18:53:58',6,10,500),(1952,90,'2018-11-10 18:53:58','2018-11-10 18:53:58',6,10,500),(1953,90,'2018-11-10 18:53:58','2018-11-10 18:53:58',6,10,500),(1954,90,'2018-11-10 18:53:58','2018-11-10 18:53:58',6,10,500),(1955,90,'2018-11-10 18:53:58','2018-11-10 18:53:58',6,10,500),(1956,90,'2018-11-10 18:53:58','2018-11-10 18:53:58',6,10,500),(1957,90,'2018-11-10 18:53:58','2018-11-10 18:53:58',6,10,500),(1958,90,'2018-11-10 18:53:58','2018-11-10 18:53:58',6,10,500),(1959,90,'2018-11-10 18:53:58','2018-11-10 18:53:58',6,10,500),(1960,90,'2018-11-10 18:53:58','2018-11-10 18:53:58',6,10,500),(1961,90,'2018-11-10 18:53:58','2018-11-10 18:53:58',6,10,500),(1962,90,'2018-11-10 18:53:58','2018-11-10 18:53:58',6,10,500),(1963,90,'2018-11-10 18:53:58','2018-11-10 18:53:58',6,10,500),(1964,90,'2018-11-10 18:53:58','2018-11-10 18:53:58',6,10,500),(1965,90,'2018-11-10 18:53:58','2018-11-10 18:53:58',6,10,500),(1966,90,'2018-11-10 18:53:58','2018-11-10 18:53:58',6,10,500),(1967,90,'2018-11-10 18:53:58','2018-11-10 18:53:58',6,10,500),(1968,90,'2018-11-10 18:53:58','2018-11-10 18:53:58',6,10,500),(1969,90,'2018-11-10 18:53:58','2018-11-10 18:53:58',6,10,500),(1970,90,'2018-11-10 18:53:58','2018-11-10 18:53:58',6,10,500),(1971,90,'2018-11-10 18:53:58','2018-11-10 18:53:58',6,10,500),(1972,90,'2018-11-10 18:53:58','2018-11-10 18:53:58',6,10,500),(1973,90,'2018-11-10 18:53:58','2018-11-10 18:53:58',6,10,500),(1974,90,'2018-11-10 18:53:58','2018-11-10 18:53:58',6,10,500),(1975,90,'2018-11-10 18:53:58','2018-11-10 18:53:58',6,10,500),(1976,90,'2018-11-10 18:53:58','2018-11-10 18:53:58',6,10,500),(1977,90,'2018-11-10 18:53:58','2018-11-10 18:53:58',6,10,500),(1978,90,'2018-11-10 18:53:58','2018-11-10 18:53:58',6,10,500),(1979,90,'2018-11-10 18:53:58','2018-11-10 18:53:58',6,10,500),(1980,90,'2018-11-10 18:53:58','2018-11-10 18:53:58',6,10,500),(1981,90,'2018-11-10 18:53:58','2018-11-10 18:53:58',6,10,500),(1982,90,'2018-11-10 18:53:58','2018-11-10 18:53:58',6,10,500),(1983,90,'2018-11-10 18:53:58','2018-11-10 18:53:58',6,10,500),(1984,90,'2018-11-10 18:53:58','2018-11-10 18:53:58',6,10,500),(1985,90,'2018-11-10 18:53:58','2018-11-10 18:53:58',6,10,500),(1986,90,'2018-11-10 18:53:58','2018-11-10 18:53:58',6,10,500),(1987,90,'2018-11-10 18:53:58','2018-11-10 18:53:58',6,10,500),(1988,90,'2018-11-10 18:53:58','2018-11-10 18:53:58',6,10,500),(1989,90,'2018-11-10 18:53:58','2018-11-10 18:53:58',6,10,500),(1990,90,'2018-11-10 18:53:58','2018-11-10 18:53:58',6,10,500),(1991,90,'2018-11-10 18:53:58','2018-11-10 18:53:58',6,10,500),(1992,90,'2018-11-10 18:53:58','2018-11-10 18:53:58',6,10,500),(1993,90,'2018-11-10 18:53:58','2018-11-10 18:53:58',6,10,500),(1994,90,'2018-11-10 18:53:58','2018-11-10 18:53:58',6,10,500),(1995,90,'2018-11-10 18:53:58','2018-11-10 18:53:58',6,10,500),(1996,90,'2018-11-10 18:53:58','2018-11-10 18:53:58',6,10,500),(1997,90,'2018-11-10 18:53:58','2018-11-10 18:53:58',6,10,500),(1998,90,'2018-11-10 18:53:58','2018-11-10 18:53:58',6,10,500),(1999,90,'2018-11-10 18:53:58','2018-11-10 18:53:58',6,10,500),(2000,90,'2018-11-10 18:53:58','2018-11-10 18:53:58',6,10,500),(2001,90,'2018-11-10 18:53:58','2018-11-10 18:53:58',6,10,500),(2002,90,'2018-11-10 18:53:58','2018-11-10 18:53:58',6,10,500),(2003,90,'2018-11-10 18:53:58','2018-11-10 18:53:58',6,10,500),(2004,90,'2018-11-10 18:53:58','2018-11-10 18:53:58',6,10,500),(2005,90,'2018-11-10 18:53:58','2018-11-10 18:53:58',6,10,500),(2006,90,'2018-11-10 18:53:58','2018-11-10 18:53:58',6,10,500),(2007,90,'2018-11-10 18:53:58','2018-11-10 18:53:58',6,10,500),(2008,90,'2018-11-10 18:53:58','2018-11-10 18:53:58',6,10,500),(2009,90,'2018-11-10 18:53:58','2018-11-10 18:53:58',6,10,500),(2010,90,'2018-11-10 18:53:58','2018-11-10 18:53:58',6,10,500),(2011,90,'2018-11-10 18:53:58','2018-11-10 18:53:58',6,10,500),(2012,90,'2018-11-10 18:53:58','2018-11-10 18:53:58',6,10,500),(2013,90,'2018-11-10 18:53:58','2018-11-10 18:53:58',6,10,500),(2014,90,'2018-11-10 18:53:58','2018-11-10 18:53:58',6,10,500),(2015,90,'2018-11-10 18:53:58','2018-11-10 18:53:58',6,10,500),(2016,90,'2018-11-10 18:53:58','2018-11-10 18:53:58',6,10,500),(2017,90,'2018-11-10 18:53:58','2018-11-10 18:53:58',6,10,500),(2018,90,'2018-11-10 18:53:58','2018-11-10 18:53:58',6,10,500),(2019,90,'2018-11-10 18:53:58','2018-11-10 18:53:58',6,10,500),(2020,90,'2018-11-10 18:53:58','2018-11-10 18:53:58',6,10,500),(2021,90,'2018-11-10 18:53:58','2018-11-10 18:53:58',6,10,500),(2022,90,'2018-11-10 18:53:58','2018-11-10 18:53:58',6,10,500),(2023,90,'2018-11-10 18:53:58','2018-11-10 18:53:58',6,10,500),(2024,90,'2018-11-10 18:53:58','2018-11-10 18:53:58',6,10,500),(2025,90,'2018-11-10 18:53:58','2018-11-10 18:53:58',6,10,500),(2026,90,'2018-11-10 18:53:58','2018-11-10 18:53:58',6,10,500),(2027,90,'2018-11-10 18:53:58','2018-11-10 18:53:58',6,10,500),(2028,90,'2018-11-10 18:53:58','2018-11-10 18:53:58',6,10,500),(2029,90,'2018-11-10 18:53:58','2018-11-10 18:53:58',6,10,500),(2030,90,'2018-11-10 18:53:58','2018-11-10 18:53:58',6,10,500),(2031,90,'2018-11-10 18:53:58','2018-11-10 18:53:58',6,10,500),(2032,90,'2018-11-10 18:53:58','2018-11-10 18:53:58',6,10,500),(2033,90,'2018-11-10 18:53:58','2018-11-10 18:53:58',6,10,500),(2034,90,'2018-11-10 18:53:58','2018-11-10 18:53:58',6,10,500),(2035,90,'2018-11-10 18:53:58','2018-11-10 18:53:58',6,10,500),(2036,90,'2018-11-10 18:53:58','2018-11-10 18:53:58',6,10,500),(2037,90,'2018-11-10 18:53:58','2018-11-10 18:53:58',6,10,500),(2038,90,'2018-11-10 18:53:58','2018-11-10 18:53:58',6,10,500),(2039,90,'2018-11-10 18:53:58','2018-11-10 18:53:58',6,10,500),(2040,90,'2018-11-10 18:53:58','2018-11-10 18:53:58',6,10,500),(2041,90,'2018-11-10 18:53:58','2018-11-10 18:53:58',6,10,500),(2042,90,'2018-11-10 18:53:58','2018-11-10 18:53:58',6,10,500),(2043,90,'2018-11-10 18:53:58','2018-11-10 18:53:58',6,10,500),(2044,90,'2018-11-10 18:53:58','2018-11-10 18:53:58',6,10,500),(2045,90,'2018-11-10 18:53:58','2018-11-10 18:53:58',6,10,500),(2046,90,'2018-11-10 18:53:58','2018-11-10 18:53:58',6,10,500),(2047,90,'2018-11-10 18:53:58','2018-11-10 18:53:58',6,10,500),(2048,90,'2018-11-10 18:53:58','2018-11-10 18:53:58',6,10,500),(2049,90,'2018-11-10 18:53:58','2018-11-10 18:53:58',6,10,500),(2050,90,'2018-11-10 18:53:58','2018-11-10 18:53:58',6,10,500),(2051,90,'2018-11-10 18:53:58','2018-11-10 18:53:58',6,10,500),(2052,90,'2018-11-10 18:53:58','2018-11-10 18:53:58',6,10,500),(2053,90,'2018-11-10 18:53:58','2018-11-10 18:53:58',6,10,500),(2054,90,'2018-11-10 18:53:58','2018-11-10 18:53:58',6,10,500),(2055,90,'2018-11-10 18:53:58','2018-11-10 18:53:58',6,10,500),(2056,90,'2018-11-10 18:53:58','2018-11-10 18:53:58',6,10,500),(2057,90,'2018-11-10 18:53:58','2018-11-10 18:53:58',6,10,500),(2058,90,'2018-11-10 18:53:58','2018-11-10 18:53:58',6,10,500),(2059,90,'2018-11-10 18:53:58','2018-11-10 18:53:58',6,10,500),(2060,90,'2018-11-10 18:53:58','2018-11-10 18:53:58',6,10,500),(2061,90,'2018-11-10 18:53:58','2018-11-10 18:53:58',6,10,500),(2062,90,'2018-11-10 18:53:58','2018-11-10 18:53:58',6,10,500),(2063,90,'2018-11-10 18:53:58','2018-11-10 18:53:58',6,10,500),(2064,90,'2018-11-10 18:53:58','2018-11-10 18:53:58',6,10,500),(2065,90,'2018-11-10 18:53:58','2018-11-10 18:53:58',6,10,500),(2066,90,'2018-11-10 18:53:58','2018-11-10 18:53:58',6,10,500),(2067,90,'2018-11-10 18:53:58','2018-11-10 18:53:58',6,10,500),(2068,90,'2018-11-10 18:53:58','2018-11-10 18:53:58',6,10,500),(2069,90,'2018-11-10 18:53:58','2018-11-10 18:53:58',6,10,500),(2070,90,'2018-11-10 18:53:58','2018-11-10 18:53:58',6,10,500),(2071,90,'2018-11-10 18:53:58','2018-11-10 18:53:58',6,10,500),(2072,90,'2018-11-10 18:53:58','2018-11-10 18:53:58',6,10,500),(2073,90,'2018-11-10 18:53:58','2018-11-10 18:53:58',6,10,500),(2074,90,'2018-11-10 18:53:58','2018-11-10 18:53:58',6,10,500),(2075,90,'2018-11-10 18:53:58','2018-11-10 18:53:58',6,10,500),(2076,90,'2018-11-10 18:53:58','2018-11-10 18:53:58',6,10,500),(2077,90,'2018-11-10 18:53:58','2018-11-10 18:53:58',6,10,500),(2078,90,'2018-11-10 18:53:58','2018-11-10 18:53:58',6,10,500),(2079,90,'2018-11-10 18:53:58','2018-11-10 18:53:58',6,10,500),(2080,90,'2018-11-10 18:53:58','2018-11-10 18:53:58',6,10,500),(2081,90,'2018-11-10 18:53:58','2018-11-10 18:53:58',6,10,500),(2082,90,'2018-11-10 18:53:58','2018-11-10 18:53:58',6,10,500),(2083,90,'2018-11-10 18:53:58','2018-11-10 18:53:58',6,10,500),(2084,90,'2018-11-10 18:53:58','2018-11-10 18:53:58',6,10,500),(2085,90,'2018-11-10 18:53:58','2018-11-10 18:53:58',6,10,500),(2086,90,'2018-11-10 18:53:58','2018-11-10 18:53:58',6,10,500),(2087,90,'2018-11-10 18:53:58','2018-11-10 18:53:58',6,10,500),(2088,90,'2018-11-10 18:53:58','2018-11-10 18:53:58',6,10,500),(2089,90,'2018-11-10 18:53:58','2018-11-10 18:53:58',6,10,500),(2090,90,'2018-11-10 18:53:58','2018-11-10 18:53:58',6,10,500),(2091,90,'2018-11-10 18:53:58','2018-11-10 18:53:58',6,10,500),(2092,90,'2018-11-10 18:53:58','2018-11-10 18:53:58',6,10,500),(2093,90,'2018-11-10 18:53:58','2018-11-10 18:53:58',6,10,500),(2094,90,'2018-11-10 18:53:58','2018-11-10 18:53:58',6,10,500),(2095,90,'2018-11-10 18:53:58','2018-11-10 18:53:58',6,10,500),(2096,90,'2018-11-10 18:53:58','2018-11-10 18:53:58',6,10,500),(2097,90,'2018-11-10 18:53:58','2018-11-10 18:53:58',6,10,500),(2098,90,'2018-11-10 18:53:58','2018-11-10 18:53:58',6,10,500),(2099,90,'2018-11-10 18:53:58','2018-11-10 18:53:58',6,10,500),(2100,90,'2018-11-10 18:53:58','2018-11-10 18:53:58',6,10,500),(2101,90,'2018-11-10 18:53:58','2018-11-10 18:53:58',6,10,500),(2102,90,'2018-11-10 18:53:58','2018-11-10 18:53:58',6,10,500),(2103,90,'2018-11-10 18:53:58','2018-11-10 18:53:58',6,10,500),(2104,90,'2018-11-10 18:53:58','2018-11-10 18:53:58',6,10,500),(2105,90,'2018-11-10 18:53:58','2018-11-10 18:53:58',6,10,500),(2106,90,'2018-11-10 18:53:58','2018-11-10 18:53:58',6,10,500),(2107,90,'2018-11-10 18:53:58','2018-11-10 18:53:58',6,10,500),(2108,90,'2018-11-10 18:53:58','2018-11-10 18:53:58',6,10,500),(2109,90,'2018-11-10 18:53:58','2018-11-10 18:53:58',6,10,500),(2110,90,'2018-11-10 18:53:58','2018-11-10 18:53:58',6,10,500),(2111,90,'2018-11-10 18:53:58','2018-11-10 18:53:58',6,10,500),(2112,90,'2018-11-10 18:53:58','2018-11-10 18:53:58',6,10,500),(2113,90,'2018-11-10 18:53:58','2018-11-10 18:53:58',6,10,500),(2114,90,'2018-11-10 18:53:58','2018-11-10 18:53:58',6,10,500),(2115,90,'2018-11-10 18:53:58','2018-11-10 18:53:58',6,10,500),(2116,90,'2018-11-10 18:53:58','2018-11-10 18:53:58',6,10,500),(2117,90,'2018-11-10 18:53:58','2018-11-10 18:53:58',6,10,500),(2118,90,'2018-11-10 18:53:58','2018-11-10 18:53:58',6,10,500),(2119,90,'2018-11-10 18:53:58','2018-11-10 18:53:58',6,10,500),(2120,90,'2018-11-10 18:53:58','2018-11-10 18:53:58',6,10,500),(2121,90,'2018-11-10 18:53:58','2018-11-10 18:53:58',6,10,500),(2122,90,'2018-11-10 18:53:58','2018-11-10 18:53:58',6,10,500),(2123,90,'2018-11-10 18:53:58','2018-11-10 18:53:58',6,10,500),(2124,90,'2018-11-10 18:53:58','2018-11-10 18:53:58',6,10,500),(2125,90,'2018-11-10 18:53:58','2018-11-10 18:53:58',6,10,500),(2126,90,'2018-11-10 18:53:58','2018-11-10 18:53:58',6,10,500),(2127,90,'2018-11-10 18:53:58','2018-11-10 18:53:58',6,10,500),(2128,90,'2018-11-10 18:53:58','2018-11-10 18:53:58',6,10,500),(2129,90,'2018-11-10 18:53:58','2018-11-10 18:53:58',6,10,500),(2130,90,'2018-11-10 18:53:58','2018-11-10 18:53:58',6,10,500),(2131,90,'2018-11-10 18:53:58','2018-11-10 18:53:58',6,10,500),(2132,90,'2018-11-10 18:53:58','2018-11-10 18:53:58',6,10,500),(2133,90,'2018-11-10 18:53:58','2018-11-10 18:53:58',6,10,500),(2134,90,'2018-11-10 18:53:58','2018-11-10 18:53:58',6,10,500),(2135,90,'2018-11-10 18:53:58','2018-11-10 18:53:58',6,10,500),(2136,90,'2018-11-10 18:53:58','2018-11-10 18:53:58',6,10,500),(2137,90,'2018-11-10 18:53:58','2018-11-10 18:53:58',6,10,500),(2138,90,'2018-11-10 18:53:58','2018-11-10 18:53:58',6,10,500),(2139,90,'2018-11-10 18:53:58','2018-11-10 18:53:58',6,10,500),(2140,90,'2018-11-10 18:53:58','2018-11-10 18:53:58',6,10,500),(2141,90,'2018-11-10 18:53:58','2018-11-10 18:53:58',6,10,500),(2142,90,'2018-11-10 18:53:58','2018-11-10 18:53:58',6,10,500),(2143,90,'2018-11-10 18:53:58','2018-11-10 18:53:58',6,10,500),(2144,90,'2018-11-10 18:53:58','2018-11-10 18:53:58',6,10,500),(2145,90,'2018-11-10 18:53:58','2018-11-10 18:53:58',6,10,500),(2146,90,'2018-11-10 18:53:58','2018-11-10 18:53:58',6,10,500),(2147,90,'2018-11-10 18:53:58','2018-11-10 18:53:58',6,10,500),(2148,90,'2018-11-10 18:53:58','2018-11-10 18:53:58',6,10,500),(2149,90,'2018-11-10 18:53:58','2018-11-10 18:53:58',6,10,500),(2150,90,'2018-11-10 18:53:58','2018-11-10 18:53:58',6,10,500),(2151,90,'2018-11-10 18:53:58','2018-11-10 18:53:58',6,10,500),(2152,90,'2018-11-10 18:53:58','2018-11-10 18:53:58',6,10,500),(2153,90,'2018-11-10 18:53:58','2018-11-10 18:53:58',6,10,500),(2154,90,'2018-11-10 18:53:58','2018-11-10 18:53:58',6,10,500),(2155,90,'2018-11-10 18:53:58','2018-11-10 18:53:58',6,10,500),(2156,90,'2018-11-10 18:53:58','2018-11-10 18:53:58',6,10,500),(2157,90,'2018-11-10 18:53:58','2018-11-10 18:53:58',6,10,500),(2158,90,'2018-11-10 18:53:58','2018-11-10 18:53:58',6,10,500),(2159,90,'2018-11-10 18:53:58','2018-11-10 18:53:58',6,10,500),(2160,90,'2018-11-10 18:53:58','2018-11-10 18:53:58',6,10,500),(2161,90,'2018-11-10 18:53:58','2018-11-10 18:53:58',6,10,500),(2162,90,'2018-11-10 18:53:58','2018-11-10 18:53:58',6,10,500),(2163,90,'2018-11-10 18:53:58','2018-11-10 18:53:58',6,10,500),(2164,90,'2018-11-10 18:53:58','2018-11-10 18:53:58',6,10,500),(2165,90,'2018-11-10 18:53:58','2018-11-10 18:53:58',6,10,500),(2166,90,'2018-11-10 18:53:58','2018-11-10 18:53:58',6,10,500),(2167,90,'2018-11-10 18:53:58','2018-11-10 18:53:58',6,10,500),(2168,90,'2018-11-10 18:53:58','2018-11-10 18:53:58',6,10,500),(2169,90,'2018-11-10 18:53:58','2018-11-10 18:53:58',6,10,500),(2170,90,'2018-11-10 18:53:58','2018-11-10 18:53:58',6,10,500),(2171,90,'2018-11-10 18:53:58','2018-11-10 18:53:58',6,10,500),(2172,90,'2018-11-10 18:53:58','2018-11-10 18:53:58',6,10,500),(2173,90,'2018-11-10 18:53:58','2018-11-10 18:53:58',6,10,500),(2174,90,'2018-11-10 18:53:58','2018-11-10 18:53:58',6,10,500),(2175,90,'2018-11-10 18:53:58','2018-11-10 18:53:58',6,10,500),(2176,90,'2018-11-10 18:53:58','2018-11-10 18:53:58',6,10,500),(2177,90,'2018-11-10 18:53:58','2018-11-10 18:53:58',6,10,500),(2178,90,'2018-11-10 18:53:58','2018-11-10 18:53:58',6,10,500),(2179,90,'2018-11-10 18:53:58','2018-11-10 18:53:58',6,10,500),(2180,90,'2018-11-10 18:53:58','2018-11-10 18:53:58',6,10,500),(2181,90,'2018-11-10 18:53:58','2018-11-10 18:53:58',6,10,500),(2182,90,'2018-11-10 18:53:58','2018-11-10 18:53:58',6,10,500),(2183,90,'2018-11-10 18:53:58','2018-11-10 18:53:58',6,10,500),(2184,90,'2018-11-10 18:53:58','2018-11-10 18:53:58',6,10,500),(2185,90,'2018-11-10 18:53:58','2018-11-10 18:53:58',6,10,500),(2186,90,'2018-11-10 18:53:58','2018-11-10 18:53:58',6,10,500),(2187,90,'2018-11-10 18:53:58','2018-11-10 18:53:58',6,10,500),(2188,90,'2018-11-10 18:53:58','2018-11-10 18:53:58',6,10,500),(2189,90,'2018-11-10 18:53:58','2018-11-10 18:53:58',6,10,500),(2190,90,'2018-11-10 18:53:58','2018-11-10 18:53:58',6,10,500),(2191,90,'2018-11-10 18:53:58','2018-11-10 18:53:58',6,10,500),(2192,90,'2018-11-10 18:53:58','2018-11-10 18:53:58',6,10,500),(2193,90,'2018-11-10 18:53:58','2018-11-10 18:53:58',6,10,500),(2194,90,'2018-11-10 18:53:58','2018-11-10 18:53:58',6,10,500),(2195,90,'2018-11-10 18:53:58','2018-11-10 18:53:58',6,10,500),(2196,90,'2018-11-10 18:53:58','2018-11-10 18:53:58',6,10,500),(2197,90,'2018-11-10 18:53:58','2018-11-10 18:53:58',6,10,500),(2198,90,'2018-11-10 18:53:58','2018-11-10 18:53:58',6,10,500),(2199,90,'2018-11-10 18:53:58','2018-11-10 18:53:58',6,10,500),(2200,90,'2018-11-10 18:53:58','2018-11-10 18:53:58',6,10,500),(2201,90,'2018-11-10 18:53:58','2018-11-10 18:53:58',6,10,500),(2202,90,'2018-11-10 18:53:58','2018-11-10 18:53:58',6,10,500),(2203,90,'2018-11-10 18:53:58','2018-11-10 18:53:58',6,10,500),(2204,90,'2018-11-10 18:53:58','2018-11-10 18:53:58',6,10,500),(2205,90,'2018-11-10 18:53:58','2018-11-10 18:53:58',6,10,500),(2206,90,'2018-11-10 18:53:58','2018-11-10 18:53:58',6,10,500),(2207,90,'2018-11-10 18:53:58','2018-11-10 18:53:58',6,10,500),(2208,90,'2018-11-10 18:53:58','2018-11-10 18:53:58',6,10,500),(2209,90,'2018-11-10 18:53:58','2018-11-10 18:53:58',6,10,500),(2210,90,'2018-11-10 18:53:58','2018-11-10 18:53:58',6,10,500),(2211,90,'2018-11-10 18:53:58','2018-11-10 18:53:58',6,10,500),(2212,90,'2018-11-10 18:53:58','2018-11-10 18:53:58',6,10,500),(2213,90,'2018-11-10 18:53:58','2018-11-10 18:53:58',6,10,500),(2214,90,'2018-11-10 18:53:58','2018-11-10 18:53:58',6,10,500),(2215,90,'2018-11-10 18:53:58','2018-11-10 18:53:58',6,10,500),(2216,90,'2018-11-10 18:53:58','2018-11-10 18:53:58',6,10,500),(2217,90,'2018-11-10 18:53:58','2018-11-10 18:53:58',6,10,500),(2218,90,'2018-11-10 18:53:58','2018-11-10 18:53:58',6,10,500),(2219,90,'2018-11-10 18:53:58','2018-11-10 18:53:58',6,10,500),(2220,90,'2018-11-10 18:53:58','2018-11-10 18:53:58',6,10,500),(2221,90,'2018-11-10 18:53:58','2018-11-10 18:53:58',6,10,500),(2222,90,'2018-11-10 18:53:58','2018-11-10 18:53:58',6,10,500),(2223,90,'2018-11-10 18:53:58','2018-11-10 18:53:58',6,10,500),(2224,90,'2018-11-10 18:53:58','2018-11-10 18:53:58',6,10,500),(2225,90,'2018-11-10 18:53:58','2018-11-10 18:53:58',6,10,500),(2226,90,'2018-11-10 18:53:58','2018-11-10 18:53:58',6,10,500),(2227,90,'2018-11-10 18:53:58','2018-11-10 18:53:58',6,10,500),(2228,90,'2018-11-10 18:53:58','2018-11-10 18:53:58',6,10,500),(2229,90,'2018-11-10 18:53:58','2018-11-10 18:53:58',6,10,500),(2230,90,'2018-11-10 18:53:58','2018-11-10 18:53:58',6,10,500),(2231,90,'2018-11-10 18:53:58','2018-11-10 18:53:58',6,10,500),(2232,90,'2018-11-10 18:53:58','2018-11-10 18:53:58',6,10,500),(2233,90,'2018-11-10 18:53:58','2018-11-10 18:53:58',6,10,500),(2234,90,'2018-11-10 18:53:58','2018-11-10 18:53:58',6,10,500),(2235,90,'2018-11-10 18:53:58','2018-11-10 18:53:58',6,10,500),(2236,90,'2018-11-10 18:53:58','2018-11-10 18:53:58',6,10,500),(2237,90,'2018-11-10 18:53:58','2018-11-10 18:53:58',6,10,500),(2238,90,'2018-11-10 18:53:58','2018-11-10 18:53:58',6,10,500),(2239,90,'2018-11-10 18:53:58','2018-11-10 18:53:58',6,10,500),(2240,90,'2018-11-10 18:53:58','2018-11-10 18:53:58',6,10,500),(2241,90,'2018-11-10 18:53:58','2018-11-10 18:53:58',6,10,500),(2242,90,'2018-11-10 18:53:58','2018-11-10 18:53:58',6,10,500),(2243,90,'2018-11-10 18:53:58','2018-11-10 18:53:58',6,10,500),(2244,90,'2018-11-10 18:53:58','2018-11-10 18:53:58',6,10,500),(2245,90,'2018-11-10 18:53:58','2018-11-10 18:53:58',6,10,500),(2246,90,'2018-11-10 18:53:58','2018-11-10 18:53:58',6,10,500),(2247,90,'2018-11-10 18:53:58','2018-11-10 18:53:58',6,10,500),(2248,90,'2018-11-10 18:53:58','2018-11-10 18:53:58',6,10,500),(2249,90,'2018-11-10 18:53:58','2018-11-10 18:53:58',6,10,500),(2250,90,'2018-11-10 18:53:58','2018-11-10 18:53:58',6,10,500),(2251,90,'2018-11-10 18:53:58','2018-11-10 18:53:58',6,10,500),(2252,90,'2018-11-10 18:53:58','2018-11-10 18:53:58',6,10,500),(2253,90,'2018-11-10 18:53:58','2018-11-10 18:53:58',6,10,500),(2254,90,'2018-11-10 18:53:58','2018-11-10 18:53:58',6,10,500),(2255,90,'2018-11-10 18:53:58','2018-11-10 18:53:58',6,10,500),(2256,90,'2018-11-10 18:53:58','2018-11-10 18:53:58',6,10,500),(2257,90,'2018-11-10 18:53:58','2018-11-10 18:53:58',6,10,500),(2258,90,'2018-11-10 18:53:58','2018-11-10 18:53:58',6,10,500),(2259,90,'2018-11-10 18:53:58','2018-11-10 18:53:58',6,10,500),(2260,90,'2018-11-10 18:53:58','2018-11-10 18:53:58',6,10,500),(2261,90,'2018-11-10 18:53:58','2018-11-10 18:53:58',6,10,500),(2262,90,'2018-11-10 18:53:58','2018-11-10 18:53:58',6,10,500),(2263,90,'2018-11-10 18:53:58','2018-11-10 18:53:58',6,10,500),(2264,90,'2018-11-10 18:53:58','2018-11-10 18:53:58',6,10,500),(2265,90,'2018-11-10 18:53:58','2018-11-10 18:53:58',6,10,500),(2266,90,'2018-11-10 18:53:58','2018-11-10 18:53:58',6,10,500),(2267,90,'2018-11-10 18:53:58','2018-11-10 18:53:58',6,10,500),(2268,90,'2018-11-10 18:53:58','2018-11-10 18:53:58',6,10,500),(2269,90,'2018-11-10 18:53:58','2018-11-10 18:53:58',6,10,500),(2270,90,'2018-11-10 18:53:58','2018-11-10 18:53:58',6,10,500),(2271,90,'2018-11-10 18:53:58','2018-11-10 18:53:58',6,10,500),(2272,90,'2018-11-10 18:53:58','2018-11-10 18:53:58',6,10,500),(2273,90,'2018-11-10 18:53:58','2018-11-10 18:53:58',6,10,500),(2274,90,'2018-11-10 18:53:58','2018-11-10 18:53:58',6,10,500),(2275,90,'2018-11-10 18:53:58','2018-11-10 18:53:58',6,10,500),(2276,90,'2018-11-10 18:53:58','2018-11-10 18:53:58',6,10,500),(2277,90,'2018-11-10 18:53:58','2018-11-10 18:53:58',6,10,500),(2278,90,'2018-11-10 18:53:58','2018-11-10 18:53:58',6,10,500),(2279,90,'2018-11-10 18:53:58','2018-11-10 18:53:58',6,10,500),(2280,90,'2018-11-10 18:53:58','2018-11-10 18:53:58',6,10,500),(2281,90,'2018-11-10 18:53:58','2018-11-10 18:53:58',6,10,500),(2282,90,'2018-11-10 18:53:58','2018-11-10 18:53:58',6,10,500),(2283,90,'2018-11-10 18:53:58','2018-11-10 18:53:58',6,10,500),(2284,90,'2018-11-10 18:53:58','2018-11-10 18:53:58',6,10,500),(2285,90,'2018-11-10 18:53:58','2018-11-10 18:53:58',6,10,500),(2286,90,'2018-11-10 18:53:58','2018-11-10 18:53:58',6,10,500),(2287,90,'2018-11-10 18:53:58','2018-11-10 18:53:58',6,10,500),(2288,90,'2018-11-10 18:53:58','2018-11-10 18:53:58',6,10,500),(2289,90,'2018-11-10 18:53:58','2018-11-10 18:53:58',6,10,500),(2290,90,'2018-11-10 18:53:58','2018-11-10 18:53:58',6,10,500),(2291,90,'2018-11-10 18:53:58','2018-11-10 18:53:58',6,10,500),(2292,91,'2018-11-10 18:53:58','2018-11-10 18:53:58',9,9,500),(2293,91,'2018-11-10 18:53:58','2018-11-10 18:53:58',9,9,500),(2294,91,'2018-11-10 18:53:58','2018-11-10 18:53:58',9,9,500),(2295,91,'2018-11-10 18:53:58','2018-11-10 18:53:58',9,9,500),(2296,91,'2018-11-10 18:53:58','2018-11-10 18:53:58',9,9,500),(2297,91,'2018-11-10 18:53:58','2018-11-10 18:53:58',9,9,500),(2298,91,'2018-11-10 18:53:58','2018-11-10 18:53:58',9,9,500),(2299,91,'2018-11-10 18:53:58','2018-11-10 18:53:58',9,9,500),(2300,91,'2018-11-10 18:53:58','2018-11-10 18:53:58',9,9,500),(2301,91,'2018-11-10 18:53:58','2018-11-10 18:53:58',9,9,500),(2302,91,'2018-11-10 18:53:58','2018-11-10 18:53:58',9,9,500),(2303,91,'2018-11-10 18:53:58','2018-11-10 18:53:58',9,9,500),(2304,91,'2018-11-10 18:53:58','2018-11-10 18:53:58',9,9,500),(2305,91,'2018-11-10 18:53:58','2018-11-10 18:53:58',9,9,500),(2306,91,'2018-11-10 18:53:58','2018-11-10 18:53:58',9,9,500),(2307,91,'2018-11-10 18:53:58','2018-11-10 18:53:58',9,9,500),(2308,91,'2018-11-10 18:53:58','2018-11-10 18:53:58',9,9,500),(2309,91,'2018-11-10 18:53:58','2018-11-10 18:53:58',9,9,500),(2310,91,'2018-11-10 18:53:58','2018-11-10 18:53:58',9,9,500),(2311,91,'2018-11-10 18:53:58','2018-11-10 18:53:58',9,9,500),(2312,91,'2018-11-10 18:53:58','2018-11-10 18:53:58',9,9,500),(2313,91,'2018-11-10 18:53:58','2018-11-10 18:53:58',9,9,500),(2314,91,'2018-11-10 18:53:58','2018-11-10 18:53:58',9,9,500),(2315,91,'2018-11-10 18:53:58','2018-11-10 18:53:58',9,9,500),(2316,91,'2018-11-10 18:53:58','2018-11-10 18:53:58',9,9,500),(2317,91,'2018-11-10 18:53:58','2018-11-10 18:53:58',9,9,500),(2318,91,'2018-11-10 18:53:58','2018-11-10 18:53:58',9,9,500),(2319,91,'2018-11-10 18:53:58','2018-11-10 18:53:58',9,9,500),(2320,91,'2018-11-10 18:53:58','2018-11-10 18:53:58',9,9,500),(2321,91,'2018-11-10 18:53:58','2018-11-10 18:53:58',9,9,500),(2322,91,'2018-11-10 18:53:58','2018-11-10 18:53:58',9,9,500),(2323,91,'2018-11-10 18:53:58','2018-11-10 18:53:58',9,9,500),(2324,91,'2018-11-10 18:53:58','2018-11-10 18:53:58',9,9,500),(2325,91,'2018-11-10 18:53:58','2018-11-10 18:53:58',9,9,500),(2326,91,'2018-11-10 18:53:58','2018-11-10 18:53:58',9,9,500),(2327,91,'2018-11-10 18:53:58','2018-11-10 18:53:58',9,9,500),(2328,91,'2018-11-10 18:53:58','2018-11-10 18:53:58',9,9,500),(2329,91,'2018-11-10 18:53:58','2018-11-10 18:53:58',9,9,500),(2330,91,'2018-11-10 18:53:58','2018-11-10 18:53:58',9,9,500),(2331,91,'2018-11-10 18:53:58','2018-11-10 18:53:58',9,9,500),(2332,91,'2018-11-10 18:53:58','2018-11-10 18:53:58',9,9,500),(2333,91,'2018-11-10 18:53:58','2018-11-10 18:53:58',9,9,500),(2334,91,'2018-11-10 18:53:58','2018-11-10 18:53:58',9,9,500),(2335,91,'2018-11-10 18:53:58','2018-11-10 18:53:58',9,9,500),(2336,91,'2018-11-10 18:53:58','2018-11-10 18:53:58',9,9,500),(2337,91,'2018-11-10 18:53:58','2018-11-10 18:53:58',9,9,500),(2338,91,'2018-11-10 18:53:58','2018-11-10 18:53:58',9,9,500),(2339,91,'2018-11-10 18:53:58','2018-11-10 18:53:58',9,9,500),(2340,91,'2018-11-10 18:53:58','2018-11-10 18:53:58',9,9,500),(2341,91,'2018-11-10 18:53:58','2018-11-10 18:53:58',9,9,500),(2342,91,'2018-11-10 18:53:58','2018-11-10 18:53:58',9,9,500),(2343,91,'2018-11-10 18:53:58','2018-11-10 18:53:58',9,9,500),(2344,91,'2018-11-10 18:53:58','2018-11-10 18:53:58',9,9,500),(2345,91,'2018-11-10 18:53:58','2018-11-10 18:53:58',9,9,500),(2346,91,'2018-11-10 18:53:58','2018-11-10 18:53:58',9,9,500),(2347,91,'2018-11-10 18:53:58','2018-11-10 18:53:58',9,9,500),(2348,91,'2018-11-10 18:53:58','2018-11-10 18:53:58',9,9,500),(2349,91,'2018-11-10 18:53:58','2018-11-10 18:53:58',9,9,500),(2350,91,'2018-11-10 18:53:58','2018-11-10 18:53:58',9,9,500),(2351,91,'2018-11-10 18:53:58','2018-11-10 18:53:58',9,9,500),(2352,91,'2018-11-10 18:53:58','2018-11-10 18:53:58',9,9,500),(2353,91,'2018-11-10 18:53:58','2018-11-10 18:53:58',9,9,500),(2354,91,'2018-11-10 18:53:58','2018-11-10 18:53:58',9,9,500),(2355,91,'2018-11-10 18:53:58','2018-11-10 18:53:58',9,9,500),(2356,91,'2018-11-10 18:53:58','2018-11-10 18:53:58',9,9,500),(2357,91,'2018-11-10 18:53:58','2018-11-10 18:53:58',9,9,500),(2358,91,'2018-11-10 18:53:58','2018-11-10 18:53:58',9,9,500),(2359,91,'2018-11-10 18:53:58','2018-11-10 18:53:58',9,9,500),(2360,91,'2018-11-10 18:53:58','2018-11-10 18:53:58',9,9,500),(2361,91,'2018-11-10 18:53:58','2018-11-10 18:53:58',9,9,500),(2362,91,'2018-11-10 18:53:58','2018-11-10 18:53:58',9,9,500),(2363,91,'2018-11-10 18:53:58','2018-11-10 18:53:58',9,9,500),(2364,91,'2018-11-10 18:53:58','2018-11-10 18:53:58',9,9,500),(2365,91,'2018-11-10 18:53:58','2018-11-10 18:53:58',9,9,500),(2366,91,'2018-11-10 18:53:58','2018-11-10 18:53:58',9,9,500),(2367,91,'2018-11-10 18:53:58','2018-11-10 18:53:58',9,9,500),(2368,91,'2018-11-10 18:53:58','2018-11-10 18:53:58',9,9,500),(2369,91,'2018-11-10 18:53:58','2018-11-10 18:53:58',9,9,500),(2370,91,'2018-11-10 18:53:58','2018-11-10 18:53:58',9,9,500),(2371,91,'2018-11-10 18:53:58','2018-11-10 18:53:58',9,9,500),(2372,91,'2018-11-10 18:53:58','2018-11-10 18:53:58',9,9,500),(2373,91,'2018-11-10 18:53:58','2018-11-10 18:53:58',9,9,500),(2374,91,'2018-11-10 18:53:58','2018-11-10 18:53:58',9,9,500),(2375,91,'2018-11-10 18:53:58','2018-11-10 18:53:58',9,9,500),(2376,91,'2018-11-10 18:53:58','2018-11-10 18:53:58',9,9,500),(2377,91,'2018-11-10 18:53:58','2018-11-10 18:53:58',9,9,500),(2378,91,'2018-11-10 18:53:58','2018-11-10 18:53:58',9,9,500),(2379,91,'2018-11-10 18:53:58','2018-11-10 18:53:58',9,9,500),(2380,91,'2018-11-10 18:53:58','2018-11-10 18:53:58',9,9,500),(2381,91,'2018-11-10 18:53:58','2018-11-10 18:53:58',9,9,500),(2382,91,'2018-11-10 18:53:58','2018-11-10 18:53:58',9,9,500),(2383,91,'2018-11-10 18:53:58','2018-11-10 18:53:58',9,9,500),(2384,91,'2018-11-10 18:53:58','2018-11-10 18:53:58',9,9,500),(2385,91,'2018-11-10 18:53:58','2018-11-10 18:53:58',9,9,500),(2386,91,'2018-11-10 18:53:58','2018-11-10 18:53:58',9,9,500),(2387,91,'2018-11-10 18:53:58','2018-11-10 18:53:58',9,9,500),(2388,91,'2018-11-10 18:53:58','2018-11-10 18:53:58',9,9,500),(2389,91,'2018-11-10 18:53:58','2018-11-10 18:53:58',9,9,500),(2390,91,'2018-11-10 18:53:58','2018-11-10 18:53:58',9,9,500),(2391,91,'2018-11-10 18:53:58','2018-11-10 18:53:58',9,9,500),(2392,91,'2018-11-10 18:53:58','2018-11-10 18:53:58',9,9,500),(2393,91,'2018-11-10 18:53:58','2018-11-10 18:53:58',9,9,500),(2394,91,'2018-11-10 18:53:58','2018-11-10 18:53:58',9,9,500),(2395,91,'2018-11-10 18:53:58','2018-11-10 18:53:58',9,9,500),(2396,91,'2018-11-10 18:53:58','2018-11-10 18:53:58',9,9,500),(2397,91,'2018-11-10 18:53:58','2018-11-10 18:53:58',9,9,500),(2398,91,'2018-11-10 18:53:58','2018-11-10 18:53:58',9,9,500),(2399,91,'2018-11-10 18:53:58','2018-11-10 18:53:58',9,9,500),(2400,91,'2018-11-10 18:53:58','2018-11-10 18:53:58',9,9,500),(2401,91,'2018-11-10 18:53:58','2018-11-10 18:53:58',9,9,500),(2402,91,'2018-11-10 18:53:58','2018-11-10 18:53:58',9,9,500),(2403,91,'2018-11-10 18:53:58','2018-11-10 18:53:58',9,9,500),(2404,91,'2018-11-10 18:53:58','2018-11-10 18:53:58',9,9,500),(2405,91,'2018-11-10 18:53:58','2018-11-10 18:53:58',9,9,500),(2406,91,'2018-11-10 18:53:58','2018-11-10 18:53:58',9,9,500),(2407,91,'2018-11-10 18:53:58','2018-11-10 18:53:58',9,9,500),(2408,91,'2018-11-10 18:53:58','2018-11-10 18:53:58',9,9,500),(2409,91,'2018-11-10 18:53:58','2018-11-10 18:53:58',9,9,500),(2410,91,'2018-11-10 18:53:58','2018-11-10 18:53:58',9,9,500),(2411,91,'2018-11-10 18:53:58','2018-11-10 18:53:58',9,9,500),(2412,91,'2018-11-10 18:53:58','2018-11-10 18:53:58',9,9,500),(2413,91,'2018-11-10 18:53:58','2018-11-10 18:53:58',9,9,500),(2414,91,'2018-11-10 18:53:58','2018-11-10 18:53:58',9,9,500),(2415,91,'2018-11-10 18:53:58','2018-11-10 18:53:58',9,9,500),(2416,91,'2018-11-10 18:53:58','2018-11-10 18:53:58',9,9,500),(2417,91,'2018-11-10 18:53:58','2018-11-10 18:53:58',9,9,500),(2418,91,'2018-11-10 18:53:58','2018-11-10 18:53:58',9,9,500),(2419,91,'2018-11-10 18:53:58','2018-11-10 18:53:58',9,9,500),(2420,91,'2018-11-10 18:53:58','2018-11-10 18:53:58',9,9,500),(2421,91,'2018-11-10 18:53:58','2018-11-10 18:53:58',9,9,500),(2422,91,'2018-11-10 18:53:58','2018-11-10 18:53:58',9,9,500),(2423,91,'2018-11-10 18:53:58','2018-11-10 18:53:58',9,9,500),(2424,91,'2018-11-10 18:53:58','2018-11-10 18:53:58',9,9,500),(2425,91,'2018-11-10 18:53:58','2018-11-10 18:53:58',9,9,500),(2426,91,'2018-11-10 18:53:58','2018-11-10 18:53:58',9,9,500),(2427,91,'2018-11-10 18:53:58','2018-11-10 18:53:58',9,9,500),(2428,91,'2018-11-10 18:53:58','2018-11-10 18:53:58',9,9,500),(2429,91,'2018-11-10 18:53:58','2018-11-10 18:53:58',9,9,500),(2430,91,'2018-11-10 18:53:58','2018-11-10 18:53:58',9,9,500),(2431,91,'2018-11-10 18:53:58','2018-11-10 18:53:58',9,9,500),(2432,91,'2018-11-10 18:53:58','2018-11-10 18:53:58',9,9,500),(2433,91,'2018-11-10 18:53:58','2018-11-10 18:53:58',9,9,500),(2434,91,'2018-11-10 18:53:58','2018-11-10 18:53:58',9,9,500),(2435,91,'2018-11-10 18:53:58','2018-11-10 18:53:58',9,9,500),(2436,91,'2018-11-10 18:53:58','2018-11-10 18:53:58',9,9,500),(2437,91,'2018-11-10 18:53:58','2018-11-10 18:53:58',9,9,500),(2438,91,'2018-11-10 18:53:58','2018-11-10 18:53:58',9,9,500),(2439,91,'2018-11-10 18:53:58','2018-11-10 18:53:58',9,9,500),(2440,91,'2018-11-10 18:53:58','2018-11-10 18:53:58',9,9,500),(2441,91,'2018-11-10 18:53:58','2018-11-10 18:53:58',9,9,500),(2442,91,'2018-11-10 18:53:58','2018-11-10 18:53:58',9,9,500),(2443,91,'2018-11-10 18:53:58','2018-11-10 18:53:58',9,9,500),(2444,91,'2018-11-10 18:53:58','2018-11-10 18:53:58',9,9,500),(2445,91,'2018-11-10 18:53:58','2018-11-10 18:53:58',9,9,500),(2446,91,'2018-11-10 18:53:58','2018-11-10 18:53:58',9,9,500),(2447,91,'2018-11-10 18:53:58','2018-11-10 18:53:58',9,9,500),(2448,91,'2018-11-10 18:53:58','2018-11-10 18:53:58',9,9,500),(2449,91,'2018-11-10 18:53:58','2018-11-10 18:53:58',9,9,500),(2450,91,'2018-11-10 18:53:58','2018-11-10 18:53:58',9,9,500),(2451,91,'2018-11-10 18:53:58','2018-11-10 18:53:58',9,9,500),(2452,91,'2018-11-10 18:53:58','2018-11-10 18:53:58',9,9,500),(2453,91,'2018-11-10 18:53:58','2018-11-10 18:53:58',9,9,500),(2454,91,'2018-11-10 18:53:58','2018-11-10 18:53:58',9,9,500),(2455,91,'2018-11-10 18:53:58','2018-11-10 18:53:58',9,9,500),(2456,91,'2018-11-10 18:53:58','2018-11-10 18:53:58',9,9,500),(2457,91,'2018-11-10 18:53:58','2018-11-10 18:53:58',9,9,500),(2458,91,'2018-11-10 18:53:58','2018-11-10 18:53:58',9,9,500),(2459,91,'2018-11-10 18:53:58','2018-11-10 18:53:58',9,9,500),(2460,91,'2018-11-10 18:53:58','2018-11-10 18:53:58',9,9,500),(2461,91,'2018-11-10 18:53:58','2018-11-10 18:53:58',9,9,500),(2462,91,'2018-11-10 18:53:58','2018-11-10 18:53:58',9,9,500),(2463,91,'2018-11-10 18:53:58','2018-11-10 18:53:58',9,9,500),(2464,91,'2018-11-10 18:53:58','2018-11-10 18:53:58',9,9,500),(2465,91,'2018-11-10 18:53:58','2018-11-10 18:53:58',9,9,500),(2466,91,'2018-11-10 18:53:58','2018-11-10 18:53:58',9,9,500),(2467,91,'2018-11-10 18:53:58','2018-11-10 18:53:58',9,9,500),(2468,91,'2018-11-10 18:53:58','2018-11-10 18:53:58',9,9,500),(2469,91,'2018-11-10 18:53:58','2018-11-10 18:53:58',9,9,500),(2470,91,'2018-11-10 18:53:58','2018-11-10 18:53:58',9,9,500),(2471,91,'2018-11-10 18:53:58','2018-11-10 18:53:58',9,9,500),(2472,91,'2018-11-10 18:53:58','2018-11-10 18:53:58',9,9,500),(2473,91,'2018-11-10 18:53:58','2018-11-10 18:53:58',9,9,500),(2474,91,'2018-11-10 18:53:58','2018-11-10 18:53:58',9,9,500),(2475,91,'2018-11-10 18:53:58','2018-11-10 18:53:58',9,9,500),(2476,91,'2018-11-10 18:53:58','2018-11-10 18:53:58',9,9,500),(2477,92,'2018-11-10 18:53:58','2018-11-10 18:53:58',9,9,500),(2478,91,'2018-11-10 18:53:58','2018-11-10 18:53:58',9,9,500),(2479,91,'2018-11-10 18:53:58','2018-11-10 18:53:58',9,9,500),(2480,90,'2018-11-10 18:53:58','2018-11-10 18:53:58',6,10,500),(2481,90,'2018-11-10 18:53:58','2018-11-10 18:53:58',6,10,500),(2482,90,'2018-11-10 18:53:58','2018-11-10 18:53:58',6,10,500),(2483,90,'2018-11-10 18:53:58','2018-11-10 18:53:58',6,10,500),(2484,90,'2018-11-10 18:53:58','2018-11-10 18:53:58',6,10,500),(2485,90,'2018-11-10 18:53:58','2018-11-10 18:53:58',6,10,500),(2486,90,'2018-11-10 18:53:58','2018-11-10 18:53:58',6,10,500),(2487,90,'2018-11-10 18:53:58','2018-11-10 18:53:58',6,10,500),(2488,90,'2018-11-10 18:53:58','2018-11-10 18:53:58',6,10,500),(2489,90,'2018-11-10 18:53:58','2018-11-10 18:53:58',6,10,500),(2490,90,'2018-11-10 18:53:58','2018-11-10 18:53:58',6,10,500),(2491,90,'2018-11-10 18:53:58','2018-11-10 18:53:58',6,10,500),(2492,90,'2018-11-10 18:53:58','2018-11-10 18:53:58',6,10,500),(2493,90,'2018-11-10 18:53:58','2018-11-10 18:53:58',6,10,500),(2494,90,'2018-11-10 18:53:58','2018-11-10 18:53:58',6,10,500),(2495,90,'2018-11-10 18:53:58','2018-11-10 18:53:58',6,10,500),(2496,90,'2018-11-10 18:53:58','2018-11-10 18:53:58',6,10,500),(2497,90,'2018-11-10 18:53:58','2018-11-10 18:53:58',6,10,500),(2498,90,'2018-11-10 18:53:58','2018-11-10 18:53:58',6,10,500),(2499,90,'2018-11-10 18:53:58','2018-11-10 18:53:58',6,10,500),(2500,90,'2018-11-10 18:53:58','2018-11-10 18:53:58',6,10,500),(2501,90,'2018-11-10 18:53:58','2018-11-10 18:53:58',6,10,500),(2502,90,'2018-11-10 18:53:58','2018-11-10 18:53:58',6,10,500),(2503,90,'2018-11-10 18:53:58','2018-11-10 18:53:58',6,10,500),(2504,90,'2018-11-10 18:53:58','2018-11-10 18:53:58',6,10,500),(2505,90,'2018-11-10 18:53:58','2018-11-10 18:53:58',6,10,500),(2506,90,'2018-11-10 18:53:58','2018-11-10 18:53:58',6,10,500),(2507,90,'2018-11-10 18:53:58','2018-11-10 18:53:58',6,10,500),(2508,90,'2018-11-10 18:53:58','2018-11-10 18:53:58',6,10,500),(2509,90,'2018-11-10 18:53:58','2018-11-10 18:53:58',6,10,500),(2510,90,'2018-11-10 18:53:58','2018-11-10 18:53:58',6,10,500),(2511,90,'2018-11-10 18:53:58','2018-11-10 18:53:58',6,10,500),(2512,90,'2018-11-10 18:53:58','2018-11-10 18:53:58',6,10,500),(2513,90,'2018-11-10 18:53:58','2018-11-10 18:53:58',6,10,500),(2514,90,'2018-11-10 18:53:58','2018-11-10 18:53:58',6,10,500),(2515,90,'2018-11-10 18:53:58','2018-11-10 18:53:58',6,10,500),(2516,90,'2018-11-10 18:53:58','2018-11-10 18:53:58',6,10,500),(2517,90,'2018-11-10 18:53:58','2018-11-10 18:53:58',6,10,500),(2518,90,'2018-11-10 18:53:58','2018-11-10 18:53:58',6,10,500),(2519,90,'2018-11-10 18:53:58','2018-11-10 18:53:58',6,10,500),(2520,90,'2018-11-10 18:53:58','2018-11-10 18:53:58',6,10,500),(2521,90,'2018-11-10 18:53:58','2018-11-10 18:53:58',6,10,500),(2522,90,'2018-11-10 18:53:58','2018-11-10 18:53:58',6,10,500),(2523,90,'2018-11-10 18:53:58','2018-11-10 18:53:58',6,10,500),(2524,90,'2018-11-10 18:53:58','2018-11-10 18:53:58',6,10,500),(2525,90,'2018-11-10 18:53:58','2018-11-10 18:53:58',6,10,500),(2526,90,'2018-11-10 18:53:58','2018-11-10 18:53:58',6,10,500),(2527,90,'2018-11-10 18:53:58','2018-11-10 18:53:58',6,10,500),(2528,90,'2018-11-10 18:53:58','2018-11-10 18:53:58',6,10,500),(2529,90,'2018-11-10 18:53:58','2018-11-10 18:53:58',6,10,500),(2530,90,'2018-11-10 18:53:58','2018-11-10 18:53:58',6,10,500),(2531,90,'2018-11-10 18:53:58','2018-11-10 18:53:58',6,10,500),(2532,90,'2018-11-10 18:53:58','2018-11-10 18:53:58',6,10,500),(2533,90,'2018-11-10 18:53:58','2018-11-10 18:53:58',6,10,500),(2534,90,'2018-11-10 18:53:58','2018-11-10 18:53:58',6,10,500),(2535,90,'2018-11-10 18:53:58','2018-11-10 18:53:58',6,10,500),(2536,90,'2018-11-10 18:53:58','2018-11-10 18:53:58',6,10,500),(2537,90,'2018-11-10 18:53:58','2018-11-10 18:53:58',6,10,500),(2538,90,'2018-11-10 18:53:58','2018-11-10 18:53:58',6,10,500),(2539,90,'2018-11-10 18:53:58','2018-11-10 18:53:58',6,10,500),(2540,90,'2018-11-10 18:53:58','2018-11-10 18:53:58',6,10,500),(2541,90,'2018-11-10 18:53:58','2018-11-10 18:53:58',6,10,500),(2542,90,'2018-11-10 18:53:58','2018-11-10 18:53:58',6,10,500),(2543,90,'2018-11-10 18:53:58','2018-11-10 18:53:58',6,10,500),(2544,90,'2018-11-10 18:53:58','2018-11-10 18:53:58',6,10,500),(2545,90,'2018-11-10 18:53:58','2018-11-10 18:53:58',6,10,500),(2546,90,'2018-11-10 18:53:58','2018-11-10 18:53:58',6,10,500),(2547,90,'2018-11-10 18:53:58','2018-11-10 18:53:58',6,10,500),(2548,90,'2018-11-10 18:53:58','2018-11-10 18:53:58',6,10,500),(2549,90,'2018-11-10 18:53:58','2018-11-10 18:53:58',6,10,500),(2550,90,'2018-11-10 18:53:58','2018-11-10 18:53:58',6,10,500),(2551,90,'2018-11-10 18:53:58','2018-11-10 18:53:58',6,10,500),(2552,90,'2018-11-10 18:53:58','2018-11-10 18:53:58',6,10,500),(2553,90,'2018-11-10 18:53:58','2018-11-10 18:53:58',6,10,500),(2554,90,'2018-11-10 18:53:58','2018-11-10 18:53:58',6,10,500),(2555,90,'2018-11-10 18:53:58','2018-11-10 18:53:58',6,10,500),(2556,90,'2018-11-10 18:53:58','2018-11-10 18:53:58',6,10,500),(2557,90,'2018-11-10 18:53:58','2018-11-10 18:53:58',6,10,500),(2558,90,'2018-11-10 18:53:58','2018-11-10 18:53:58',6,10,500),(2559,90,'2018-11-10 18:53:58','2018-11-10 18:53:58',6,10,500),(2560,90,'2018-11-10 18:53:58','2018-11-10 18:53:58',6,10,500),(2561,90,'2018-11-10 18:53:58','2018-11-10 18:53:58',6,10,500),(2562,90,'2018-11-10 18:53:58','2018-11-10 18:53:58',6,10,500),(2563,90,'2018-11-10 18:53:58','2018-11-10 18:53:58',6,10,500),(2564,90,'2018-11-10 18:53:58','2018-11-10 18:53:58',6,10,500),(2565,90,'2018-11-10 18:53:58','2018-11-10 18:53:58',6,10,500),(2566,90,'2018-11-10 18:53:58','2018-11-10 18:53:58',6,10,500),(2567,90,'2018-11-10 18:53:58','2018-11-10 18:53:58',6,10,500),(2568,90,'2018-11-10 18:53:58','2018-11-10 18:53:58',6,10,500),(2569,90,'2018-11-10 18:53:58','2018-11-10 18:53:58',6,10,500),(2570,90,'2018-11-10 18:53:58','2018-11-10 18:53:58',6,10,500),(2571,91,'2018-11-10 18:53:58','2018-11-10 18:53:58',9,9,500),(2572,90,'2018-11-10 18:53:58','2018-11-10 18:53:58',6,10,500),(2573,90,'2018-11-10 18:53:58','2018-11-10 18:53:58',6,10,500),(2574,91,'2018-11-10 18:53:58','2018-11-10 18:53:58',9,9,500),(2575,91,'2018-11-10 18:53:58','2018-11-10 18:53:58',9,9,500),(2576,91,'2018-11-10 18:53:58','2018-11-10 18:53:58',9,9,500),(2577,91,'2018-11-10 18:53:58','2018-11-10 18:53:58',9,9,500),(2578,91,'2018-11-10 18:53:58','2018-11-10 18:53:58',9,9,500),(2579,91,'2018-11-10 18:53:58','2018-11-10 18:53:58',9,9,500),(2580,91,'2018-11-10 18:53:58','2018-11-10 18:53:58',9,9,500),(2581,91,'2018-11-10 18:53:58','2018-11-10 18:53:58',9,9,500),(2582,91,'2018-11-10 18:53:58','2018-11-10 18:53:58',9,9,500),(2583,91,'2018-11-10 18:53:58','2018-11-10 18:53:58',9,9,500),(2584,91,'2018-11-10 18:53:58','2018-11-10 18:53:58',9,9,500),(2585,91,'2018-11-10 18:53:58','2018-11-10 18:53:58',9,9,500),(2586,91,'2018-11-10 18:53:58','2018-11-10 18:53:58',9,9,500),(2587,91,'2018-11-10 18:53:58','2018-11-10 18:53:58',9,9,500),(2588,91,'2018-11-10 18:53:58','2018-11-10 18:53:58',9,9,500),(2589,91,'2018-11-10 18:53:58','2018-11-10 18:53:58',9,9,500),(2590,91,'2018-11-10 18:53:58','2018-11-10 18:53:58',9,9,500),(2591,91,'2018-11-10 18:53:58','2018-11-10 18:53:58',9,9,500),(2592,91,'2018-11-10 18:53:58','2018-11-10 18:53:58',9,9,500),(2593,91,'2018-11-10 18:53:58','2018-11-10 18:53:58',9,9,500),(2594,91,'2018-11-10 18:53:58','2018-11-10 18:53:58',9,9,500),(2595,91,'2018-11-10 18:53:58','2018-11-10 18:53:58',9,9,500),(2596,91,'2018-11-10 18:53:58','2018-11-10 18:53:58',9,9,500),(2597,91,'2018-11-10 18:53:58','2018-11-10 18:53:58',9,9,500),(2598,91,'2018-11-10 18:53:58','2018-11-10 18:53:58',9,9,500),(2599,91,'2018-11-10 18:53:58','2018-11-10 18:53:58',9,9,500),(2600,91,'2018-11-10 18:53:58','2018-11-10 18:53:58',9,9,500),(2601,91,'2018-11-10 18:53:58','2018-11-10 18:53:58',9,9,500),(2602,91,'2018-11-10 18:53:58','2018-11-10 18:53:58',9,9,500),(2603,91,'2018-11-10 18:53:58','2018-11-10 18:53:58',9,9,500),(2604,91,'2018-11-10 18:53:58','2018-11-10 18:53:58',9,9,500),(2605,91,'2018-11-10 18:53:58','2018-11-10 18:53:58',9,9,500),(2606,91,'2018-11-10 18:53:58','2018-11-10 18:53:58',9,9,500),(2607,91,'2018-11-10 18:53:58','2018-11-10 18:53:58',9,9,500),(2608,91,'2018-11-10 18:53:58','2018-11-10 18:53:58',9,9,500),(2609,91,'2018-11-10 18:53:58','2018-11-10 18:53:58',9,9,500),(2610,91,'2018-11-10 18:53:58','2018-11-10 18:53:58',9,9,500),(2611,91,'2018-11-10 18:53:58','2018-11-10 18:53:58',9,9,500),(2612,91,'2018-11-10 18:53:58','2018-11-10 18:53:58',9,9,500),(2613,91,'2018-11-10 18:53:58','2018-11-10 18:53:58',9,9,500),(2614,91,'2018-11-10 18:53:58','2018-11-10 18:53:58',9,9,500),(2615,91,'2018-11-10 18:53:58','2018-11-10 18:53:58',9,9,500),(2616,91,'2018-11-10 18:53:58','2018-11-10 18:53:58',9,9,500),(2617,91,'2018-11-10 18:53:58','2018-11-10 18:53:58',9,9,500),(2618,90,'2018-11-10 18:53:58','2018-11-10 18:53:58',6,10,500),(2619,91,'2018-11-10 18:53:58','2018-11-10 18:53:58',9,9,500),(2620,91,'2018-11-10 18:53:58','2018-11-10 18:53:58',9,9,500),(2621,90,'2018-11-10 18:53:58','2018-11-10 18:53:58',6,10,500),(2622,90,'2018-11-10 18:53:58','2018-11-10 18:53:58',6,10,500),(2623,90,'2018-11-10 18:53:58','2018-11-10 18:53:58',6,10,500),(2624,90,'2018-11-10 18:53:58','2018-11-10 18:53:58',6,10,500),(2625,90,'2018-11-10 18:53:58','2018-11-10 18:53:58',6,10,500),(2626,90,'2018-11-10 18:53:58','2018-11-10 18:53:58',6,10,500),(2627,90,'2018-11-10 18:53:58','2018-11-10 18:53:58',6,10,500),(2628,90,'2018-11-10 18:53:58','2018-11-10 18:53:58',6,10,500),(2629,90,'2018-11-10 18:53:58','2018-11-10 18:53:58',6,10,500),(2630,90,'2018-11-10 18:53:58','2018-11-10 18:53:58',6,10,500),(2631,90,'2018-11-10 18:53:58','2018-11-10 18:53:58',6,10,500),(2632,90,'2018-11-10 18:53:58','2018-11-10 18:53:58',6,10,500),(2633,90,'2018-11-10 18:53:58','2018-11-10 18:53:58',6,10,500),(2634,90,'2018-11-10 18:53:58','2018-11-10 18:53:58',6,10,500),(2635,90,'2018-11-10 18:53:58','2018-11-10 18:53:58',6,10,500),(2636,90,'2018-11-10 18:53:58','2018-11-10 18:53:58',6,10,500),(2637,90,'2018-11-10 18:53:58','2018-11-10 18:53:58',6,10,500),(2638,90,'2018-11-10 18:53:58','2018-11-10 18:53:58',6,10,500),(2639,90,'2018-11-10 18:53:58','2018-11-10 18:53:58',6,10,500),(2640,90,'2018-11-10 18:53:58','2018-11-10 18:53:58',6,10,500),(2641,90,'2018-11-10 18:53:58','2018-11-10 18:53:58',6,10,500),(2642,90,'2018-11-10 18:53:58','2018-11-10 18:53:58',6,10,500),(2643,90,'2018-11-10 18:53:58','2018-11-10 18:53:58',6,10,500),(2644,91,'2018-11-10 18:53:58','2018-11-10 18:53:58',9,9,500),(2645,91,'2018-11-10 18:53:58','2018-11-10 18:53:58',9,9,500),(2646,91,'2018-11-10 18:53:58','2018-11-10 18:53:58',9,9,500),(2647,91,'2018-11-10 18:53:58','2018-11-10 18:53:58',9,9,500),(2648,91,'2018-11-10 18:53:58','2018-11-10 18:53:58',9,9,500),(2649,91,'2018-11-10 18:53:58','2018-11-10 18:53:58',9,9,500),(2650,91,'2018-11-10 18:53:58','2018-11-10 18:53:58',9,9,500),(2651,91,'2018-11-10 18:53:58','2018-11-10 18:53:58',9,9,500),(2652,91,'2018-11-10 18:53:58','2018-11-10 18:53:58',9,9,500),(2653,91,'2018-11-10 18:53:58','2018-11-10 18:53:58',9,9,500),(2654,91,'2018-11-10 18:53:58','2018-11-10 18:53:58',9,9,500),(2655,91,'2018-11-10 18:53:58','2018-11-10 18:53:58',9,9,500),(2656,91,'2018-11-10 18:53:58','2018-11-10 18:53:58',9,9,500),(2657,90,'2018-11-10 18:53:58','2018-11-10 18:53:58',6,10,500),(2658,90,'2018-11-10 18:53:58','2018-11-10 18:53:58',6,10,500),(2659,90,'2018-11-10 18:53:58','2018-11-10 18:53:58',6,10,500),(2660,90,'2018-11-10 18:53:58','2018-11-10 18:53:58',6,10,500),(2661,90,'2018-11-10 18:53:58','2018-11-10 18:53:58',6,10,500),(2662,90,'2018-11-10 18:53:58','2018-11-10 18:53:58',6,10,500),(2663,90,'2018-11-10 18:53:58','2018-11-10 18:53:58',6,10,500),(2664,91,'2018-11-10 18:53:58','2018-11-10 18:53:58',9,9,500),(2665,92,'2018-11-10 18:53:58','2018-11-10 18:53:58',9,9,500),(2666,138,'2018-11-20 17:57:00','2018-11-20 17:57:00',1,6,20),(2667,138,'2018-11-20 17:57:00','2018-11-20 17:57:00',1,6,20),(2668,138,'2018-11-20 17:57:00','2018-11-20 17:57:00',1,6,20),(2669,138,'2018-11-20 17:57:00','2018-11-20 17:57:00',1,6,20),(2670,138,'2018-11-20 17:57:00','2018-11-20 17:57:00',1,6,20),(2671,138,'2018-11-20 17:57:00','2018-11-20 17:57:00',1,6,20),(2672,138,'2018-11-20 17:57:00','2018-11-20 17:57:00',1,6,20),(2673,138,'2018-11-20 17:57:00','2018-11-20 17:57:00',1,6,20),(2674,138,'2018-11-20 17:57:00','2018-11-20 17:57:00',1,6,20),(2675,138,'2018-11-20 17:57:00','2018-11-20 17:57:00',1,6,20),(2676,138,'2018-11-20 17:57:00','2018-11-20 17:57:00',1,6,20),(2677,138,'2018-11-20 17:57:00','2018-11-20 17:57:00',1,6,20),(2678,138,'2018-11-20 17:57:00','2018-11-20 17:57:00',1,6,20),(2679,138,'2018-11-20 17:57:00','2018-11-20 17:57:00',1,6,20),(2680,138,'2018-11-20 17:57:00','2018-11-20 17:57:00',1,6,20),(2681,138,'2018-11-20 17:57:00','2018-11-20 17:57:00',1,6,20),(2682,138,'2018-11-20 17:57:00','2018-11-20 17:57:00',1,6,20),(2683,138,'2018-11-20 17:57:00','2018-11-20 17:57:00',1,6,20),(2684,138,'2018-11-20 17:57:00','2018-11-20 17:57:00',1,6,20),(2685,138,'2018-11-20 17:57:00','2018-11-20 17:57:00',1,6,20),(2686,140,'2018-11-20 22:43:58','2018-11-20 22:43:58',6,6,2),(2687,140,'2018-11-20 22:43:58','2018-11-20 22:43:58',6,6,2),(2688,139,'2018-11-21 11:51:14','2018-11-21 11:51:14',6,13,300),(2689,139,'2018-11-21 11:51:14','2018-11-21 11:51:14',6,13,300),(2690,139,'2018-11-21 11:51:14','2018-11-21 11:51:14',6,13,300),(2691,139,'2018-11-21 11:51:14','2018-11-21 11:51:14',6,13,300),(2692,139,'2018-11-21 11:51:14','2018-11-21 11:51:14',6,13,300),(2693,139,'2018-11-21 11:51:14','2018-11-21 11:51:14',6,13,300),(2694,139,'2018-11-21 11:51:14','2018-11-21 11:51:14',6,13,300),(2695,139,'2018-11-21 11:51:14','2018-11-21 11:51:14',6,13,300),(2696,139,'2018-11-21 11:51:14','2018-11-21 11:51:14',6,13,300),(2697,139,'2018-11-21 11:51:14','2018-11-21 11:51:14',6,13,300),(2698,139,'2018-11-21 11:51:14','2018-11-21 11:51:14',6,13,300),(2699,139,'2018-11-21 11:51:14','2018-11-21 11:51:14',6,13,300),(2700,139,'2018-11-21 11:51:14','2018-11-21 11:51:14',6,13,300),(2701,139,'2018-11-21 11:51:14','2018-11-21 11:51:14',6,13,300),(2702,139,'2018-11-21 11:51:14','2018-11-21 11:51:14',6,13,300),(2703,139,'2018-11-21 11:51:14','2018-11-21 11:51:14',6,13,300),(2704,139,'2018-11-21 11:51:14','2018-11-21 11:51:14',6,13,300),(2705,139,'2018-11-21 11:51:14','2018-11-21 11:51:14',6,13,300),(2706,139,'2018-11-21 11:51:14','2018-11-21 11:51:14',6,13,300),(2707,139,'2018-11-21 11:51:14','2018-11-21 11:51:14',6,13,300),(2708,139,'2018-11-21 11:51:14','2018-11-21 11:51:14',6,13,300),(2709,139,'2018-11-21 11:51:14','2018-11-21 11:51:14',6,13,300),(2710,139,'2018-11-21 11:51:14','2018-11-21 11:51:14',6,13,300),(2711,139,'2018-11-21 11:51:14','2018-11-21 11:51:14',6,13,300),(2712,139,'2018-11-21 11:51:14','2018-11-21 11:51:14',6,13,300),(2713,139,'2018-11-21 11:51:14','2018-11-21 11:51:14',6,13,300),(2714,139,'2018-11-21 11:51:14','2018-11-21 11:51:14',6,13,300),(2715,139,'2018-11-21 11:51:14','2018-11-21 11:51:14',6,13,300),(2716,139,'2018-11-21 11:51:14','2018-11-21 11:51:14',6,13,300),(2717,139,'2018-11-21 11:51:14','2018-11-21 11:51:14',6,13,300),(2718,139,'2018-11-21 11:51:14','2018-11-21 11:51:14',6,13,300),(2719,139,'2018-11-21 11:51:14','2018-11-21 11:51:14',6,13,300),(2720,139,'2018-11-21 11:51:14','2018-11-21 11:51:14',6,13,300),(2721,139,'2018-11-21 11:51:14','2018-11-21 11:51:14',6,13,300),(2722,139,'2018-11-21 11:51:14','2018-11-21 11:51:14',6,13,300),(2723,139,'2018-11-21 11:51:14','2018-11-21 11:51:14',6,13,300),(2724,139,'2018-11-21 11:51:14','2018-11-21 11:51:14',6,13,300),(2725,139,'2018-11-21 11:51:14','2018-11-21 11:51:14',6,13,300),(2726,139,'2018-11-21 11:51:14','2018-11-21 11:51:14',6,13,300),(2727,139,'2018-11-21 11:51:14','2018-11-21 11:51:14',6,13,300),(2728,139,'2018-11-21 11:51:14','2018-11-21 11:51:14',6,13,300),(2729,139,'2018-11-21 11:51:14','2018-11-21 11:51:14',6,13,300),(2730,139,'2018-11-21 11:51:14','2018-11-21 11:51:14',6,13,300),(2731,139,'2018-11-21 11:51:14','2018-11-21 11:51:14',6,13,300),(2732,139,'2018-11-21 11:51:14','2018-11-21 11:51:14',6,13,300),(2733,139,'2018-11-21 11:51:14','2018-11-21 11:51:14',6,13,300),(2734,139,'2018-11-21 11:51:14','2018-11-21 11:51:14',6,13,300),(2735,139,'2018-11-21 11:51:14','2018-11-21 11:51:14',6,13,300),(2736,139,'2018-11-21 11:51:14','2018-11-21 11:51:14',6,13,300),(2737,139,'2018-11-21 11:51:14','2018-11-21 11:51:14',6,13,300),(2738,139,'2018-11-21 11:51:14','2018-11-21 11:51:14',6,13,300),(2739,139,'2018-11-21 11:51:14','2018-11-21 11:51:14',6,13,300),(2740,139,'2018-11-21 11:51:14','2018-11-21 11:51:14',6,13,300),(2741,139,'2018-11-21 11:51:14','2018-11-21 11:51:14',6,13,300),(2742,139,'2018-11-21 11:51:14','2018-11-21 11:51:14',6,13,300),(2743,139,'2018-11-21 11:51:14','2018-11-21 11:51:14',6,13,300),(2744,139,'2018-11-21 11:51:14','2018-11-21 11:51:14',6,13,300),(2745,139,'2018-11-21 11:51:14','2018-11-21 11:51:14',6,13,300),(2746,139,'2018-11-21 11:51:14','2018-11-21 11:51:14',6,13,300),(2747,139,'2018-11-21 11:51:14','2018-11-21 11:51:14',6,13,300),(2748,139,'2018-11-21 11:51:14','2018-11-21 11:51:14',6,13,300),(2749,139,'2018-11-21 11:51:14','2018-11-21 11:51:14',6,13,300),(2750,139,'2018-11-21 11:51:14','2018-11-21 11:51:14',6,13,300),(2751,139,'2018-11-21 11:51:14','2018-11-21 11:51:14',6,13,300),(2752,139,'2018-11-21 11:51:14','2018-11-21 11:51:14',6,13,300),(2753,139,'2018-11-21 11:51:14','2018-11-21 11:51:14',6,13,300),(2754,139,'2018-11-21 11:51:14','2018-11-21 11:51:14',6,13,300),(2755,139,'2018-11-21 11:51:14','2018-11-21 11:51:14',6,13,300),(2756,139,'2018-11-21 11:51:14','2018-11-21 11:51:14',6,13,300),(2757,139,'2018-11-21 11:51:14','2018-11-21 11:51:14',6,13,300),(2758,139,'2018-11-21 11:51:14','2018-11-21 11:51:14',6,13,300),(2759,139,'2018-11-21 11:51:14','2018-11-21 11:51:14',6,13,300),(2760,139,'2018-11-21 11:51:14','2018-11-21 11:51:14',6,13,300),(2761,139,'2018-11-21 11:51:14','2018-11-21 11:51:14',6,13,300),(2762,139,'2018-11-21 11:51:14','2018-11-21 11:51:14',6,13,300),(2763,139,'2018-11-21 11:51:14','2018-11-21 11:51:14',6,13,300),(2764,139,'2018-11-21 11:51:14','2018-11-21 11:51:14',6,13,300),(2765,139,'2018-11-21 11:51:14','2018-11-21 11:51:14',6,13,300),(2766,139,'2018-11-21 11:51:14','2018-11-21 11:51:14',6,13,300),(2767,139,'2018-11-21 11:51:14','2018-11-21 11:51:14',6,13,300),(2768,139,'2018-11-21 11:51:14','2018-11-21 11:51:14',6,13,300),(2769,139,'2018-11-21 11:51:14','2018-11-21 11:51:14',6,13,300),(2770,139,'2018-11-21 11:51:14','2018-11-21 11:51:14',6,13,300),(2771,139,'2018-11-21 11:51:14','2018-11-21 11:51:14',6,13,300),(2772,139,'2018-11-21 11:51:14','2018-11-21 11:51:14',6,13,300),(2773,139,'2018-11-21 11:51:14','2018-11-21 11:51:14',6,13,300),(2774,139,'2018-11-21 11:51:14','2018-11-21 11:51:14',6,13,300),(2775,139,'2018-11-21 11:51:14','2018-11-21 11:51:14',6,13,300),(2776,139,'2018-11-21 11:51:14','2018-11-21 11:51:14',6,13,300),(2777,139,'2018-11-21 11:51:14','2018-11-21 11:51:14',6,13,300),(2778,139,'2018-11-21 11:51:14','2018-11-21 11:51:14',6,13,300),(2779,139,'2018-11-21 11:51:14','2018-11-21 11:51:14',6,13,300),(2780,139,'2018-11-21 11:51:14','2018-11-21 11:51:14',6,13,300),(2781,139,'2018-11-21 11:51:14','2018-11-21 11:51:14',6,13,300),(2782,139,'2018-11-21 11:51:14','2018-11-21 11:51:14',6,13,300),(2783,139,'2018-11-21 11:51:14','2018-11-21 11:51:14',6,13,300),(2784,139,'2018-11-21 11:51:14','2018-11-21 11:51:14',6,13,300),(2785,139,'2018-11-21 11:51:14','2018-11-21 11:51:14',6,13,300),(2786,139,'2018-11-21 11:51:14','2018-11-21 11:51:14',6,13,300),(2787,139,'2018-11-21 11:51:14','2018-11-21 11:51:14',6,13,300),(2788,139,'2018-11-21 11:51:14','2018-11-21 11:51:14',6,13,300),(2789,139,'2018-11-21 11:51:14','2018-11-21 11:51:14',6,13,300),(2790,139,'2018-11-21 11:51:14','2018-11-21 11:51:14',6,13,300),(2791,139,'2018-11-21 11:51:14','2018-11-21 11:51:14',6,13,300),(2792,139,'2018-11-21 11:51:14','2018-11-21 11:51:14',6,13,300),(2793,139,'2018-11-21 11:51:14','2018-11-21 11:51:14',6,13,300),(2794,139,'2018-11-21 11:51:14','2018-11-21 11:51:14',6,13,300),(2795,139,'2018-11-21 11:51:14','2018-11-21 11:51:14',6,13,300),(2796,139,'2018-11-21 11:51:14','2018-11-21 11:51:14',6,13,300),(2797,139,'2018-11-21 11:51:14','2018-11-21 11:51:14',6,13,300),(2798,139,'2018-11-21 11:51:14','2018-11-21 11:51:14',6,13,300),(2799,139,'2018-11-21 11:51:14','2018-11-21 11:51:14',6,13,300),(2800,139,'2018-11-21 11:51:14','2018-11-21 11:51:14',6,13,300),(2801,139,'2018-11-21 11:51:14','2018-11-21 11:51:14',6,13,300),(2802,139,'2018-11-21 11:51:14','2018-11-21 11:51:14',6,13,300),(2803,139,'2018-11-21 11:51:14','2018-11-21 11:51:14',6,13,300),(2804,139,'2018-11-21 11:51:14','2018-11-21 11:51:14',6,13,300),(2805,139,'2018-11-21 11:51:14','2018-11-21 11:51:14',6,13,300),(2806,139,'2018-11-21 11:51:14','2018-11-21 11:51:14',6,13,300),(2807,139,'2018-11-21 11:51:14','2018-11-21 11:51:14',6,13,300),(2808,139,'2018-11-21 11:51:14','2018-11-21 11:51:14',6,13,300),(2809,139,'2018-11-21 11:51:14','2018-11-21 11:51:14',6,13,300),(2810,139,'2018-11-21 11:51:14','2018-11-21 11:51:14',6,13,300),(2811,139,'2018-11-21 11:51:14','2018-11-21 11:51:14',6,13,300),(2812,139,'2018-11-21 11:51:14','2018-11-21 11:51:14',6,13,300),(2813,139,'2018-11-21 11:51:14','2018-11-21 11:51:14',6,13,300),(2814,139,'2018-11-21 11:51:14','2018-11-21 11:51:14',6,13,300),(2815,139,'2018-11-21 11:51:14','2018-11-21 11:51:14',6,13,300),(2816,139,'2018-11-21 11:51:14','2018-11-21 11:51:14',6,13,300),(2817,139,'2018-11-21 11:51:14','2018-11-21 11:51:14',6,13,300),(2818,139,'2018-11-21 11:51:14','2018-11-21 11:51:14',6,13,300),(2819,139,'2018-11-21 11:51:14','2018-11-21 11:51:14',6,13,300),(2820,139,'2018-11-21 11:51:14','2018-11-21 11:51:14',6,13,300),(2821,139,'2018-11-21 11:51:14','2018-11-21 11:51:14',6,13,300),(2822,139,'2018-11-21 11:51:14','2018-11-21 11:51:14',6,13,300),(2823,139,'2018-11-21 11:51:14','2018-11-21 11:51:14',6,13,300),(2824,139,'2018-11-21 11:51:14','2018-11-21 11:51:14',6,13,300),(2825,139,'2018-11-21 11:51:14','2018-11-21 11:51:14',6,13,300),(2826,139,'2018-11-21 11:51:14','2018-11-21 11:51:14',6,13,300),(2827,139,'2018-11-21 11:51:14','2018-11-21 11:51:14',6,13,300),(2828,139,'2018-11-21 11:51:14','2018-11-21 11:51:14',6,13,300),(2829,139,'2018-11-21 11:51:14','2018-11-21 11:51:14',6,13,300),(2830,139,'2018-11-21 11:51:14','2018-11-21 11:51:14',6,13,300),(2831,139,'2018-11-21 11:51:14','2018-11-21 11:51:14',6,13,300),(2832,139,'2018-11-21 11:51:14','2018-11-21 11:51:14',6,13,300),(2833,139,'2018-11-21 11:51:14','2018-11-21 11:51:14',6,13,300),(2834,139,'2018-11-21 11:51:14','2018-11-21 11:51:14',6,13,300),(2835,139,'2018-11-21 11:51:14','2018-11-21 11:51:14',6,13,300),(2836,139,'2018-11-21 11:51:14','2018-11-21 11:51:14',6,13,300),(2837,139,'2018-11-21 11:51:14','2018-11-21 11:51:14',6,13,300),(2838,139,'2018-11-21 11:51:14','2018-11-21 11:51:14',6,13,300),(2839,139,'2018-11-21 11:51:14','2018-11-21 11:51:14',6,13,300),(2840,139,'2018-11-21 11:51:14','2018-11-21 11:51:14',6,13,300),(2841,139,'2018-11-21 11:51:14','2018-11-21 11:51:14',6,13,300),(2842,139,'2018-11-21 11:51:14','2018-11-21 11:51:14',6,13,300),(2843,139,'2018-11-21 11:51:14','2018-11-21 11:51:14',6,13,300),(2844,139,'2018-11-21 11:51:14','2018-11-21 11:51:14',6,13,300),(2845,139,'2018-11-21 11:51:14','2018-11-21 11:51:14',6,13,300),(2846,139,'2018-11-21 11:51:14','2018-11-21 11:51:14',6,13,300),(2847,139,'2018-11-21 11:51:14','2018-11-21 11:51:14',6,13,300),(2848,139,'2018-11-21 11:51:14','2018-11-21 11:51:14',6,13,300),(2849,139,'2018-11-21 11:51:14','2018-11-21 11:51:14',6,13,300),(2850,139,'2018-11-21 11:51:14','2018-11-21 11:51:14',6,13,300),(2851,139,'2018-11-21 11:51:14','2018-11-21 11:51:14',6,13,300),(2852,139,'2018-11-21 11:51:14','2018-11-21 11:51:14',6,13,300),(2853,139,'2018-11-21 11:51:14','2018-11-21 11:51:14',6,13,300),(2854,139,'2018-11-21 11:51:14','2018-11-21 11:51:14',6,13,300),(2855,139,'2018-11-21 11:51:14','2018-11-21 11:51:14',6,13,300),(2856,139,'2018-11-21 11:51:14','2018-11-21 11:51:14',6,13,300),(2857,139,'2018-11-21 11:51:14','2018-11-21 11:51:14',6,13,300),(2858,139,'2018-11-21 11:51:14','2018-11-21 11:51:14',6,13,300),(2859,139,'2018-11-21 11:51:14','2018-11-21 11:51:14',6,13,300),(2860,139,'2018-11-21 11:51:14','2018-11-21 11:51:14',6,13,300),(2861,139,'2018-11-21 11:51:14','2018-11-21 11:51:14',6,13,300),(2862,139,'2018-11-21 11:51:14','2018-11-21 11:51:14',6,13,300),(2863,139,'2018-11-21 11:51:14','2018-11-21 11:51:14',6,13,300),(2864,139,'2018-11-21 11:51:14','2018-11-21 11:51:14',6,13,300),(2865,139,'2018-11-21 11:51:14','2018-11-21 11:51:14',6,13,300),(2866,139,'2018-11-21 11:51:14','2018-11-21 11:51:14',6,13,300),(2867,139,'2018-11-21 11:51:14','2018-11-21 11:51:14',6,13,300),(2868,139,'2018-11-21 11:51:14','2018-11-21 11:51:14',6,13,300),(2869,139,'2018-11-21 11:51:14','2018-11-21 11:51:14',6,13,300),(2870,139,'2018-11-21 11:51:14','2018-11-21 11:51:14',6,13,300),(2871,139,'2018-11-21 11:51:14','2018-11-21 11:51:14',6,13,300),(2872,139,'2018-11-21 11:51:14','2018-11-21 11:51:14',6,13,300),(2873,139,'2018-11-21 11:51:14','2018-11-21 11:51:14',6,13,300),(2874,139,'2018-11-21 11:51:14','2018-11-21 11:51:14',6,13,300),(2875,139,'2018-11-21 11:51:14','2018-11-21 11:51:14',6,13,300),(2876,139,'2018-11-21 11:51:14','2018-11-21 11:51:14',6,13,300),(2877,139,'2018-11-21 11:51:14','2018-11-21 11:51:14',6,13,300),(2878,139,'2018-11-21 11:51:14','2018-11-21 11:51:14',6,13,300),(2879,139,'2018-11-21 11:51:14','2018-11-21 11:51:14',6,13,300),(2880,139,'2018-11-21 11:51:14','2018-11-21 11:51:14',6,13,300),(2881,139,'2018-11-21 11:51:14','2018-11-21 11:51:14',6,13,300),(2882,139,'2018-11-21 11:51:14','2018-11-21 11:51:14',6,13,300),(2883,139,'2018-11-21 11:51:14','2018-11-21 11:51:14',6,13,300),(2884,139,'2018-11-21 11:51:14','2018-11-21 11:51:14',6,13,300),(2885,139,'2018-11-21 11:51:14','2018-11-21 11:51:14',6,13,300),(2886,139,'2018-11-21 11:51:14','2018-11-21 11:51:14',6,13,300),(2887,139,'2018-11-21 11:51:14','2018-11-21 11:51:14',6,13,300),(2888,139,'2018-11-21 11:51:14','2018-11-21 11:51:14',6,13,300),(2889,139,'2018-11-21 11:51:14','2018-11-21 11:51:14',6,13,300),(2890,139,'2018-11-21 11:51:14','2018-11-21 11:51:14',6,13,300),(2891,139,'2018-11-21 11:51:14','2018-11-21 11:51:14',6,13,300),(2892,139,'2018-11-21 11:51:14','2018-11-21 11:51:14',6,13,300),(2893,139,'2018-11-21 11:51:14','2018-11-21 11:51:14',6,13,300),(2894,139,'2018-11-21 11:51:14','2018-11-21 11:51:14',6,13,300),(2895,139,'2018-11-21 11:51:14','2018-11-21 11:51:14',6,13,300),(2896,139,'2018-11-21 11:51:14','2018-11-21 11:51:14',6,13,300),(2897,139,'2018-11-21 11:51:14','2018-11-21 11:51:14',6,13,300),(2898,139,'2018-11-21 11:51:14','2018-11-21 11:51:14',6,13,300),(2899,139,'2018-11-21 11:51:14','2018-11-21 11:51:14',6,13,300),(2900,139,'2018-11-21 11:51:14','2018-11-21 11:51:14',6,13,300),(2901,139,'2018-11-21 11:51:14','2018-11-21 11:51:14',6,13,300),(2902,139,'2018-11-21 11:51:14','2018-11-21 11:51:14',6,13,300),(2903,139,'2018-11-21 11:51:14','2018-11-21 11:51:14',6,13,300),(2904,139,'2018-11-21 11:51:14','2018-11-21 11:51:14',6,13,300),(2905,139,'2018-11-21 11:51:14','2018-11-21 11:51:14',6,13,300),(2906,139,'2018-11-21 11:51:15','2018-11-21 11:51:15',6,13,300),(2907,139,'2018-11-21 11:51:15','2018-11-21 11:51:15',6,13,300),(2908,139,'2018-11-21 11:51:15','2018-11-21 11:51:15',6,13,300),(2909,139,'2018-11-21 11:51:15','2018-11-21 11:51:15',6,13,300),(2910,139,'2018-11-21 11:51:15','2018-11-21 11:51:15',6,13,300),(2911,139,'2018-11-21 11:51:15','2018-11-21 11:51:15',6,13,300),(2912,139,'2018-11-21 11:51:15','2018-11-21 11:51:15',6,13,300),(2913,139,'2018-11-21 11:51:15','2018-11-21 11:51:15',6,13,300),(2914,139,'2018-11-21 11:51:15','2018-11-21 11:51:15',6,13,300),(2915,139,'2018-11-21 11:51:15','2018-11-21 11:51:15',6,13,300),(2916,139,'2018-11-21 11:51:15','2018-11-21 11:51:15',6,13,300),(2917,139,'2018-11-21 11:51:15','2018-11-21 11:51:15',6,13,300),(2918,139,'2018-11-21 11:51:15','2018-11-21 11:51:15',6,13,300),(2919,139,'2018-11-21 11:51:15','2018-11-21 11:51:15',6,13,300),(2920,139,'2018-11-21 11:51:15','2018-11-21 11:51:15',6,13,300),(2921,139,'2018-11-21 11:51:15','2018-11-21 11:51:15',6,13,300),(2922,139,'2018-11-21 11:51:15','2018-11-21 11:51:15',6,13,300),(2923,139,'2018-11-21 11:51:15','2018-11-21 11:51:15',6,13,300),(2924,139,'2018-11-21 11:51:15','2018-11-21 11:51:15',6,13,300),(2925,139,'2018-11-21 11:51:15','2018-11-21 11:51:15',6,13,300),(2926,139,'2018-11-21 11:51:15','2018-11-21 11:51:15',6,13,300),(2927,139,'2018-11-21 11:51:15','2018-11-21 11:51:15',6,13,300),(2928,139,'2018-11-21 11:51:15','2018-11-21 11:51:15',6,13,300),(2929,139,'2018-11-21 11:51:15','2018-11-21 11:51:15',6,13,300),(2930,139,'2018-11-21 11:51:15','2018-11-21 11:51:15',6,13,300),(2931,139,'2018-11-21 11:51:15','2018-11-21 11:51:15',6,13,300),(2932,139,'2018-11-21 11:51:15','2018-11-21 11:51:15',6,13,300),(2933,139,'2018-11-21 11:51:15','2018-11-21 11:51:15',6,13,300),(2934,139,'2018-11-21 11:51:15','2018-11-21 11:51:15',6,13,300),(2935,139,'2018-11-21 11:51:15','2018-11-21 11:51:15',6,13,300),(2936,139,'2018-11-21 11:51:15','2018-11-21 11:51:15',6,13,300),(2937,139,'2018-11-21 11:51:15','2018-11-21 11:51:15',6,13,300),(2938,139,'2018-11-21 11:51:15','2018-11-21 11:51:15',6,13,300),(2939,139,'2018-11-21 11:51:15','2018-11-21 11:51:15',6,13,300),(2940,139,'2018-11-21 11:51:15','2018-11-21 11:51:15',6,13,300),(2941,139,'2018-11-21 11:51:15','2018-11-21 11:51:15',6,13,300),(2942,139,'2018-11-21 11:51:15','2018-11-21 11:51:15',6,13,300),(2943,139,'2018-11-21 11:51:15','2018-11-21 11:51:15',6,13,300),(2944,139,'2018-11-21 11:51:15','2018-11-21 11:51:15',6,13,300),(2945,139,'2018-11-21 11:51:15','2018-11-21 11:51:15',6,13,300),(2946,139,'2018-11-21 11:51:15','2018-11-21 11:51:15',6,13,300),(2947,139,'2018-11-21 11:51:15','2018-11-21 11:51:15',6,13,300),(2948,139,'2018-11-21 11:51:15','2018-11-21 11:51:15',6,13,300),(2949,139,'2018-11-21 11:51:15','2018-11-21 11:51:15',6,13,300),(2950,139,'2018-11-21 11:51:15','2018-11-21 11:51:15',6,13,300),(2951,139,'2018-11-21 11:51:15','2018-11-21 11:51:15',6,13,300),(2952,139,'2018-11-21 11:51:15','2018-11-21 11:51:15',6,13,300),(2953,139,'2018-11-21 11:51:15','2018-11-21 11:51:15',6,13,300),(2954,139,'2018-11-21 11:51:15','2018-11-21 11:51:15',6,13,300),(2955,139,'2018-11-21 11:51:15','2018-11-21 11:51:15',6,13,300),(2956,139,'2018-11-21 11:51:15','2018-11-21 11:51:15',6,13,300),(2957,139,'2018-11-21 11:51:15','2018-11-21 11:51:15',6,13,300),(2958,139,'2018-11-21 11:51:15','2018-11-21 11:51:15',6,13,300),(2959,139,'2018-11-21 11:51:15','2018-11-21 11:51:15',6,13,300),(2960,139,'2018-11-21 11:51:15','2018-11-21 11:51:15',6,13,300),(2961,139,'2018-11-21 11:51:15','2018-11-21 11:51:15',6,13,300),(2962,139,'2018-11-21 11:51:15','2018-11-21 11:51:15',6,13,300),(2963,139,'2018-11-21 11:51:15','2018-11-21 11:51:15',6,13,300),(2964,139,'2018-11-21 11:51:15','2018-11-21 11:51:15',6,13,300),(2965,139,'2018-11-21 11:51:15','2018-11-21 11:51:15',6,13,300),(2966,139,'2018-11-21 11:51:15','2018-11-21 11:51:15',6,13,300),(2967,139,'2018-11-21 11:51:15','2018-11-21 11:51:15',6,13,300),(2968,139,'2018-11-21 11:51:15','2018-11-21 11:51:15',6,13,300),(2969,139,'2018-11-21 11:51:15','2018-11-21 11:51:15',6,13,300),(2970,139,'2018-11-21 11:51:15','2018-11-21 11:51:15',6,13,300),(2971,139,'2018-11-21 11:51:15','2018-11-21 11:51:15',6,13,300),(2972,139,'2018-11-21 11:51:15','2018-11-21 11:51:15',6,13,300),(2973,139,'2018-11-21 11:51:15','2018-11-21 11:51:15',6,13,300),(2974,139,'2018-11-21 11:51:15','2018-11-21 11:51:15',6,13,300),(2975,139,'2018-11-21 11:51:15','2018-11-21 11:51:15',6,13,300),(2976,139,'2018-11-21 11:51:15','2018-11-21 11:51:15',6,13,300),(2977,139,'2018-11-21 11:51:15','2018-11-21 11:51:15',6,13,300),(2978,139,'2018-11-21 11:51:15','2018-11-21 11:51:15',6,13,300),(2979,139,'2018-11-21 11:51:15','2018-11-21 11:51:15',6,13,300),(2980,139,'2018-11-21 11:51:15','2018-11-21 11:51:15',6,13,300),(2981,139,'2018-11-21 11:51:15','2018-11-21 11:51:15',6,13,300),(2982,139,'2018-11-21 11:51:15','2018-11-21 11:51:15',6,13,300),(2983,139,'2018-11-21 11:51:15','2018-11-21 11:51:15',6,13,300),(2984,139,'2018-11-21 11:51:15','2018-11-21 11:51:15',6,13,300),(2985,139,'2018-11-21 11:51:15','2018-11-21 11:51:15',6,13,300),(2986,139,'2018-11-21 11:51:15','2018-11-21 11:51:15',6,13,300),(2987,139,'2018-11-21 11:51:15','2018-11-21 11:51:15',6,13,300),(2988,134,'2018-11-21 11:52:05','2018-11-21 11:52:05',13,7,50),(2989,134,'2018-11-21 11:52:05','2018-11-21 11:52:05',13,7,50),(2990,134,'2018-11-21 11:52:05','2018-11-21 11:52:05',13,7,50),(2991,134,'2018-11-21 11:52:05','2018-11-21 11:52:05',13,7,50),(2992,134,'2018-11-21 11:52:05','2018-11-21 11:52:05',13,7,50),(2993,134,'2018-11-21 11:52:05','2018-11-21 11:52:05',13,7,50),(2994,134,'2018-11-21 11:52:05','2018-11-21 11:52:05',13,7,50),(2995,134,'2018-11-21 11:52:05','2018-11-21 11:52:05',13,7,50),(2996,134,'2018-11-21 11:52:05','2018-11-21 11:52:05',13,7,50),(2997,134,'2018-11-21 11:52:05','2018-11-21 11:52:05',13,7,50),(2998,134,'2018-11-21 11:52:05','2018-11-21 11:52:05',13,7,50),(2999,134,'2018-11-21 11:52:05','2018-11-21 11:52:05',13,7,50),(3000,134,'2018-11-21 11:52:05','2018-11-21 11:52:05',13,7,50),(3001,134,'2018-11-21 11:52:05','2018-11-21 11:52:05',13,7,50),(3002,134,'2018-11-21 11:52:05','2018-11-21 11:52:05',13,7,50),(3003,134,'2018-11-21 11:52:05','2018-11-21 11:52:05',13,7,50),(3004,134,'2018-11-21 11:52:05','2018-11-21 11:52:05',13,7,50),(3005,134,'2018-11-21 11:52:05','2018-11-21 11:52:05',13,7,50),(3006,134,'2018-11-21 11:52:05','2018-11-21 11:52:05',13,7,50),(3007,134,'2018-11-21 11:52:05','2018-11-21 11:52:05',13,7,50),(3008,134,'2018-11-21 11:52:05','2018-11-21 11:52:05',13,7,50),(3009,134,'2018-11-21 11:52:05','2018-11-21 11:52:05',13,7,50),(3010,134,'2018-11-21 11:52:05','2018-11-21 11:52:05',13,7,50),(3011,134,'2018-11-21 11:52:05','2018-11-21 11:52:05',13,7,50),(3012,134,'2018-11-21 11:52:05','2018-11-21 11:52:05',13,7,50),(3013,134,'2018-11-21 11:52:05','2018-11-21 11:52:05',13,7,50),(3014,134,'2018-11-21 11:52:05','2018-11-21 11:52:05',13,7,50),(3015,134,'2018-11-21 11:52:05','2018-11-21 11:52:05',13,7,50),(3016,134,'2018-11-21 11:52:05','2018-11-21 11:52:05',13,7,50),(3017,134,'2018-11-21 11:52:05','2018-11-21 11:52:05',13,7,50),(3018,134,'2018-11-21 11:52:05','2018-11-21 11:52:05',13,7,50),(3019,134,'2018-11-21 11:52:05','2018-11-21 11:52:05',13,7,50),(3020,134,'2018-11-21 11:52:05','2018-11-21 11:52:05',13,7,50),(3021,134,'2018-11-21 11:52:05','2018-11-21 11:52:05',13,7,50),(3022,134,'2018-11-21 11:52:05','2018-11-21 11:52:05',13,7,50),(3023,134,'2018-11-21 11:52:05','2018-11-21 11:52:05',13,7,50),(3024,134,'2018-11-21 11:52:05','2018-11-21 11:52:05',13,7,50),(3025,134,'2018-11-21 11:52:05','2018-11-21 11:52:05',13,7,50),(3026,134,'2018-11-21 11:52:05','2018-11-21 11:52:05',13,7,50),(3027,134,'2018-11-21 11:52:05','2018-11-21 11:52:05',13,7,50),(3028,134,'2018-11-21 11:52:05','2018-11-21 11:52:05',13,7,50),(3029,134,'2018-11-21 11:52:05','2018-11-21 11:52:05',13,7,50),(3030,134,'2018-11-21 11:52:05','2018-11-21 11:52:05',13,7,50),(3031,134,'2018-11-21 11:52:05','2018-11-21 11:52:05',13,7,50),(3032,134,'2018-11-21 11:52:05','2018-11-21 11:52:05',13,7,50),(3033,134,'2018-11-21 11:52:05','2018-11-21 11:52:05',13,7,50),(3034,134,'2018-11-21 11:52:05','2018-11-21 11:52:05',13,7,50),(3035,134,'2018-11-21 11:52:05','2018-11-21 11:52:05',13,7,50),(3036,134,'2018-11-21 11:52:05','2018-11-21 11:52:05',13,7,50),(3037,134,'2018-11-21 11:52:05','2018-11-21 11:52:05',13,7,50);
/*!40000 ALTER TABLE `FINISHED_PRODUCT` ENABLE KEYS */;
UNLOCK TABLES;

--
-- Table structure for table `INVOICE`
--

DROP TABLE IF EXISTS `INVOICE`;
/*!40101 SET @saved_cs_client     = @@character_set_client */;
/*!40101 SET character_set_client = utf8 */;
CREATE TABLE `INVOICE` (
  `ID` int(10) unsigned NOT NULL AUTO_INCREMENT,
  `PURCHASE_ORDER_ID` int(10) unsigned NOT NULL,
  `invoice_type` enum('CREDIT INVOICE','INVOICE','PRO-FORMA INVOICE','QUOTATION','ORDER CONFIRMATION') NOT NULL DEFAULT 'INVOICE',
  `print_count` tinyint(4) unsigned DEFAULT '0',
  `date_added` datetime DEFAULT CURRENT_TIMESTAMP,
  `date_updated` datetime DEFAULT CURRENT_TIMESTAMP ON UPDATE CURRENT_TIMESTAMP,
  `tax` float DEFAULT '0',
  `discount` float DEFAULT '0',
  `note` text,
  `due_date` datetime DEFAULT NULL,
  `prepared_by` int(10) unsigned NOT NULL DEFAULT '11',
  `created_on` datetime DEFAULT CURRENT_TIMESTAMP,
  `payment_method` enum('Cash','Check') DEFAULT NULL,
  PRIMARY KEY (`ID`),
  KEY `fk_SALES_PO_idx` (`PURCHASE_ORDER_ID`),
  KEY `fk_INVOICE_prepared_by_idx` (`prepared_by`),
  CONSTRAINT `fk_INVOICE_PO_ID` FOREIGN KEY (`PURCHASE_ORDER_ID`) REFERENCES `PURCHASE_ORDER` (`ID`) ON UPDATE CASCADE,
  CONSTRAINT `fk_INVOICE_prepared_by` FOREIGN KEY (`prepared_by`) REFERENCES `EMPLOYEE` (`ID`) ON DELETE NO ACTION ON UPDATE NO ACTION
) ENGINE=InnoDB AUTO_INCREMENT=20 DEFAULT CHARSET=latin1;
/*!40101 SET character_set_client = @saved_cs_client */;

--
-- Dumping data for table `INVOICE`
--

LOCK TABLES `INVOICE` WRITE;
/*!40000 ALTER TABLE `INVOICE` DISABLE KEYS */;
INSERT INTO `INVOICE` VALUES (3,44,'INVOICE',0,'2018-10-27 00:19:35','2018-10-27 00:19:35',0,0,NULL,'2018-12-24 00:00:00',11,'2018-11-01 02:03:56',NULL),(5,60,'INVOICE',0,'2018-10-27 22:17:02','2018-10-27 22:17:02',0,0,NULL,'2018-10-11 21:00:00',11,'2018-11-01 02:03:56',NULL),(11,66,'INVOICE',0,'2018-11-09 00:01:27','2018-11-09 00:01:27',0,0,NULL,'2018-11-15 21:00:00',6,'2018-11-09 00:01:27','Check'),(14,66,'QUOTATION',0,'2018-11-09 00:09:42','2018-11-09 00:09:42',0,0,NULL,NULL,1,'2018-11-09 00:09:42','Check'),(15,77,'INVOICE',0,'2018-11-10 19:11:43','2018-11-10 19:11:43',0,0,'first invoice test','2018-11-16 21:00:00',6,'2018-11-10 19:11:43','Cash'),(16,78,'INVOICE',0,'2018-11-10 21:13:18','2018-11-10 21:13:18',0,0,NULL,'2018-11-14 21:00:00',9,'2018-11-10 21:13:18','Cash'),(17,78,'INVOICE',0,'2018-11-10 23:09:24','2018-11-10 23:09:24',0,0,NULL,'2018-11-19 21:00:00',10,'2018-11-10 23:09:24','Check'),(18,77,'INVOICE',0,'2018-11-16 23:48:01','2018-11-16 23:48:01',0,0,NULL,'2018-11-12 21:00:00',9,'2018-11-16 23:48:01','Check'),(19,80,'INVOICE',0,'2018-11-24 19:09:03','2018-11-24 19:09:03',0,0,NULL,'2018-11-27 21:00:00',6,'2018-11-24 19:09:03','Check');
/*!40000 ALTER TABLE `INVOICE` ENABLE KEYS */;
UNLOCK TABLES;

--
-- Table structure for table `INVOICE_DETAIL`
--

DROP TABLE IF EXISTS `INVOICE_DETAIL`;
/*!40101 SET @saved_cs_client     = @@character_set_client */;
/*!40101 SET character_set_client = utf8 */;
CREATE TABLE `INVOICE_DETAIL` (
  `ID` int(10) unsigned NOT NULL AUTO_INCREMENT,
  `date_addded` datetime DEFAULT CURRENT_TIMESTAMP,
  `date_updated` datetime DEFAULT CURRENT_TIMESTAMP ON UPDATE CURRENT_TIMESTAMP,
  `SALES_ORDER_ID` int(10) unsigned NOT NULL,
  `INVOICE_NO` int(10) unsigned NOT NULL,
  `quantity` int(11) NOT NULL,
  `discount` float unsigned DEFAULT '0',
  `note` varchar(255) DEFAULT NULL,
  `unit_price` float NOT NULL,
  `tax` float DEFAULT '0',
  PRIMARY KEY (`ID`),
  KEY `fk_SALE_DETAIL_INVENTORY_ID_idx` (`SALES_ORDER_ID`),
  KEY `fk_INVOICE_ID_idx` (`INVOICE_NO`),
  CONSTRAINT `fk_INVOICE_DETAIL_order_item` FOREIGN KEY (`SALES_ORDER_ID`) REFERENCES `PURCHASE_ORDER_DETAIL` (`ID`) ON UPDATE NO ACTION,
  CONSTRAINT `fk_INVOICE_ID` FOREIGN KEY (`INVOICE_NO`) REFERENCES `INVOICE` (`ID`) ON DELETE CASCADE ON UPDATE CASCADE
) ENGINE=InnoDB AUTO_INCREMENT=13 DEFAULT CHARSET=latin1;
/*!40101 SET character_set_client = @saved_cs_client */;

--
-- Dumping data for table `INVOICE_DETAIL`
--

LOCK TABLES `INVOICE_DETAIL` WRITE;
/*!40000 ALTER TABLE `INVOICE_DETAIL` DISABLE KEYS */;
INSERT INTO `INVOICE_DETAIL` VALUES (1,'2018-10-27 00:19:36','2018-10-27 00:19:36',42,3,200,0,NULL,300,0),(3,'2018-10-27 22:17:02','2018-10-27 22:17:02',60,5,1,0,'',0,0),(4,'2018-10-27 22:17:03','2018-10-27 22:17:03',61,5,100,0,'',100,0),(5,'2018-11-09 00:01:27','2018-11-09 00:01:27',68,11,100,0,'',200,NULL),(6,'2018-11-09 00:09:42','2018-11-09 00:09:42',68,14,100,0,'',200,NULL),(7,'2018-11-10 19:11:43','2018-11-10 19:11:43',81,15,500,0,'',4000,NULL),(8,'2018-11-10 21:13:18','2018-11-10 21:13:18',81,16,500,0,'',4000,NULL),(9,'2018-11-10 23:09:24','2018-11-10 23:09:24',81,17,500,0,'',4000,NULL),(10,'2018-11-16 23:48:01','2018-11-16 23:48:01',82,18,300,10,'',600,0),(11,'2018-11-24 19:09:04','2018-11-24 19:09:04',83,19,300,0,'',200,0),(12,'2018-11-24 19:09:04','2018-11-24 19:09:04',84,19,400,0,'',300,0);
/*!40000 ALTER TABLE `INVOICE_DETAIL` ENABLE KEYS */;
UNLOCK TABLES;

--
-- Table structure for table `INVOICE_PAYMENTS`
--

DROP TABLE IF EXISTS `INVOICE_PAYMENTS`;
/*!40101 SET @saved_cs_client     = @@character_set_client */;
/*!40101 SET character_set_client = utf8 */;
CREATE TABLE `INVOICE_PAYMENTS` (
  `ID` int(10) unsigned NOT NULL AUTO_INCREMENT,
  `INVOICE_NO` int(10) unsigned NOT NULL,
  `amount` float NOT NULL,
  `date_added` datetime DEFAULT CURRENT_TIMESTAMP,
  `date_updated` datetime DEFAULT CURRENT_TIMESTAMP ON UPDATE CURRENT_TIMESTAMP,
  `CASHIER_ID` int(10) unsigned NOT NULL,
  `print_count` int(11) DEFAULT '0',
  `note` varchar(50) DEFAULT NULL,
  PRIMARY KEY (`ID`),
  KEY `fk_INVOICE_PAYMENTS_INVOICE_idx` (`INVOICE_NO`),
  KEY `fk_INVOICE_PAYMENTS_cashier_idx` (`CASHIER_ID`),
  CONSTRAINT `fk_INVOICE_PAYMENTS_INVOICE` FOREIGN KEY (`INVOICE_NO`) REFERENCES `INVOICE` (`ID`) ON DELETE CASCADE ON UPDATE CASCADE,
  CONSTRAINT `fk_INVOICE_PAYMENTS_cashier` FOREIGN KEY (`CASHIER_ID`) REFERENCES `EMPLOYEE` (`ID`) ON DELETE CASCADE ON UPDATE CASCADE
) ENGINE=InnoDB AUTO_INCREMENT=6 DEFAULT CHARSET=latin1;
/*!40101 SET character_set_client = @saved_cs_client */;

--
-- Dumping data for table `INVOICE_PAYMENTS`
--

LOCK TABLES `INVOICE_PAYMENTS` WRITE;
/*!40000 ALTER TABLE `INVOICE_PAYMENTS` DISABLE KEYS */;
INSERT INTO `INVOICE_PAYMENTS` VALUES (1,15,3000,'2018-11-12 01:27:37','2018-11-12 01:27:37',11,0,NULL),(2,15,100000,'2018-11-12 01:28:03','2018-11-12 01:28:03',11,0,NULL),(3,16,3000,'2018-11-12 22:00:44','2018-11-12 22:00:44',11,0,NULL),(4,16,3000,'2018-11-13 21:33:43','2018-11-13 21:33:43',13,0,NULL),(5,17,2000000,'2018-11-16 23:50:06','2018-11-16 23:50:06',6,0,NULL);
/*!40000 ALTER TABLE `INVOICE_PAYMENTS` ENABLE KEYS */;
UNLOCK TABLES;

--
-- Table structure for table `ITEM`
--

DROP TABLE IF EXISTS `ITEM`;
/*!40101 SET @saved_cs_client     = @@character_set_client */;
/*!40101 SET character_set_client = utf8 */;
CREATE TABLE `ITEM` (
  `ID` int(10) unsigned NOT NULL AUTO_INCREMENT,
  `code` varchar(45) NOT NULL,
  `name` varchar(20) NOT NULL,
  `description` text,
  `weight` float NOT NULL,
  `unit_cost` float NOT NULL,
  `photo` varchar(50) DEFAULT NULL,
  `date_added` datetime DEFAULT CURRENT_TIMESTAMP,
  `date_update` datetime DEFAULT CURRENT_TIMESTAMP ON UPDATE CURRENT_TIMESTAMP,
  `unit` varchar(45) NOT NULL,
  `minimum_quantity` float unsigned DEFAULT '0',
  PRIMARY KEY (`ID`),
  UNIQUE KEY `code_UNIQUE` (`code`)
) ENGINE=InnoDB AUTO_INCREMENT=17 DEFAULT CHARSET=latin1;
/*!40101 SET character_set_client = @saved_cs_client */;

--
-- Dumping data for table `ITEM`
--

LOCK TABLES `ITEM` WRITE;
/*!40000 ALTER TABLE `ITEM` DISABLE KEYS */;
INSERT INTO `ITEM` VALUES (2,'SKU-002','candle 3','added',100,100,'0',NULL,'2018-09-09 20:49:32','mg',0),(5,'SKU-001','test',NULL,10.8,100,NULL,'2018-09-01 20:58:02','2018-09-30 23:19:49','',0),(7,'SKU-004','test',NULL,10.8,100,NULL,'2018-09-09 18:12:02','2018-09-30 23:19:50','mg',0),(9,'SKU-005','test',NULL,10.8,100,NULL,'2018-09-09 18:12:32','2018-09-30 23:19:50','mg',0),(12,'SKU-003','Mikael',NULL,100,100,NULL,'2018-09-09 20:37:45','2018-09-09 20:37:45','kg',0),(13,'SKU-009','special',NULL,500,200,NULL,'2018-10-16 22:50:19','2018-10-16 22:50:19','kg',0),(14,'SKU-111','minimum ',NULL,300,200,NULL,'2018-10-21 02:13:19','2018-10-21 02:17:25','kg',300),(15,'SKU-333','quantity',NULL,400,200,NULL,'2018-10-21 02:18:29','2018-10-21 02:18:29','mg',400),(16,'SKU-119','deployment test',NULL,300,300,NULL,'2018-11-20 18:15:31','2018-11-20 18:15:31','kg',50);
/*!40000 ALTER TABLE `ITEM` ENABLE KEYS */;
UNLOCK TABLES;

--
-- Table structure for table `ITEM_PRICE`
--

DROP TABLE IF EXISTS `ITEM_PRICE`;
/*!40101 SET @saved_cs_client     = @@character_set_client */;
/*!40101 SET character_set_client = utf8 */;
CREATE TABLE `ITEM_PRICE` (
  `ID` int(10) unsigned NOT NULL AUTO_INCREMENT,
  `ITEM_ID` int(10) unsigned NOT NULL,
  `price` float NOT NULL,
  `category_name` varchar(45) NOT NULL,
  `date_added` datetime DEFAULT CURRENT_TIMESTAMP,
  `date_updated` datetime DEFAULT CURRENT_TIMESTAMP ON UPDATE CURRENT_TIMESTAMP,
  `currency` varchar(45) DEFAULT 'ETB',
  PRIMARY KEY (`ID`),
  KEY `fk_ITEM_PRICE_item_idx` (`ITEM_ID`),
  CONSTRAINT `fk_ITEM_PRICE_item` FOREIGN KEY (`ITEM_ID`) REFERENCES `ITEM` (`ID`) ON DELETE CASCADE ON UPDATE CASCADE
) ENGINE=InnoDB DEFAULT CHARSET=latin1;
/*!40101 SET character_set_client = @saved_cs_client */;

--
-- Dumping data for table `ITEM_PRICE`
--

LOCK TABLES `ITEM_PRICE` WRITE;
/*!40000 ALTER TABLE `ITEM_PRICE` DISABLE KEYS */;
/*!40000 ALTER TABLE `ITEM_PRICE` ENABLE KEYS */;
UNLOCK TABLES;

--
-- Table structure for table `PHONE_NUMBER`
--

DROP TABLE IF EXISTS `PHONE_NUMBER`;
/*!40101 SET @saved_cs_client     = @@character_set_client */;
/*!40101 SET character_set_client = utf8 */;
CREATE TABLE `PHONE_NUMBER` (
  `ID` int(10) unsigned NOT NULL AUTO_INCREMENT,
  `CLIENT_ID` int(10) unsigned NOT NULL,
  `number` varchar(13) NOT NULL,
  `type` enum('OFFICE','MOBILE') NOT NULL,
  `date_added` datetime DEFAULT CURRENT_TIMESTAMP,
  `date_updated` datetime DEFAULT CURRENT_TIMESTAMP ON UPDATE CURRENT_TIMESTAMP,
  PRIMARY KEY (`ID`),
  UNIQUE KEY `number_UNIQUE` (`number`),
  KEY `fk_PHONE_NUMBER_client_idx` (`CLIENT_ID`),
  CONSTRAINT `fk_PHONE_NUMBER_client` FOREIGN KEY (`CLIENT_ID`) REFERENCES `CUSTOMER` (`ID`) ON DELETE CASCADE ON UPDATE CASCADE
) ENGINE=InnoDB DEFAULT CHARSET=latin1;
/*!40101 SET character_set_client = @saved_cs_client */;

--
-- Dumping data for table `PHONE_NUMBER`
--

LOCK TABLES `PHONE_NUMBER` WRITE;
/*!40000 ALTER TABLE `PHONE_NUMBER` DISABLE KEYS */;
/*!40000 ALTER TABLE `PHONE_NUMBER` ENABLE KEYS */;
UNLOCK TABLES;

--
-- Table structure for table `PRODUCTION_ORDER_LIST`
--

DROP TABLE IF EXISTS `PRODUCTION_ORDER_LIST`;
/*!40101 SET @saved_cs_client     = @@character_set_client */;
/*!40101 SET character_set_client = utf8 */;
CREATE TABLE `PRODUCTION_ORDER_LIST` (
  `ID` int(10) unsigned NOT NULL AUTO_INCREMENT,
  `ITEM_ID` int(10) unsigned NOT NULL,
  `quantity` int(10) unsigned NOT NULL,
  `cost_per_item` float NOT NULL,
  `date_added` datetime DEFAULT CURRENT_TIMESTAMP,
  `date_updated` datetime DEFAULT CURRENT_TIMESTAMP ON UPDATE CURRENT_TIMESTAMP,
  `due_date` datetime NOT NULL,
  `PURCHASE_ORDER_ID` int(10) unsigned DEFAULT NULL,
  `start` datetime NOT NULL DEFAULT CURRENT_TIMESTAMP,
  `ordered_by` int(10) unsigned NOT NULL,
  `description` varchar(255) DEFAULT NULL,
  PRIMARY KEY (`ID`),
  UNIQUE KEY `PURCHASE_ORDER_ID_UNIQUE` (`PURCHASE_ORDER_ID`),
  KEY `fk_IN_ORDER_LIST_item_idx` (`ITEM_ID`),
  KEY `fk_PRODUCTION_ORDER_LIST_sales_id_idx` (`PURCHASE_ORDER_ID`),
  KEY `fk_PRODUCTION_ORDER_ordered_by_idx` (`ordered_by`),
  CONSTRAINT `fk_IN_ORDER_LIST_item` FOREIGN KEY (`ITEM_ID`) REFERENCES `ITEM` (`ID`) ON DELETE CASCADE ON UPDATE CASCADE,
  CONSTRAINT `fk_PRODUCTION_ORDER_LIST_sales_id` FOREIGN KEY (`PURCHASE_ORDER_ID`) REFERENCES `PURCHASE_ORDER_DETAIL` (`ID`) ON DELETE SET NULL ON UPDATE NO ACTION,
  CONSTRAINT `fk_PRODUCTION_ORDER_ordered_by` FOREIGN KEY (`ordered_by`) REFERENCES `EMPLOYEE` (`ID`) ON DELETE CASCADE ON UPDATE CASCADE
) ENGINE=InnoDB AUTO_INCREMENT=143 DEFAULT CHARSET=latin1;
/*!40101 SET character_set_client = @saved_cs_client */;

--
-- Dumping data for table `PRODUCTION_ORDER_LIST`
--

LOCK TABLES `PRODUCTION_ORDER_LIST` WRITE;
/*!40000 ALTER TABLE `PRODUCTION_ORDER_LIST` DISABLE KEYS */;
INSERT INTO `PRODUCTION_ORDER_LIST` VALUES (22,2,10,100,'2018-09-25 00:00:41','2018-09-25 00:00:41','2018-09-09 00:00:00',NULL,'2018-10-09 19:56:11',11,NULL),(23,2,10,100,'2018-09-25 00:03:06','2018-09-25 00:03:06','2018-09-09 00:00:00',NULL,'2018-10-09 19:56:11',11,NULL),(29,2,10,100,'2018-10-04 21:41:32','2018-10-04 21:41:32','2018-12-12 00:00:00',NULL,'2018-10-09 19:56:11',11,NULL),(30,2,10,100,'2018-10-04 21:42:17','2018-10-04 21:42:17','2018-12-12 00:00:00',NULL,'2018-10-09 19:56:11',11,NULL),(31,2,10,100,'2018-10-04 21:42:54','2018-10-04 21:42:54','2018-12-12 00:00:00',2,'2018-10-09 19:56:11',11,NULL),(32,2,10,100,'2018-10-04 21:55:43','2018-10-04 21:55:43','2018-12-12 00:00:00',6,'2018-10-09 19:56:11',11,NULL),(33,7,40,100,'2018-10-09 20:31:25','2018-10-09 20:31:25','2018-10-18 17:21:57',NULL,'2018-10-19 17:21:57',11,NULL),(34,2,10,100,'2018-10-10 00:10:25','2018-10-10 00:10:25','2018-09-09 00:00:00',7,'0001-01-01 00:00:00',11,NULL),(35,2,10,100,'2018-10-10 00:11:21','2018-10-10 00:11:21','2018-09-09 00:00:00',5,'0001-01-01 00:00:00',11,NULL),(36,2,0,100,'2018-10-10 02:42:08','2018-10-10 02:42:08','2018-09-09 00:00:00',9,'0001-01-01 00:00:00',11,NULL),(37,12,0,100,'2018-10-10 02:42:47','2018-10-10 02:42:47','2018-10-09 21:56:33',14,'0001-01-01 00:00:00',11,NULL),(38,7,80,100,'2018-10-11 21:16:17','2018-10-20 21:52:00','2018-10-23 18:14:33',NULL,'2018-10-24 18:14:33',11,NULL),(39,12,100,100,'2018-10-11 21:16:19','2018-10-11 21:16:19','2018-10-24 18:15:57',NULL,'2018-10-25 18:15:57',11,NULL),(40,7,100,100,'2018-10-11 21:16:39','2018-10-11 21:16:39','2018-10-23 18:14:33',NULL,'2018-10-24 18:14:33',11,NULL),(41,12,100,100,'2018-10-11 21:16:39','2018-10-11 21:16:39','2018-10-24 18:15:57',NULL,'2018-10-25 18:15:57',11,NULL),(42,9,20,100,'2018-10-11 22:10:27','2018-10-11 22:10:27','2018-10-25 19:08:52',NULL,'2018-10-18 22:00:00',11,NULL),(43,5,200,100,'2018-10-11 23:05:20','2018-10-11 23:05:20','2018-10-26 20:04:04',NULL,'2018-10-18 20:04:04',11,NULL),(44,7,3000,100,'2018-10-12 21:58:21','2018-10-12 21:58:21','2018-10-27 18:47:00',24,'0001-01-01 00:00:00',11,NULL),(45,7,100,100,'2018-10-12 22:15:46','2018-10-12 22:15:46','2018-10-24 19:14:27',26,'0001-01-01 00:00:00',11,NULL),(46,2,10,100,'2018-10-13 21:59:05','2018-10-13 21:59:05','2018-09-09 00:00:00',10,'0001-01-01 00:00:00',11,NULL),(47,2,10,100,'2018-10-13 22:03:42','2018-10-13 22:03:42','2018-09-09 00:00:00',8,'0001-01-01 00:00:00',11,NULL),(48,9,200,100,'2018-10-14 16:01:12','2018-10-14 16:01:12','2018-10-24 12:59:55',NULL,'2018-10-24 12:59:55',11,NULL),(49,7,100,100,'2018-10-14 16:01:12','2018-10-14 16:01:12','2018-10-25 12:59:55',NULL,'2018-10-25 12:59:55',11,NULL),(50,2,300,100,'2018-10-14 16:08:33','2018-10-14 16:08:33','2018-10-31 13:05:02',30,'0001-01-01 00:00:00',11,NULL),(51,2,100,100,'2018-10-14 16:11:34','2018-10-14 16:11:34','2018-10-17 13:09:42',NULL,'2018-10-13 21:00:00',11,NULL),(52,7,15500,100,'2018-10-14 16:11:34','2018-10-14 16:11:34','2018-10-16 13:09:42',NULL,'2018-10-13 21:00:00',11,NULL),(53,2,11000,100,'2018-10-14 16:15:16','2018-10-14 16:15:16','2018-10-17 13:14:10',NULL,'2018-10-14 13:14:10',11,NULL),(54,2,20,100,'2018-10-14 18:25:03','2018-10-14 18:25:03','2018-09-09 00:00:00',11,'0001-01-01 00:00:00',11,NULL),(55,2,20,100,'2018-10-14 21:34:36','2018-10-14 21:34:36','2018-09-09 00:00:00',12,'0001-01-01 00:00:00',11,NULL),(56,7,300,100,'2018-10-14 22:15:16','2018-10-14 22:15:16','2018-10-23 19:03:14',37,'0001-01-01 00:00:00',11,NULL),(57,7,500,100,'2018-10-14 22:15:16','2018-10-14 22:15:16','2018-10-30 19:03:14',38,'0001-01-01 00:00:00',11,NULL),(58,2,20,100,'2018-10-16 22:16:43','2018-10-16 22:16:43','2018-09-09 00:00:00',13,'0001-01-01 00:00:00',11,NULL),(59,2,20,100,'2018-10-16 22:52:07','2018-10-16 22:52:07','2018-10-10 21:57:23',15,'0001-01-01 00:00:00',11,NULL),(60,5,200,100,'2018-10-16 22:53:56','2018-10-16 22:53:56','2018-10-24 19:53:34',NULL,'2018-10-25 19:53:34',11,NULL),(61,13,300,200,'2018-10-16 22:54:35','2018-10-16 22:54:35','2018-10-24 19:54:10',NULL,'2018-10-25 19:54:10',11,NULL),(62,13,200,200,'2018-10-16 22:59:14','2018-10-16 22:59:14','2018-10-31 19:57:21',42,'0001-01-01 00:00:00',11,NULL),(63,13,200,200,'2018-10-16 23:00:24','2018-10-16 23:00:24','2018-10-17 19:50:48',41,'0001-01-01 00:00:00',11,NULL),(64,13,300,200,'2018-10-16 23:08:44','2018-10-16 23:08:44','2018-10-23 20:06:57',44,'0001-01-01 00:00:00',11,NULL),(66,7,500,100,'2018-10-17 12:55:09','2018-10-17 12:55:09','2018-10-24 09:54:26',NULL,'2018-10-24 09:54:26',11,NULL),(67,13,200,200,'2018-10-17 12:59:15','2018-10-17 12:59:15','2018-10-31 09:57:23',45,'0001-01-01 00:00:00',11,NULL),(68,2,300,100,'2018-10-17 22:33:08','2018-10-17 22:33:08','2018-09-27 08:08:50',16,'0001-01-01 00:00:00',11,NULL),(69,5,1000,100,'2018-10-17 22:35:29','2018-10-17 22:35:29','2018-10-31 16:28:21',19,'0001-01-01 00:00:00',11,NULL),(70,12,100,100,'2018-10-18 01:08:04','2018-10-18 01:08:04','2018-10-31 16:27:00',18,'0001-01-01 00:00:00',11,NULL),(71,12,200,100,'2018-10-18 01:08:24','2018-10-18 01:08:24','2018-09-27 08:09:39',17,'0001-01-01 00:00:00',11,NULL),(73,2,500,100,NULL,'2018-10-20 23:00:28','2018-10-30 13:12:13',55,'2018-10-26 16:46:59',10,'abebe beso bela'),(75,5,40,100,NULL,'2018-10-20 22:08:46','2018-10-24 16:40:11',NULL,'2018-10-24 16:40:11',6,'asasas'),(76,5,250,100,NULL,'2018-10-20 22:15:22','2018-10-31 16:44:39',NULL,'2018-10-25 16:44:39',7,''),(77,12,200,100,NULL,'2018-10-20 22:59:14','2018-10-30 16:12:13',NULL,'2018-10-26 16:12:53',11,''),(81,5,1000,100,'2018-10-21 02:27:37','2018-11-15 21:20:26','2018-10-31 13:28:21',60,'2018-10-24 23:27:27',7,NULL),(83,14,299,200,NULL,'2018-10-21 02:58:44','2018-10-25 14:27:49',NULL,'2018-10-30 14:27:49',6,'create minimum stock'),(84,15,50,200,'2018-10-21 03:06:38','2018-10-21 03:06:38','2018-10-31 00:05:58',NULL,'2018-10-31 00:05:58',7,''),(85,14,100,200,'2018-10-21 22:44:29','2018-10-21 22:44:29','2018-10-31 19:44:13',NULL,'2018-10-31 19:44:13',6,''),(86,5,110,100,'2018-10-22 00:19:33','2018-10-22 00:19:33','2018-10-30 21:19:09',NULL,'2018-10-24 21:19:09',7,NULL),(87,7,2000,100,'2018-10-22 00:25:40','2018-10-22 00:25:40','2018-10-26 21:24:56',NULL,'2018-10-30 21:24:56',7,NULL),(88,5,2000,100,'2018-10-22 00:26:17','2018-10-22 00:26:17','2018-10-30 21:26:05',NULL,'2018-10-30 21:26:05',6,NULL),(89,12,200,100,'2018-10-22 00:28:01','2018-10-22 00:28:01','2018-10-26 21:27:26',NULL,'2018-10-21 21:27:26',6,'nothing'),(90,7,500,100,'2018-10-22 00:44:40','2018-10-22 00:44:40','2018-11-29 21:44:01',NULL,'2018-10-30 21:44:01',7,NULL),(91,14,500,200,'2018-10-22 00:45:18','2018-10-22 00:45:18','2018-10-30 21:44:59',NULL,'2018-10-22 21:44:59',6,NULL),(92,12,500,100,'2018-10-22 21:36:03','2018-10-22 21:36:03','2018-10-30 18:34:47',NULL,'2018-10-30 18:34:47',6,'abebe'),(96,15,50,200,'2018-10-22 21:40:52','2018-10-22 21:40:52','2018-10-23 18:40:37',NULL,'2018-10-23 18:40:37',6,''),(97,12,100,100,'2018-10-28 11:30:41','2018-10-28 11:30:41','2018-10-30 08:29:52',NULL,'2018-10-30 08:29:52',1,'test before deployement'),(98,14,1,200,'2018-11-01 01:57:35','2018-11-01 01:57:35','2018-11-29 22:57:24',NULL,'2018-11-26 22:57:24',6,''),(99,7,66,100,'2018-11-03 14:38:07','2018-11-03 14:38:07','2018-11-29 11:37:39',NULL,'2018-11-28 11:37:39',6,'kjkjkjkj'),(100,12,100,100,'2018-11-03 14:43:17','2018-11-03 14:43:17','2018-11-30 11:43:02',20,'2018-11-29 11:43:02',6,NULL),(131,13,355,200,'2018-11-04 18:57:46','2018-11-04 18:57:46','2018-11-29 21:00:00',NULL,'2018-11-29 21:00:00',11,'Created From Factory'),(132,13,399,200,'2018-11-04 18:57:46','2018-11-04 18:57:46','2018-11-29 21:00:00',NULL,'2018-11-29 21:00:00',11,'Created From Factory'),(133,5,300,100,'2018-11-08 16:26:18','2018-11-08 16:26:18','2018-11-09 21:00:00',52,'2018-11-09 21:00:00',6,'Created From Factory'),(134,13,100,200,'2018-11-08 21:32:36','2018-11-08 21:32:36','2018-11-29 21:00:00',66,'2018-11-29 21:00:00',1,'Created From Factory'),(135,9,200,100,'2018-11-08 21:44:35','2018-11-08 21:44:35','2018-11-09 21:00:00',67,'2018-11-09 21:00:00',10,'Created From Factory'),(136,12,200,100,'2018-11-09 01:45:20','2018-11-09 01:45:20','2018-11-23 21:00:00',69,'2018-11-23 21:00:00',11,'Created From Factory'),(137,13,400,200,'2018-11-09 01:45:20','2018-11-09 01:45:20','2018-11-23 21:00:00',70,'2018-11-23 21:00:00',11,'Created From Factory'),(138,13,300,200,'2018-11-14 23:45:27','2018-11-14 23:45:27','2018-11-23 21:00:00',82,'2018-11-23 21:00:00',11,'Created From Factory'),(139,5,300,100,'2018-11-17 20:10:35','2018-11-17 20:10:35','2018-11-29 21:00:00',83,'2018-11-29 21:00:00',11,'Created From Factory'),(140,12,100,100,'2018-11-20 18:14:08','2018-11-20 18:14:08','2018-12-31 15:13:49',NULL,'2018-11-30 15:13:49',1,''),(141,5,1000,100,'2018-11-23 22:46:55','2018-11-23 22:46:55','2018-10-31 13:28:21',21,'2018-11-29 19:46:45',6,NULL),(142,5,500,100,'2018-11-24 09:35:05','2018-11-24 09:35:05','2018-11-30 06:34:43',NULL,'2018-11-29 06:34:43',1,'');
/*!40000 ALTER TABLE `PRODUCTION_ORDER_LIST` ENABLE KEYS */;
UNLOCK TABLES;

--
-- Table structure for table `PURCHASE_ORDER`
--

DROP TABLE IF EXISTS `PURCHASE_ORDER`;
/*!40101 SET @saved_cs_client     = @@character_set_client */;
/*!40101 SET character_set_client = utf8 */;
CREATE TABLE `PURCHASE_ORDER` (
  `ID` int(10) unsigned NOT NULL AUTO_INCREMENT,
  `CLIENT_ID` int(10) unsigned NOT NULL,
  `date_added` datetime DEFAULT CURRENT_TIMESTAMP,
  `date_updated` datetime DEFAULT CURRENT_TIMESTAMP ON UPDATE CURRENT_TIMESTAMP,
  `CREATED_BY` int(10) unsigned NOT NULL,
  `description` varchar(255) DEFAULT NULL,
  `order_status` enum('Quotation','Confirmed','Canceled','Waiting for Confirmation') DEFAULT 'Quotation',
  `due_date` datetime DEFAULT CURRENT_TIMESTAMP,
  PRIMARY KEY (`ID`),
  KEY `fk_PURCHASE_ORDER_customer_idx` (`CLIENT_ID`),
  KEY `fk_PURCHASE_ORDER_employee_idx` (`CREATED_BY`),
  CONSTRAINT `fk_PURCHASE_ORDER_customer` FOREIGN KEY (`CLIENT_ID`) REFERENCES `CUSTOMER` (`ID`) ON DELETE CASCADE ON UPDATE CASCADE,
  CONSTRAINT `fk_PURCHASE_ORDER_employee` FOREIGN KEY (`CREATED_BY`) REFERENCES `EMPLOYEE` (`ID`) ON DELETE CASCADE ON UPDATE CASCADE
) ENGINE=InnoDB AUTO_INCREMENT=81 DEFAULT CHARSET=latin1;
/*!40101 SET character_set_client = @saved_cs_client */;

--
-- Dumping data for table `PURCHASE_ORDER`
--

LOCK TABLES `PURCHASE_ORDER` WRITE;
/*!40000 ALTER TABLE `PURCHASE_ORDER` DISABLE KEYS */;
INSERT INTO `PURCHASE_ORDER` VALUES (6,1,'2018-09-26 21:10:56','2018-09-26 21:16:55',6,NULL,'Quotation','2018-11-03 23:01:11'),(9,1,'2018-09-26 23:04:56','2018-09-26 23:04:56',6,NULL,'Quotation','2018-11-03 23:01:11'),(10,1,'2018-09-26 23:07:19','2018-09-26 23:07:19',6,NULL,'Quotation','2018-11-03 23:01:11'),(11,1,'2018-09-26 23:10:04','2018-09-26 23:10:04',6,NULL,'Quotation','2018-11-03 23:01:11'),(12,1,'2018-09-26 23:12:20','2018-09-26 23:12:20',6,NULL,'Quotation','2018-11-03 23:01:11'),(13,1,'2018-09-26 23:12:39','2018-09-26 23:12:39',6,NULL,'Quotation','2018-11-03 23:01:11'),(14,1,'2018-09-26 23:13:54','2018-09-26 23:13:54',6,NULL,'Quotation','2018-11-03 23:01:11'),(15,1,'2018-09-26 23:14:34','2018-09-26 23:14:34',6,NULL,'Quotation','2018-11-03 23:01:11'),(16,1,'2018-09-26 23:14:55','2018-11-23 22:36:21',6,NULL,'Confirmed',NULL),(17,1,'2018-09-26 23:16:19','2018-09-26 23:16:19',6,NULL,'Quotation','2018-11-03 23:01:11'),(18,2147484662,'2018-09-27 00:58:00','2018-09-27 00:58:00',11,NULL,'Quotation','2018-11-03 23:01:11'),(19,2147484662,'2018-09-27 00:58:00','2018-09-27 00:58:00',11,NULL,'Quotation','2018-11-03 23:01:11'),(20,2147484662,'2018-09-27 11:10:18','2018-09-27 11:10:18',7,NULL,'Quotation','2018-11-03 23:01:11'),(21,2147484662,'2018-09-27 11:10:18','2018-09-27 11:10:18',7,NULL,'Quotation','2018-11-03 23:01:11'),(22,2147484662,'2018-10-01 19:28:55','2018-10-01 19:28:55',6,NULL,'Quotation','2018-11-03 23:01:11'),(23,2147484662,'2018-10-01 19:28:56','2018-10-01 19:28:56',6,NULL,'Quotation','2018-11-03 23:01:11'),(24,2147484662,'2018-10-01 19:29:44','2018-10-01 19:29:44',6,NULL,'Quotation','2018-11-03 23:01:11'),(25,2147484662,'2018-10-01 19:29:44','2018-11-23 22:37:18',6,NULL,'Confirmed',NULL),(26,2147484662,'2018-10-01 19:29:44','2018-10-01 19:29:44',6,NULL,'Quotation','2018-11-03 23:01:11'),(27,2147484662,'2018-10-01 19:29:45','2018-10-01 19:29:45',6,NULL,'Quotation','2018-11-03 23:01:11'),(28,2147484662,'2018-10-12 21:56:36','2018-10-12 21:56:36',7,NULL,'Quotation','2018-11-03 23:01:11'),(29,2147484662,'2018-10-12 22:14:45','2018-10-12 22:14:45',7,NULL,'Quotation','2018-11-03 23:01:11'),(30,2147484662,'2018-10-12 22:14:45','2018-10-12 22:14:45',7,NULL,'Quotation','2018-11-03 23:01:11'),(31,2147484662,'2018-10-12 23:04:55','2018-10-12 23:04:55',7,NULL,'Quotation','2018-11-03 23:01:11'),(32,2147484662,'2018-10-12 23:04:56','2018-10-12 23:04:56',7,NULL,'Quotation','2018-11-03 23:01:11'),(33,2147484662,'2018-10-14 16:06:11','2018-10-14 16:06:11',9,'EXAMOP','Quotation','2018-11-03 23:01:11'),(34,2147484662,'2018-10-14 16:06:11','2018-10-14 16:06:11',9,'EXAMOP','Quotation','2018-11-03 23:01:11'),(35,2147484662,'2018-10-14 18:31:24','2018-10-14 18:31:24',7,'erer','Quotation','2018-11-03 23:01:11'),(36,2147484662,'2018-10-14 21:37:10','2018-10-14 21:37:10',7,'beso','Quotation','2018-11-03 23:01:11'),(37,2147484662,'2018-10-14 21:37:10','2018-10-14 21:37:10',7,'beso','Quotation','2018-11-03 23:01:11'),(38,2147484663,'2018-10-14 21:48:08','2018-10-14 21:48:08',9,'enterprise','Quotation','2018-11-03 23:01:11'),(39,2147484663,'2018-10-14 21:48:08','2018-10-14 21:48:08',9,'enterprise','Quotation','2018-11-03 23:01:11'),(40,2147484663,'2018-10-14 21:48:08','2018-10-14 21:48:08',9,'enterprise','Quotation','2018-11-03 23:01:11'),(41,2147484663,'2018-10-14 22:04:07','2018-10-14 22:04:07',7,'some discription','Quotation','2018-11-03 23:01:11'),(42,2147484662,'2018-10-14 22:49:30','2018-10-14 22:49:30',7,'mikael','Quotation','2018-11-03 23:01:11'),(43,2147484662,'2018-10-16 22:51:17','2018-10-16 22:51:17',6,'Mikael','Quotation','2018-11-03 23:01:11'),(44,2147484662,'2018-10-16 22:57:54','2018-10-16 22:57:54',7,'random','Quotation','2018-11-03 23:01:11'),(45,2147484665,'2018-10-16 23:06:18','2018-10-16 23:06:18',6,'check for booking','Quotation','2018-11-03 23:01:11'),(46,2147484665,'2018-10-16 23:07:45','2018-10-16 23:07:45',13,'sku-9','Quotation','2018-11-03 23:01:11'),(47,2147484663,'2018-10-17 12:58:12','2018-10-17 12:58:12',13,'ephrem','Quotation','2018-11-03 23:01:11'),(48,2147484662,'2018-10-17 22:00:38','2018-10-17 22:00:38',6,'100','Quotation','2018-11-03 23:01:11'),(49,2147484662,'2018-10-17 22:11:33','2018-10-17 22:11:33',1,'abebe','Quotation','2018-11-03 23:01:11'),(50,2147484664,'2018-10-17 22:17:04','2018-10-17 22:17:04',6,'checlimg','Quotation','2018-11-03 23:01:11'),(51,2147484663,'2018-10-17 22:36:52','2018-10-17 22:36:52',9,'aajja','Quotation','2018-11-03 23:01:11'),(52,2147484664,'2018-10-17 22:38:21','2018-10-17 22:38:21',9,'slkdjas','Quotation','2018-11-03 23:01:11'),(53,2147484664,'2018-10-17 22:40:01','2018-10-17 22:40:01',7,'ansnas','Quotation','2018-11-03 23:01:11'),(54,2147484663,'2018-10-17 22:47:24','2018-10-17 22:47:24',6,'emola','Quotation','2018-11-03 23:01:11'),(55,2147484662,'2018-10-18 01:07:25','2018-10-18 01:07:25',7,'Beso','Quotation','2018-11-03 23:01:11'),(56,2147484663,'2018-10-18 01:12:56','2018-10-18 01:12:56',6,'asas','Quotation','2018-11-03 23:01:11'),(57,2147484663,'2018-10-21 02:51:45','2018-10-21 02:51:45',6,'asasas','Quotation','2018-11-03 23:01:11'),(58,2147484662,'2018-10-21 02:57:38','2018-10-21 02:57:38',7,'hy','Quotation','2018-11-03 23:01:11'),(59,2147484665,'2018-10-21 03:05:42','2018-10-21 03:05:42',7,'11','Quotation','2018-11-03 23:01:11'),(60,2147484662,'2018-10-22 22:00:56','2018-10-22 22:00:56',6,'abebe','Quotation','2018-11-03 23:01:11'),(64,2147484662,'2018-11-08 21:32:03','2018-11-08 21:32:03',7,'abbebebe','Quotation',NULL),(65,1,'2018-11-08 21:42:56','2018-11-08 21:42:56',6,'300','Confirmed',NULL),(66,2147484663,'2018-11-08 23:25:31','2018-11-08 23:25:31',7,'abebes order','Quotation',NULL),(67,2147484662,'2018-11-09 01:44:28','2018-11-09 01:44:28',7,'','Quotation',NULL),(68,2147484662,'2018-11-09 02:15:31','2018-11-09 02:15:31',13,'','Quotation',NULL),(69,1,'2018-11-09 02:18:06','2018-11-09 02:18:06',6,'','Quotation',NULL),(74,2147484664,'2018-11-09 22:32:18','2018-11-09 22:32:18',10,'','Quotation',NULL),(75,2147484662,'2018-11-09 22:44:55','2018-11-09 22:44:55',9,'','Quotation',NULL),(76,1,'2018-11-09 22:47:38','2018-11-09 22:47:38',7,'abebe','Quotation',NULL),(77,2147484662,'2018-11-09 22:52:29','2018-11-09 22:52:29',7,'','Quotation','2018-11-17 19:51:55'),(78,2147484663,'2018-11-10 18:50:49','2018-11-22 21:54:19',7,'going to the  next','Confirmed',NULL),(79,2147484662,'2018-11-14 23:44:58','2018-11-22 15:16:31',6,'some','Quotation',NULL),(80,2147484662,'2018-11-17 20:07:07','2018-11-22 21:57:14',1,'','Confirmed',NULL);
/*!40000 ALTER TABLE `PURCHASE_ORDER` ENABLE KEYS */;
UNLOCK TABLES;

--
-- Table structure for table `PURCHASE_ORDER_DETAIL`
--

DROP TABLE IF EXISTS `PURCHASE_ORDER_DETAIL`;
/*!40101 SET @saved_cs_client     = @@character_set_client */;
/*!40101 SET character_set_client = utf8 */;
CREATE TABLE `PURCHASE_ORDER_DETAIL` (
  `ID` int(10) unsigned NOT NULL AUTO_INCREMENT,
  `PURCHASE_ORDER_ID` int(10) unsigned NOT NULL,
  `ITEM_ID` int(10) unsigned NOT NULL,
  `quantity` int(10) unsigned NOT NULL,
  `price_per_item` float NOT NULL,
  `date_added` datetime DEFAULT CURRENT_TIMESTAMP,
  `date_updated` datetime DEFAULT CURRENT_TIMESTAMP ON UPDATE CURRENT_TIMESTAMP,
  `due_date` datetime NOT NULL,
  PRIMARY KEY (`ID`),
  KEY `fk_OUT_ORDER_LIST_order_idx` (`PURCHASE_ORDER_ID`),
  KEY `fk_OUT_ORDER_LIST_item_idx` (`ITEM_ID`),
  CONSTRAINT `fk_OUT_ORDER_LIST_item` FOREIGN KEY (`ITEM_ID`) REFERENCES `ITEM` (`ID`) ON DELETE CASCADE ON UPDATE CASCADE,
  CONSTRAINT `fk_PURCHASE_ORDER_PO_ID` FOREIGN KEY (`PURCHASE_ORDER_ID`) REFERENCES `PURCHASE_ORDER` (`ID`) ON DELETE CASCADE ON UPDATE CASCADE
) ENGINE=InnoDB AUTO_INCREMENT=85 DEFAULT CHARSET=latin1;
/*!40101 SET character_set_client = @saved_cs_client */;

--
-- Dumping data for table `PURCHASE_ORDER_DETAIL`
--

LOCK TABLES `PURCHASE_ORDER_DETAIL` WRITE;
/*!40000 ALTER TABLE `PURCHASE_ORDER_DETAIL` DISABLE KEYS */;
INSERT INTO `PURCHASE_ORDER_DETAIL` VALUES (2,6,12,100,100,'2018-09-26 21:12:43','2018-09-30 20:16:20','2018-11-11 00:00:00'),(5,9,2,10,100,'2018-09-26 23:04:56','2018-09-26 23:04:56','2018-09-09 00:00:00'),(6,10,2,10,100,'2018-09-26 23:07:19','2018-09-26 23:07:19','2018-09-09 00:00:00'),(7,11,2,10,100,'2018-09-26 23:10:04','2018-09-26 23:10:04','2018-09-09 00:00:00'),(8,12,2,10,100,'2018-09-26 23:12:20','2018-09-26 23:12:20','2018-09-09 00:00:00'),(9,13,2,10,100,'2018-09-26 23:12:39','2018-09-26 23:12:39','2018-09-09 00:00:00'),(10,14,2,10,100,'2018-09-26 23:13:54','2018-09-26 23:13:54','2018-09-09 00:00:00'),(11,15,2,20,200,'2018-09-26 23:14:34','2018-09-26 23:14:34','2018-09-09 00:00:00'),(12,16,2,20,200,'2018-09-26 23:14:55','2018-09-26 23:14:55','2018-09-09 00:00:00'),(13,17,2,20,200,'2018-09-26 23:16:19','2018-09-26 23:16:19','2018-09-09 00:00:00'),(14,18,12,30,50,'2018-09-27 00:58:00','2018-09-27 00:58:00','2018-10-09 21:56:33'),(15,19,2,20,20,'2018-09-27 00:58:00','2018-09-27 00:58:00','2018-10-10 21:57:23'),(16,20,2,300,100,'2018-09-27 11:10:18','2018-09-27 11:10:18','2018-09-27 08:08:50'),(17,21,12,200,200,'2018-09-27 11:10:18','2018-09-27 11:10:18','2018-09-27 08:09:39'),(18,22,12,100,10,'2018-10-01 19:28:56','2018-10-01 19:28:56','2018-10-31 16:27:00'),(19,23,5,1000,100,'2018-10-01 19:28:57','2018-10-01 19:28:57','2018-10-31 16:28:21'),(20,24,12,100,10,'2018-10-01 19:29:44','2018-10-01 19:29:44','2018-10-31 16:27:00'),(21,25,5,1000,100,'2018-10-01 19:29:44','2018-10-01 19:29:44','2018-10-31 16:28:21'),(22,26,12,100,10,'2018-10-01 19:29:45','2018-10-01 19:29:45','2018-10-31 16:27:00'),(23,27,5,1000,100,'2018-10-01 19:29:45','2018-10-01 19:29:45','2018-10-31 16:28:21'),(24,28,7,3000,100,'2018-10-12 21:56:38','2018-10-12 21:56:38','2018-10-27 18:47:00'),(25,29,7,2000,300,'2018-10-12 22:14:45','2018-10-12 22:14:45','2018-10-24 19:13:31'),(26,30,7,200,100,'2018-10-12 22:14:45','2018-10-12 22:14:45','2018-10-24 19:14:27'),(27,31,5,1000,20,'2018-10-12 23:04:56','2018-10-12 23:04:56','2018-10-24 20:03:03'),(28,32,2,3000,100,'2018-10-12 23:04:56','2018-10-12 23:04:56','2018-10-17 20:03:03'),(29,33,7,200,100,'2018-10-14 16:06:11','2018-10-14 16:06:11','2018-10-31 13:05:02'),(30,34,2,300,100,'2018-10-14 16:06:11','2018-10-14 16:06:11','2018-10-31 13:05:02'),(31,35,2,1,100,'2018-10-14 18:31:24','2018-10-14 18:31:24','2018-10-17 15:29:33'),(32,36,7,200,300,'2018-10-14 21:37:10','2018-10-14 21:37:10','2018-10-23 18:36:13'),(33,37,5,300,400,'2018-10-14 21:37:10','2018-10-14 21:37:10','2018-10-24 18:36:13'),(34,38,7,300,500,'2018-10-14 21:48:08','2018-10-14 21:48:08','2018-10-25 18:46:49'),(35,39,2,30,100,'2018-10-14 21:48:08','2018-10-14 21:48:08','2018-10-23 18:46:49'),(36,40,9,40,100,'2018-10-14 21:48:08','2018-10-14 21:48:08','2018-10-24 18:46:49'),(37,41,7,300,100,'2018-10-14 22:04:07','2018-10-14 22:04:07','2018-10-23 19:03:14'),(38,41,7,500,300,'2018-10-14 22:04:07','2018-10-14 22:04:07','2018-10-30 19:03:14'),(39,42,7,100,300,'2018-10-14 22:49:30','2018-10-14 22:49:30','2018-10-24 19:48:11'),(40,42,7,100,200,'2018-10-14 22:49:30','2018-10-14 22:49:30','2018-10-18 19:48:11'),(41,43,13,200,300,'2018-10-16 22:51:17','2018-10-16 22:51:17','2018-10-17 19:50:48'),(42,44,13,200,300,'2018-10-16 22:57:54','2018-10-16 22:57:54','2018-10-31 19:57:21'),(43,45,7,300,400,'2018-10-16 23:06:18','2018-10-16 23:06:18','2018-10-26 20:05:12'),(44,46,13,300,300,'2018-10-16 23:07:45','2018-10-16 23:07:45','2018-10-23 20:06:57'),(45,47,13,200,500,'2018-10-17 12:58:12','2018-10-17 12:58:12','2018-10-31 09:57:23'),(46,48,7,200,299,'2018-10-17 22:00:39','2018-10-17 22:00:39','2018-10-25 18:59:59'),(47,49,12,300,200,'2018-10-17 22:11:33','2018-10-17 22:11:33','2018-10-25 19:10:53'),(48,50,7,300,200,'2018-10-17 22:17:05','2018-10-17 22:17:05','2018-10-24 19:16:18'),(49,51,9,300,200,'2018-10-17 22:36:52','2018-10-17 22:36:52','2018-10-24 19:36:19'),(50,52,12,200,500,'2018-10-17 22:38:21','2018-10-17 22:38:21','2018-10-31 19:37:43'),(51,53,12,200,300,'2018-10-17 22:40:02','2018-10-17 22:40:02','2018-10-31 19:39:24'),(52,54,5,300,500,'2018-10-17 22:47:25','2018-10-17 22:47:25','2018-10-24 19:46:41'),(53,55,13,100,200,'2018-10-18 01:07:26','2018-10-18 01:07:26','2018-10-24 22:06:29'),(54,55,5,200,300,'2018-10-18 01:07:26','2018-10-18 01:07:26','2018-10-23 22:06:29'),(55,56,12,500,200,'2018-10-18 01:12:56','2018-10-18 01:12:56','2018-10-30 22:12:13'),(56,56,12,200,100,'2018-10-18 01:12:56','2018-10-18 01:12:56','2018-10-30 22:12:13'),(57,57,14,600,100,'2018-10-21 02:51:46','2018-10-21 02:51:46','2018-10-23 23:50:56'),(58,58,14,300,100,'2018-10-21 02:57:38','2018-10-21 02:57:38','2018-10-29 23:57:04'),(59,59,15,100,200,'2018-10-21 03:05:42','2018-10-21 03:05:42','2018-10-24 00:05:05'),(60,60,12,1,0,'2018-10-22 22:00:56','2018-10-26 18:24:43','2018-10-24 18:52:47'),(61,60,2,100,100,'2018-10-24 21:19:18','2018-10-24 21:19:18','2018-12-12 00:00:00'),(66,64,13,100,300,'2018-11-08 21:32:03','2018-11-08 21:32:03','2018-11-18 18:31:26'),(67,65,9,200,400,'2018-11-08 21:42:56','2018-11-08 21:42:56','2018-11-20 18:41:42'),(68,66,9,100,200,'2018-11-08 23:25:31','2018-11-08 23:25:31','2018-11-29 20:24:47'),(69,67,12,200,400,'2018-11-09 01:44:28','2018-11-09 01:44:28','2018-11-26 21:00:00'),(70,67,13,400,500,'2018-11-09 01:44:28','2018-11-09 01:44:28','2018-11-28 21:00:00'),(71,68,14,230,500,'2018-11-09 02:15:32','2018-11-09 02:15:32','2018-11-28 21:00:00'),(72,69,13,100,500,'2018-11-09 02:18:06','2018-11-09 02:18:06','2018-11-22 21:00:00'),(77,74,12,300,400,'2018-11-09 22:32:19','2018-11-09 22:32:19','2018-11-15 21:00:00'),(78,75,13,400,400,'2018-11-09 22:44:56','2018-11-09 22:44:56','2018-11-28 21:00:00'),(79,76,13,34,500,'2018-11-09 22:47:38','2018-11-09 22:47:38','2018-11-28 21:00:00'),(80,77,12,100,300,'2018-11-09 22:52:29','2018-11-09 22:52:29','2018-11-20 21:00:00'),(81,78,7,500,4000,'2018-11-10 18:50:49','2018-11-10 18:50:49','2018-11-28 21:00:00'),(82,79,13,300,600,'2018-11-14 23:44:58','2018-11-14 23:44:58','2018-11-27 21:00:00'),(83,80,5,300,200,'2018-11-17 20:07:08','2018-11-17 20:07:08','2018-11-13 21:00:00'),(84,80,12,400,300,'2018-11-17 20:07:08','2018-11-17 20:07:08','2018-11-13 21:00:00');
/*!40000 ALTER TABLE `PURCHASE_ORDER_DETAIL` ENABLE KEYS */;
UNLOCK TABLES;

--
-- Table structure for table `SHIPMENT`
--

DROP TABLE IF EXISTS `SHIPMENT`;
/*!40101 SET @saved_cs_client     = @@character_set_client */;
/*!40101 SET character_set_client = utf8 */;
CREATE TABLE `SHIPMENT` (
  `ID` int(10) unsigned NOT NULL AUTO_INCREMENT,
  `BOOKED_BY` int(10) unsigned NOT NULL,
  `shipment_note` varchar(255) DEFAULT NULL,
  `date_updated` datetime DEFAULT CURRENT_TIMESTAMP ON UPDATE CURRENT_TIMESTAMP,
  `date_added` datetime DEFAULT CURRENT_TIMESTAMP,
  `CUSTOMER_ORDER_ID` int(10) unsigned NOT NULL,
  `delivery_date` datetime NOT NULL,
  PRIMARY KEY (`ID`),
  KEY `fk_SALE_store_keeper_idx` (`BOOKED_BY`),
  KEY `fk_SHIPMENT_CO_ID_idx` (`CUSTOMER_ORDER_ID`),
  CONSTRAINT `fk_SHIPMENT_BOOKER` FOREIGN KEY (`BOOKED_BY`) REFERENCES `EMPLOYEE` (`ID`) ON UPDATE CASCADE,
  CONSTRAINT `fk_SHIPMENT_CO_ID` FOREIGN KEY (`CUSTOMER_ORDER_ID`) REFERENCES `PURCHASE_ORDER` (`ID`) ON UPDATE CASCADE
) ENGINE=InnoDB AUTO_INCREMENT=33 DEFAULT CHARSET=latin1;
/*!40101 SET character_set_client = @saved_cs_client */;

--
-- Dumping data for table `SHIPMENT`
--

LOCK TABLES `SHIPMENT` WRITE;
/*!40000 ALTER TABLE `SHIPMENT` DISABLE KEYS */;
INSERT INTO `SHIPMENT` VALUES (11,1,'','2018-11-18 01:01:23','2018-11-18 01:01:23',80,'2018-11-23 21:00:00'),(27,11,'Testing Shipment','2018-11-18 21:56:34','2018-11-18 21:56:34',41,'2018-10-10 00:00:00'),(28,11,'Testing Shipment','2018-11-18 21:58:21','2018-11-18 21:58:21',41,'2018-10-10 00:00:00'),(29,11,'Testing Shipment','2018-11-18 22:17:58','2018-11-18 22:17:58',41,'2018-10-10 00:00:00'),(30,11,'Testing Shipment','2018-11-18 22:24:08','2018-11-18 22:24:08',41,'2018-10-10 00:00:00'),(31,11,'Testing Shipment','2018-11-18 22:50:14','2018-11-18 22:50:14',41,'2018-10-10 00:00:00'),(32,1,'','2018-11-18 23:12:28','2018-11-18 23:12:28',78,'2018-11-22 21:00:00');
/*!40000 ALTER TABLE `SHIPMENT` ENABLE KEYS */;
UNLOCK TABLES;

--
-- Table structure for table `SHIPMENT_DETAIL`
--

DROP TABLE IF EXISTS `SHIPMENT_DETAIL`;
/*!40101 SET @saved_cs_client     = @@character_set_client */;
/*!40101 SET character_set_client = utf8 */;
CREATE TABLE `SHIPMENT_DETAIL` (
  `ID` int(10) unsigned NOT NULL AUTO_INCREMENT,
  `SHIPMENT_ID` int(10) unsigned NOT NULL,
  `STOCK_ID` int(10) unsigned NOT NULL,
  `ORDER_ITEM_ID` int(10) unsigned NOT NULL,
  `date_added` datetime DEFAULT CURRENT_TIMESTAMP,
  `date_updated` datetime DEFAULT CURRENT_TIMESTAMP ON UPDATE CURRENT_TIMESTAMP,
  `picked` tinyint(4) DEFAULT '0',
  PRIMARY KEY (`ID`),
  UNIQUE KEY `STOCK_ID_UNIQUE` (`STOCK_ID`),
  KEY `fk_SHIPMENT_DETAIL_1_idx` (`SHIPMENT_ID`),
  KEY `fk_SHIPMENT_DETAIL_stock_idx` (`STOCK_ID`),
  KEY `fk_SHIPMENT_DETAIL_order_item_idx` (`ORDER_ITEM_ID`),
  CONSTRAINT `fk_SHIPMENT_DETAIL_order_item` FOREIGN KEY (`ORDER_ITEM_ID`) REFERENCES `PURCHASE_ORDER_DETAIL` (`ID`) ON UPDATE CASCADE,
  CONSTRAINT `fk_SHIPMENT_DETAIL_shipment` FOREIGN KEY (`SHIPMENT_ID`) REFERENCES `SHIPMENT` (`ID`) ON DELETE CASCADE ON UPDATE CASCADE,
  CONSTRAINT `fk_SHIPMENT_DETAIL_stock` FOREIGN KEY (`STOCK_ID`) REFERENCES `FINISHED_PRODUCT` (`ID`)
) ENGINE=InnoDB AUTO_INCREMENT=1797 DEFAULT CHARSET=latin1;
/*!40101 SET character_set_client = @saved_cs_client */;

--
-- Dumping data for table `SHIPMENT_DETAIL`
--

LOCK TABLES `SHIPMENT_DETAIL` WRITE;
/*!40000 ALTER TABLE `SHIPMENT_DETAIL` DISABLE KEYS */;
INSERT INTO `SHIPMENT_DETAIL` VALUES (534,11,1245,84,'2018-11-18 01:01:23','2018-11-21 11:10:42',1),(535,11,1763,84,'2018-11-18 01:01:23','2018-11-21 11:10:42',1),(536,11,1761,84,'2018-11-18 01:01:23','2018-11-21 11:10:42',1),(537,11,1760,84,'2018-11-18 01:01:23','2018-11-21 11:10:42',1),(538,11,1759,84,'2018-11-18 01:01:23','2018-11-21 11:10:42',1),(539,11,1758,84,'2018-11-18 01:01:23','2018-11-21 11:10:42',1),(540,11,1757,84,'2018-11-18 01:01:23','2018-11-21 11:10:42',1),(541,11,1756,84,'2018-11-18 01:01:23','2018-11-21 11:10:42',1),(542,11,1755,84,'2018-11-18 01:01:23','2018-11-21 11:10:42',1),(543,11,1753,84,'2018-11-18 01:01:23','2018-11-21 11:10:42',1),(544,11,1752,84,'2018-11-18 01:01:23','2018-11-21 11:10:42',1),(545,11,1751,84,'2018-11-18 01:01:23','2018-11-21 11:10:42',1),(546,11,1750,84,'2018-11-18 01:01:23','2018-11-21 11:10:42',1),(547,11,1749,84,'2018-11-18 01:01:23','2018-11-21 11:10:42',1),(548,11,1748,84,'2018-11-18 01:01:23','2018-11-21 11:10:42',1),(549,11,1747,84,'2018-11-18 01:01:23','2018-11-21 11:10:42',1),(550,11,1745,84,'2018-11-18 01:01:23','2018-11-21 11:10:42',1),(551,11,1744,84,'2018-11-18 01:01:23','2018-11-21 11:10:42',1),(552,11,1743,84,'2018-11-18 01:01:23','2018-11-21 11:10:42',1),(553,11,1742,84,'2018-11-18 01:01:23','2018-11-21 11:10:42',1),(554,11,1741,84,'2018-11-18 01:01:23','2018-11-21 11:10:42',1),(555,11,1740,84,'2018-11-18 01:01:23','2018-11-21 11:10:42',1),(556,11,1764,84,'2018-11-18 01:01:23','2018-11-21 11:10:42',1),(557,11,1739,84,'2018-11-18 01:01:23','2018-11-21 11:10:42',1),(558,11,1765,84,'2018-11-18 01:01:23','2018-11-21 11:10:42',1),(559,11,1767,84,'2018-11-18 01:01:23','2018-11-21 11:10:42',1),(560,11,1791,84,'2018-11-18 01:01:23','2018-11-21 11:10:42',1),(561,11,1790,84,'2018-11-18 01:01:23','2018-11-21 11:10:42',1),(562,11,1789,84,'2018-11-18 01:01:23','2018-11-21 11:10:42',1),(563,11,1788,84,'2018-11-18 01:01:23','2018-11-21 11:10:42',1),(564,11,1787,84,'2018-11-18 01:01:23','2018-11-21 11:10:42',1),(565,11,1785,84,'2018-11-18 01:01:23','2018-11-21 11:10:42',1),(566,11,1784,84,'2018-11-18 01:01:23','2018-11-21 11:10:42',1),(567,11,1783,84,'2018-11-18 01:01:23','2018-11-21 11:10:42',1),(568,11,1782,84,'2018-11-18 01:01:23','2018-11-21 11:10:42',1),(569,11,1781,84,'2018-11-18 01:01:23','2018-11-21 11:10:42',1),(570,11,1780,84,'2018-11-18 01:01:23','2018-11-21 11:10:42',1),(571,11,1779,84,'2018-11-18 01:01:23','2018-11-21 11:10:42',1),(572,11,1777,84,'2018-11-18 01:01:23','2018-11-21 11:10:42',1),(573,11,1776,84,'2018-11-18 01:01:23','2018-11-21 11:10:42',1),(574,11,1775,84,'2018-11-18 01:01:23','2018-11-21 11:10:42',1),(575,11,1774,84,'2018-11-18 01:01:23','2018-11-21 11:10:42',1),(576,11,1773,84,'2018-11-18 01:01:23','2018-11-21 11:10:42',1),(577,11,1772,84,'2018-11-18 01:01:23','2018-11-21 11:10:42',1),(578,11,1771,84,'2018-11-18 01:01:23','2018-11-21 11:10:42',1),(579,11,1769,84,'2018-11-18 01:01:23','2018-11-21 11:10:42',1),(580,11,1768,84,'2018-11-18 01:01:23','2018-11-21 11:10:42',1),(581,11,1766,84,'2018-11-18 01:01:23','2018-11-21 11:10:42',1),(582,11,1792,84,'2018-11-18 01:01:23','2018-11-21 11:10:42',1),(583,11,1737,84,'2018-11-18 01:01:23','2018-11-21 11:10:42',1),(584,11,1735,84,'2018-11-18 01:01:23','2018-11-21 11:10:42',1),(585,11,1705,84,'2018-11-18 01:01:23','2018-11-21 11:10:42',1),(586,11,1704,84,'2018-11-18 01:01:23','2018-11-21 11:10:42',1),(587,11,1703,84,'2018-11-18 01:01:23','2018-11-21 11:10:42',1),(588,11,1702,84,'2018-11-18 01:01:23','2018-11-21 11:10:42',1),(589,11,1701,84,'2018-11-18 01:01:23','2018-11-21 11:10:42',1),(590,11,1700,84,'2018-11-18 01:01:23','2018-11-21 11:10:42',1),(591,11,1699,84,'2018-11-18 01:01:23','2018-11-21 11:10:42',1),(592,11,1697,84,'2018-11-18 01:01:23','2018-11-21 11:10:42',1),(593,11,1696,84,'2018-11-18 01:01:23','2018-11-21 11:10:42',1),(594,11,1695,84,'2018-11-18 01:01:23','2018-11-21 11:10:42',1),(595,11,1694,84,'2018-11-18 01:01:23','2018-11-21 11:10:42',1),(596,11,1693,84,'2018-11-18 01:01:23','2018-11-21 11:10:42',1),(597,11,1692,84,'2018-11-18 01:01:23','2018-11-21 11:10:42',1),(598,11,1691,84,'2018-11-18 01:01:23','2018-11-21 11:10:42',1),(599,11,1689,84,'2018-11-18 01:01:23','2018-11-21 11:10:42',1),(600,11,1688,84,'2018-11-18 01:01:23','2018-11-21 11:10:42',1),(601,11,1687,84,'2018-11-18 01:01:23','2018-11-21 11:10:42',1),(602,11,1686,84,'2018-11-18 01:01:23','2018-11-21 11:10:42',1),(603,11,1685,84,'2018-11-18 01:01:23','2018-11-21 11:10:42',1),(604,11,1684,84,'2018-11-18 01:01:23','2018-11-21 11:10:42',1),(605,11,1683,84,'2018-11-18 01:01:23','2018-11-21 11:10:42',1),(606,11,1707,84,'2018-11-18 01:01:23','2018-11-21 11:10:42',1),(607,11,1736,84,'2018-11-18 01:01:23','2018-11-21 11:10:42',1),(608,11,1708,84,'2018-11-18 01:01:23','2018-11-21 11:10:42',1),(609,11,1710,84,'2018-11-18 01:01:23','2018-11-21 11:10:42',1),(610,11,1734,84,'2018-11-18 01:01:23','2018-11-21 11:10:42',1),(611,11,1733,84,'2018-11-18 01:01:23','2018-11-21 11:10:42',1),(612,11,1732,84,'2018-11-18 01:01:23','2018-11-21 11:10:42',1),(613,11,1731,84,'2018-11-18 01:01:23','2018-11-21 11:10:42',1),(614,11,1729,84,'2018-11-18 01:01:23','2018-11-21 11:10:42',1),(615,11,1728,84,'2018-11-18 01:01:23','2018-11-21 11:10:42',1),(616,11,1727,84,'2018-11-18 01:01:23','2018-11-21 11:10:42',1),(617,11,1726,84,'2018-11-18 01:01:23','2018-11-21 11:10:42',1),(618,11,1725,84,'2018-11-18 01:01:23','2018-11-21 11:10:42',1),(619,11,1724,84,'2018-11-18 01:01:23','2018-11-21 11:10:42',1),(620,11,1723,84,'2018-11-18 01:01:23','2018-11-21 11:10:42',1),(621,11,1721,84,'2018-11-18 01:01:23','2018-11-21 11:10:42',1),(622,11,1720,84,'2018-11-18 01:01:23','2018-11-21 11:10:42',1),(623,11,1719,84,'2018-11-18 01:01:23','2018-11-21 11:10:42',1),(624,11,1718,84,'2018-11-18 01:01:23','2018-11-21 11:10:42',1),(625,11,1717,84,'2018-11-18 01:01:23','2018-11-21 11:10:42',1),(626,11,1716,84,'2018-11-18 01:01:23','2018-11-21 11:10:42',1),(627,11,1715,84,'2018-11-18 01:01:23','2018-11-21 11:10:42',1),(628,11,1713,84,'2018-11-18 01:01:23','2018-11-21 11:10:42',1),(629,11,1712,84,'2018-11-18 01:01:23','2018-11-21 11:10:42',1),(630,11,1711,84,'2018-11-18 01:01:23','2018-11-21 11:10:42',1),(631,11,1709,84,'2018-11-18 01:01:23','2018-11-21 11:10:42',1),(632,11,1681,84,'2018-11-18 01:01:23','2018-11-21 11:10:42',1),(633,11,1793,84,'2018-11-18 01:01:23','2018-11-21 11:10:42',1),(634,11,1796,84,'2018-11-18 01:01:23','2018-11-21 11:10:42',1),(635,11,1878,84,'2018-11-18 01:01:23','2018-11-21 11:10:42',1),(636,11,1877,84,'2018-11-18 01:01:23','2018-11-21 11:10:42',1),(637,11,1876,84,'2018-11-18 01:01:23','2018-11-21 11:10:42',1),(638,11,1875,84,'2018-11-18 01:01:23','2018-11-21 11:10:42',1),(639,11,1872,84,'2018-11-18 01:01:23','2018-11-21 11:10:42',1),(640,11,1871,84,'2018-11-18 01:01:23','2018-11-21 11:10:42',1),(641,11,1870,84,'2018-11-18 01:01:23','2018-11-21 11:10:42',1),(642,11,1869,84,'2018-11-18 01:01:23','2018-11-21 11:10:42',1),(643,11,1868,84,'2018-11-18 01:01:23','2018-11-21 11:10:42',1),(644,11,1867,84,'2018-11-18 01:01:23','2018-11-21 11:10:42',1),(645,11,1865,84,'2018-11-18 01:01:23','2018-11-21 11:10:42',1),(646,11,1864,84,'2018-11-18 01:01:23','2018-11-21 11:10:42',1),(647,11,1863,84,'2018-11-18 01:01:23','2018-11-21 11:10:42',1),(648,11,1862,84,'2018-11-18 01:01:23','2018-11-21 11:10:42',1),(649,11,1861,84,'2018-11-18 01:01:23','2018-11-21 11:10:42',1),(650,11,1860,84,'2018-11-18 01:01:23','2018-11-21 11:10:42',1),(651,11,1859,84,'2018-11-18 01:01:23','2018-11-21 11:10:42',1),(652,11,1857,84,'2018-11-18 01:01:23','2018-11-21 11:10:42',1),(653,11,1856,84,'2018-11-18 01:01:23','2018-11-21 11:10:42',1),(654,11,1855,84,'2018-11-18 01:01:23','2018-11-21 11:10:42',1),(655,11,1854,84,'2018-11-18 01:01:23','2018-11-21 11:10:42',1),(656,11,1879,84,'2018-11-18 01:01:23','2018-11-21 11:10:42',1),(657,11,1853,84,'2018-11-18 01:01:23','2018-11-21 11:10:42',1),(658,11,1880,84,'2018-11-18 01:01:23','2018-11-21 11:10:42',1),(659,11,1884,84,'2018-11-18 01:01:23','2018-11-21 11:10:42',1),(660,11,1911,84,'2018-11-18 01:01:23','2018-11-21 11:10:42',1),(661,11,1910,84,'2018-11-18 01:01:23','2018-11-21 11:10:42',1),(662,11,1909,84,'2018-11-18 01:01:23','2018-11-21 11:10:42',1),(663,11,1908,84,'2018-11-18 01:01:23','2018-11-21 11:10:42',1),(664,11,1907,84,'2018-11-18 01:01:23','2018-11-21 11:10:42',1),(665,11,1904,84,'2018-11-18 01:01:23','2018-11-21 11:10:42',1),(666,11,1903,84,'2018-11-18 01:01:23','2018-11-21 11:10:42',1),(667,11,1902,84,'2018-11-18 01:01:23','2018-11-21 11:10:42',1),(668,11,1901,84,'2018-11-18 01:01:23','2018-11-21 11:10:42',1),(669,11,1900,84,'2018-11-18 01:01:23','2018-11-21 11:10:42',1),(670,11,1899,84,'2018-11-18 01:01:23','2018-11-21 11:10:42',1),(671,11,1896,84,'2018-11-18 01:01:23','2018-11-21 11:10:42',1),(672,11,1895,84,'2018-11-18 01:01:23','2018-11-21 11:10:42',1),(673,11,1894,84,'2018-11-18 01:01:23','2018-11-21 11:10:42',1),(674,11,1893,84,'2018-11-18 01:01:23','2018-11-21 11:10:42',1),(675,11,1892,84,'2018-11-18 01:01:23','2018-11-21 11:10:42',1),(676,11,1891,84,'2018-11-18 01:01:23','2018-11-21 11:10:42',1),(677,11,1888,84,'2018-11-18 01:01:23','2018-11-21 11:10:42',1),(678,11,1887,84,'2018-11-18 01:01:23','2018-11-21 11:10:42',1),(679,11,1886,84,'2018-11-18 01:01:23','2018-11-21 11:10:42',1),(680,11,1885,84,'2018-11-18 01:01:23','2018-11-21 11:10:42',1),(681,11,1883,84,'2018-11-18 01:01:23','2018-11-21 11:10:42',1),(682,11,1795,84,'2018-11-18 01:01:23','2018-11-21 11:10:42',1),(683,11,1852,84,'2018-11-18 01:01:23','2018-11-21 11:10:42',1),(684,11,1849,84,'2018-11-18 01:01:23','2018-11-21 11:10:42',1),(685,11,1820,84,'2018-11-18 01:01:23','2018-11-21 11:10:42',1),(686,11,1819,84,'2018-11-18 01:01:23','2018-11-21 11:10:42',1),(687,11,1817,84,'2018-11-18 01:01:23','2018-11-21 11:10:42',1),(688,11,1816,84,'2018-11-18 01:01:23','2018-11-21 11:10:42',1),(689,11,1815,84,'2018-11-18 01:01:23','2018-11-21 11:10:42',1),(690,11,1814,84,'2018-11-18 01:01:23','2018-11-21 11:10:42',1),(691,11,1813,84,'2018-11-18 01:01:23','2018-11-21 11:10:42',1),(692,11,1812,84,'2018-11-18 01:01:23','2018-11-21 11:10:42',1),(693,11,1811,84,'2018-11-18 01:01:23','2018-11-21 11:10:42',1),(694,11,1809,84,'2018-11-18 01:01:23','2018-11-21 11:10:42',1),(695,11,1808,84,'2018-11-18 01:01:23','2018-11-21 11:10:42',1),(696,11,1807,84,'2018-11-18 01:01:23','2018-11-21 11:10:42',1),(697,11,1806,84,'2018-11-18 01:01:23','2018-11-21 11:10:42',1),(698,11,1805,84,'2018-11-18 01:01:23','2018-11-21 11:10:42',1),(699,11,1804,84,'2018-11-18 01:01:23','2018-11-21 11:10:42',1),(700,11,1803,84,'2018-11-18 01:01:23','2018-11-21 11:10:42',1),(701,11,1801,84,'2018-11-18 01:01:23','2018-11-21 11:10:42',1),(702,11,1800,84,'2018-11-18 01:01:23','2018-11-21 11:10:42',1),(703,11,1799,84,'2018-11-18 01:01:23','2018-11-21 11:10:42',1),(704,11,1798,84,'2018-11-18 01:01:23','2018-11-21 11:10:42',1),(705,11,1797,84,'2018-11-18 01:01:23','2018-11-21 11:10:42',1),(706,11,1821,84,'2018-11-18 01:01:23','2018-11-21 11:10:42',1),(707,11,1851,84,'2018-11-18 01:01:23','2018-11-21 11:10:42',1),(708,11,1822,84,'2018-11-18 01:01:23','2018-11-21 11:10:42',1),(709,11,1824,84,'2018-11-18 01:01:23','2018-11-21 11:10:42',1),(710,11,1848,84,'2018-11-18 01:01:23','2018-11-21 11:10:42',1),(711,11,1847,84,'2018-11-18 01:01:23','2018-11-21 11:10:42',1),(712,11,1846,84,'2018-11-18 01:01:23','2018-11-21 11:10:42',1),(713,11,1845,84,'2018-11-18 01:01:23','2018-11-21 11:10:42',1),(714,11,1844,84,'2018-11-18 01:01:23','2018-11-21 11:10:42',1),(715,11,1843,84,'2018-11-18 01:01:23','2018-11-21 11:10:42',1),(716,11,1841,84,'2018-11-18 01:01:23','2018-11-21 11:10:42',1),(717,11,1840,84,'2018-11-18 01:01:23','2018-11-21 11:10:42',1),(718,11,1839,84,'2018-11-18 01:01:23','2018-11-21 11:10:42',1),(719,11,1838,84,'2018-11-18 01:01:23','2018-11-21 11:10:42',1),(720,11,1837,84,'2018-11-18 01:01:23','2018-11-21 11:10:42',1),(721,11,1836,84,'2018-11-18 01:01:23','2018-11-21 11:10:42',1),(722,11,1835,84,'2018-11-18 01:01:23','2018-11-21 11:10:42',1),(723,11,1833,84,'2018-11-18 01:01:23','2018-11-21 11:10:42',1),(724,11,1832,84,'2018-11-18 01:01:23','2018-11-21 11:10:42',1),(725,11,1831,84,'2018-11-18 01:01:23','2018-11-21 11:10:42',1),(726,11,1830,84,'2018-11-18 01:01:23','2018-11-21 11:10:42',1),(727,11,1829,84,'2018-11-18 01:01:23','2018-11-21 11:10:42',1),(728,11,1828,84,'2018-11-18 01:01:23','2018-11-21 11:10:42',1),(729,11,1827,84,'2018-11-18 01:01:23','2018-11-21 11:10:42',1),(730,11,1825,84,'2018-11-18 01:01:24','2018-11-21 11:10:42',1),(731,11,1823,84,'2018-11-18 01:01:24','2018-11-21 11:10:42',1),(732,11,1680,84,'2018-11-18 01:01:24','2018-11-21 11:10:42',1),(733,11,1679,84,'2018-11-18 01:01:24','2018-11-21 11:10:42',1),(734,11,1678,84,'2018-11-18 01:01:24','2018-11-21 11:10:42',1),(735,11,1345,84,'2018-11-18 01:01:24','2018-11-21 11:10:42',1),(736,11,1344,84,'2018-11-18 01:01:24','2018-11-21 11:10:42',1),(737,11,1343,84,'2018-11-18 01:01:24','2018-11-21 11:10:42',1),(738,11,1341,84,'2018-11-18 01:01:24','2018-11-21 11:10:42',1),(739,11,1340,84,'2018-11-18 01:01:24','2018-11-21 11:10:42',1),(740,11,1339,84,'2018-11-18 01:01:24','2018-11-21 11:10:42',1),(741,11,1338,84,'2018-11-18 01:01:24','2018-11-21 11:10:42',1),(742,11,1337,84,'2018-11-18 01:01:24','2018-11-21 11:10:42',1),(743,11,1336,84,'2018-11-18 01:01:24','2018-11-21 11:10:42',1),(744,11,1335,84,'2018-11-18 01:01:24','2018-11-21 11:10:42',1),(745,11,1333,84,'2018-11-18 01:01:24','2018-11-21 11:10:42',1),(746,11,1332,84,'2018-11-18 01:01:24','2018-11-21 11:10:42',1),(747,11,1331,84,'2018-11-18 01:01:24','2018-11-21 11:10:42',1),(748,11,1330,84,'2018-11-18 01:01:24','2018-11-21 11:10:42',1),(749,11,1329,84,'2018-11-18 01:01:24','2018-11-21 11:10:42',1),(750,11,1328,84,'2018-11-18 01:01:24','2018-11-21 11:10:42',1),(751,11,1327,84,'2018-11-18 01:01:24','2018-11-21 11:10:42',1),(752,11,1325,84,'2018-11-18 01:01:24','2018-11-21 11:10:42',1),(753,11,1324,84,'2018-11-18 01:01:24','2018-11-21 11:10:42',1),(754,11,1323,84,'2018-11-18 01:01:24','2018-11-21 11:10:42',1),(755,11,1322,84,'2018-11-18 01:01:24','2018-11-21 11:10:42',1),(756,11,1346,84,'2018-11-18 01:01:24','2018-11-21 11:10:42',1),(757,11,1321,84,'2018-11-18 01:01:24','2018-11-21 11:10:42',1),(758,11,1347,84,'2018-11-18 01:01:24','2018-11-21 11:10:42',1),(759,11,1349,84,'2018-11-18 01:01:24','2018-11-21 11:10:42',1),(760,11,1561,84,'2018-11-18 01:01:24','2018-11-21 11:10:42',1),(761,11,1560,84,'2018-11-18 01:01:24','2018-11-21 11:10:42',1),(762,11,1559,84,'2018-11-18 01:01:24','2018-11-21 11:10:42',1),(763,11,1558,84,'2018-11-18 01:01:24','2018-11-21 11:10:42',1),(764,11,1557,84,'2018-11-18 01:01:24','2018-11-21 11:10:42',1),(765,11,1556,84,'2018-11-18 01:01:24','2018-11-21 11:10:42',1),(766,11,1555,84,'2018-11-18 01:01:24','2018-11-21 11:10:42',1),(767,11,1553,84,'2018-11-18 01:01:24','2018-11-21 11:10:42',1),(768,11,1552,84,'2018-11-18 01:01:24','2018-11-21 11:10:42',1),(769,11,1551,84,'2018-11-18 01:01:24','2018-11-21 11:10:42',1),(770,11,1550,84,'2018-11-18 01:01:24','2018-11-21 11:10:42',1),(771,11,1549,84,'2018-11-18 01:01:24','2018-11-21 11:10:42',1),(772,11,1548,84,'2018-11-18 01:01:24','2018-11-21 11:10:42',1),(773,11,1547,84,'2018-11-18 01:01:24','2018-11-21 11:10:42',1),(774,11,1545,84,'2018-11-18 01:01:24','2018-11-21 11:10:42',1),(775,11,1544,84,'2018-11-18 01:01:24','2018-11-21 11:10:42',1),(776,11,1543,84,'2018-11-18 01:01:24','2018-11-21 11:10:42',1),(777,11,1542,84,'2018-11-18 01:01:24','2018-11-21 11:10:42',1),(778,11,1541,84,'2018-11-18 01:01:24','2018-11-21 11:10:42',1),(779,11,1540,84,'2018-11-18 01:01:24','2018-11-21 11:10:42',1),(780,11,1445,84,'2018-11-18 01:01:24','2018-11-21 11:10:42',1),(781,11,1348,84,'2018-11-18 01:01:24','2018-11-21 11:10:42',1),(782,11,1563,84,'2018-11-18 01:01:24','2018-11-21 11:10:42',1),(783,11,1320,84,'2018-11-18 01:01:24','2018-11-21 11:10:42',1),(784,11,1317,84,'2018-11-18 01:01:24','2018-11-21 11:10:42',1),(785,11,1283,84,'2018-11-18 01:01:24','2018-11-21 11:10:42',1),(786,11,1282,84,'2018-11-18 01:01:24','2018-11-21 11:10:42',1),(787,11,1281,84,'2018-11-18 01:01:24','2018-11-21 11:10:42',1),(788,11,1280,84,'2018-11-18 01:01:24','2018-11-21 11:10:42',1),(789,11,1279,84,'2018-11-18 01:01:24','2018-11-21 11:10:42',1),(790,11,1278,84,'2018-11-18 01:01:24','2018-11-21 11:10:42',1),(791,11,1275,84,'2018-11-18 01:01:24','2018-11-21 11:10:42',1),(792,11,1274,84,'2018-11-18 01:01:24','2018-11-21 11:10:42',1),(793,11,1273,84,'2018-11-18 01:01:24','2018-11-21 11:10:42',1),(794,11,1272,84,'2018-11-18 01:01:24','2018-11-21 11:10:42',1),(795,11,1271,84,'2018-11-18 01:01:24','2018-11-21 11:10:42',1),(796,11,1270,84,'2018-11-18 01:01:24','2018-11-21 11:10:42',1),(797,11,1267,84,'2018-11-18 01:01:24','2018-11-21 11:10:42',1),(798,11,1266,84,'2018-11-18 01:01:24','2018-11-21 11:10:42',1),(799,11,1265,84,'2018-11-18 01:01:24','2018-11-21 11:10:42',1),(800,11,1264,84,'2018-11-18 01:01:24','2018-11-21 11:10:42',1),(801,11,1263,84,'2018-11-18 01:01:24','2018-11-21 11:10:42',1),(802,11,1262,84,'2018-11-18 01:01:24','2018-11-21 11:10:42',1),(803,11,1259,84,'2018-11-18 01:01:24','2018-11-21 11:10:42',1),(804,11,1258,84,'2018-11-18 01:01:24','2018-11-21 11:10:42',1),(805,11,1257,84,'2018-11-18 01:01:24','2018-11-21 11:10:42',1),(806,11,1286,84,'2018-11-18 01:01:24','2018-11-21 11:10:42',1),(807,11,1319,84,'2018-11-18 01:01:24','2018-11-21 11:10:42',1),(808,11,1287,84,'2018-11-18 01:01:24','2018-11-21 11:10:42',1),(809,11,1289,84,'2018-11-18 01:01:24','2018-11-21 11:10:42',1),(810,11,1316,84,'2018-11-18 01:01:24','2018-11-21 11:10:42',1),(811,11,1315,84,'2018-11-18 01:01:24','2018-11-21 11:10:42',1),(812,11,1314,84,'2018-11-18 01:01:24','2018-11-21 11:10:42',1),(813,11,1313,84,'2018-11-18 01:01:24','2018-11-21 11:10:42',1),(814,11,1312,84,'2018-11-18 01:01:24','2018-11-21 11:10:42',1),(815,11,1311,84,'2018-11-18 01:01:24','2018-11-21 11:10:42',1),(816,11,1309,84,'2018-11-18 01:01:24','2018-11-21 11:10:42',1),(817,11,1308,84,'2018-11-18 01:01:24','2018-11-21 11:10:42',1),(818,11,1307,84,'2018-11-18 01:01:24','2018-11-21 11:10:42',1),(819,11,1306,84,'2018-11-18 01:01:24','2018-11-21 11:10:42',1),(820,11,1305,84,'2018-11-18 01:01:24','2018-11-21 11:10:42',1),(821,11,1303,84,'2018-11-18 01:01:24','2018-11-21 11:10:42',1),(822,11,1302,84,'2018-11-18 01:01:24','2018-11-21 11:10:42',1),(823,11,1299,84,'2018-11-18 01:01:24','2018-11-21 11:10:42',1),(824,11,1298,84,'2018-11-18 01:01:24','2018-11-21 11:10:42',1),(825,11,1297,84,'2018-11-18 01:01:24','2018-11-21 11:10:42',1),(826,11,1296,84,'2018-11-18 01:01:24','2018-11-21 11:10:42',1),(827,11,1295,84,'2018-11-18 01:01:24','2018-11-21 11:10:42',1),(828,11,1294,84,'2018-11-18 01:01:24','2018-11-21 11:10:42',1),(829,11,1291,84,'2018-11-18 01:01:24','2018-11-21 11:10:42',1),(830,11,1290,84,'2018-11-18 01:01:24','2018-11-21 11:10:42',1),(831,11,1288,84,'2018-11-18 01:01:24','2018-11-21 11:10:42',1),(832,11,1564,84,'2018-11-18 01:01:24','2018-11-21 11:10:42',1),(833,11,1565,84,'2018-11-18 01:01:24','2018-11-21 11:10:42',1),(834,11,1566,84,'2018-11-18 01:01:24','2018-11-21 11:10:42',1),(835,11,1648,84,'2018-11-18 01:01:24','2018-11-21 11:10:42',1),(836,11,1647,84,'2018-11-18 01:01:24','2018-11-21 11:10:42',1),(837,11,1646,84,'2018-11-18 01:01:24','2018-11-21 11:10:42',1),(838,11,1645,84,'2018-11-18 01:01:24','2018-11-21 11:10:42',1),(839,11,1644,84,'2018-11-18 01:01:24','2018-11-21 11:10:42',1),(840,11,1643,84,'2018-11-18 01:01:24','2018-11-21 11:10:42',1),(841,11,1641,84,'2018-11-18 01:01:24','2018-11-21 11:10:42',1),(842,11,1640,84,'2018-11-18 01:01:24','2018-11-21 11:10:42',1),(843,11,1639,84,'2018-11-18 01:01:24','2018-11-21 11:10:42',1),(844,11,1638,84,'2018-11-18 01:01:24','2018-11-21 11:10:42',1),(845,11,1637,84,'2018-11-18 01:01:24','2018-11-21 11:10:42',1),(846,11,1636,84,'2018-11-18 01:01:24','2018-11-21 11:10:42',1),(847,11,1635,84,'2018-11-18 01:01:24','2018-11-21 11:10:42',1),(848,11,1633,84,'2018-11-18 01:01:24','2018-11-21 11:10:42',1),(849,11,1632,84,'2018-11-18 01:01:24','2018-11-21 11:10:42',1),(850,11,1631,84,'2018-11-18 01:01:24','2018-11-21 11:10:42',1),(851,11,1630,84,'2018-11-18 01:01:24','2018-11-21 11:10:42',1),(852,11,1629,84,'2018-11-18 01:01:24','2018-11-21 11:10:42',1),(853,11,1628,84,'2018-11-18 01:01:24','2018-11-21 11:10:42',1),(854,11,1627,84,'2018-11-18 01:01:24','2018-11-21 11:10:42',1),(855,11,1625,84,'2018-11-18 01:01:24','2018-11-21 11:10:42',1),(856,11,1649,84,'2018-11-18 01:01:24','2018-11-21 11:10:42',1),(857,11,1624,84,'2018-11-18 01:01:24','2018-11-21 11:10:42',1),(858,11,1651,84,'2018-11-18 01:01:24','2018-11-21 11:10:42',1),(859,11,1653,84,'2018-11-18 01:01:24','2018-11-21 11:10:42',1),(860,11,1677,84,'2018-11-18 01:01:24','2018-11-21 11:10:42',1),(861,11,1676,84,'2018-11-18 01:01:24','2018-11-21 11:10:42',1),(862,11,1675,84,'2018-11-18 01:01:24','2018-11-21 11:10:42',1),(863,11,1673,84,'2018-11-18 01:01:24','2018-11-21 11:10:42',1),(864,11,1672,84,'2018-11-18 01:01:24','2018-11-21 11:10:42',1),(865,11,1671,84,'2018-11-18 01:01:24','2018-11-21 11:10:42',1),(866,11,1670,84,'2018-11-18 01:01:24','2018-11-21 11:10:42',1),(867,11,1669,84,'2018-11-18 01:01:24','2018-11-21 11:10:42',1),(868,11,1668,84,'2018-11-18 01:01:24','2018-11-21 11:10:42',1),(869,11,1667,84,'2018-11-18 01:01:24','2018-11-21 11:10:42',1),(870,11,1665,84,'2018-11-18 01:01:24','2018-11-21 11:10:42',1),(871,11,1664,84,'2018-11-18 01:01:24','2018-11-21 11:10:42',1),(872,11,1663,84,'2018-11-18 01:01:24','2018-11-21 11:10:42',1),(873,11,1662,84,'2018-11-18 01:01:24','2018-11-21 11:10:42',1),(874,11,1661,84,'2018-11-18 01:01:24','2018-11-21 11:10:42',1),(875,11,1660,84,'2018-11-18 01:01:24','2018-11-21 11:10:42',1),(876,11,1659,84,'2018-11-18 01:01:24','2018-11-21 11:10:42',1),(877,11,1657,84,'2018-11-18 01:01:24','2018-11-21 11:10:42',1),(878,11,1656,84,'2018-11-18 01:01:24','2018-11-21 11:10:42',1),(879,11,1655,84,'2018-11-18 01:01:24','2018-11-21 11:10:42',1),(880,11,1654,84,'2018-11-18 01:01:24','2018-11-21 11:10:42',1),(881,11,1652,84,'2018-11-18 01:01:24','2018-11-21 11:10:42',1),(882,11,1623,84,'2018-11-18 01:01:24','2018-11-21 11:10:42',1),(883,11,1622,84,'2018-11-18 01:01:24','2018-11-21 11:10:42',1),(884,11,1621,84,'2018-11-18 01:01:24','2018-11-21 11:10:42',1),(885,11,1590,84,'2018-11-18 01:01:24','2018-11-21 11:10:42',1),(886,11,1589,84,'2018-11-18 01:01:24','2018-11-21 11:10:42',1),(887,11,1588,84,'2018-11-18 01:01:24','2018-11-21 11:10:42',1),(888,11,1587,84,'2018-11-18 01:01:24','2018-11-21 11:10:42',1),(889,11,1585,84,'2018-11-18 01:01:24','2018-11-21 11:10:42',1),(890,11,1584,84,'2018-11-18 01:01:24','2018-11-21 11:10:43',1),(891,11,1583,84,'2018-11-18 01:01:24','2018-11-21 11:10:43',1),(892,11,1582,84,'2018-11-18 01:01:24','2018-11-21 11:10:43',1),(893,11,1581,84,'2018-11-18 01:01:24','2018-11-21 11:10:43',1),(894,11,1580,84,'2018-11-18 01:01:24','2018-11-21 11:10:43',1),(895,11,1579,84,'2018-11-18 01:01:24','2018-11-21 11:10:43',1),(896,11,1577,84,'2018-11-18 01:01:24','2018-11-21 11:10:43',1),(897,11,1576,84,'2018-11-18 01:01:24','2018-11-21 11:10:43',1),(898,11,1575,84,'2018-11-18 01:01:24','2018-11-21 11:10:43',1),(899,11,1574,84,'2018-11-18 01:01:24','2018-11-21 11:10:43',1),(900,11,1573,84,'2018-11-18 01:01:24','2018-11-21 11:10:43',1),(901,11,1572,84,'2018-11-18 01:01:24','2018-11-21 11:10:43',1),(902,11,1571,84,'2018-11-18 01:01:24','2018-11-21 11:10:43',1),(903,11,1569,84,'2018-11-18 01:01:24','2018-11-21 11:10:43',1),(904,11,1568,84,'2018-11-18 01:01:24','2018-11-21 11:10:43',1),(905,11,1567,84,'2018-11-18 01:01:24','2018-11-21 11:10:43',1),(906,11,1591,84,'2018-11-18 01:01:24','2018-11-21 11:10:43',1),(907,11,1592,84,'2018-11-18 01:01:24','2018-11-21 11:10:43',1),(908,11,1593,84,'2018-11-18 01:01:24','2018-11-21 11:10:43',1),(909,11,1595,84,'2018-11-18 01:01:24','2018-11-21 11:10:43',1),(910,11,1620,84,'2018-11-18 01:01:24','2018-11-21 11:10:43',1),(911,11,1619,84,'2018-11-18 01:01:24','2018-11-21 11:10:43',1),(912,11,1617,84,'2018-11-18 01:01:24','2018-11-21 11:10:43',1),(913,11,1616,84,'2018-11-18 01:01:24','2018-11-21 11:10:43',1),(914,11,1615,84,'2018-11-18 01:01:24','2018-11-21 11:10:43',1),(915,11,1614,84,'2018-11-18 01:01:24','2018-11-21 11:10:43',1),(916,11,1613,84,'2018-11-18 01:01:24','2018-11-21 11:10:43',1),(917,11,1612,84,'2018-11-18 01:01:24','2018-11-21 11:10:43',1),(918,11,1611,84,'2018-11-18 01:01:24','2018-11-21 11:10:43',1),(919,11,1609,84,'2018-11-18 01:01:24','2018-11-21 11:10:43',1),(920,11,1912,84,'2018-11-18 01:01:24','2018-11-21 11:10:43',1),(921,11,1608,84,'2018-11-18 01:01:24','2018-11-21 11:10:43',1),(922,11,1606,84,'2018-11-18 01:01:24','2018-11-21 11:10:43',1),(923,11,1605,84,'2018-11-18 01:01:24','2018-11-21 11:10:43',1),(924,11,1604,84,'2018-11-18 01:01:24','2018-11-21 11:10:43',1),(925,11,1603,84,'2018-11-18 01:01:24','2018-11-21 11:10:43',1),(926,11,1601,84,'2018-11-18 01:01:24','2018-11-21 11:10:43',1),(927,11,1600,84,'2018-11-18 01:01:24','2018-11-21 11:10:43',1),(928,11,1599,84,'2018-11-18 01:01:24','2018-11-21 11:10:43',1),(929,11,1598,84,'2018-11-18 01:01:24','2018-11-21 11:10:43',1),(930,11,1597,84,'2018-11-18 01:01:24','2018-11-21 11:10:43',1),(931,11,1596,84,'2018-11-18 01:01:24','2018-11-21 11:10:43',1),(932,11,1607,84,'2018-11-18 01:01:24','2018-11-21 11:10:43',1),(933,11,2665,84,'2018-11-18 01:01:24','2018-11-21 11:10:43',1),(1132,27,138,37,'2018-11-18 21:56:34','2018-11-19 22:49:31',1),(1133,27,168,37,'2018-11-18 21:56:34','2018-11-19 22:49:32',1),(1134,27,167,37,'2018-11-18 21:56:34','2018-11-19 22:49:32',1),(1135,27,166,37,'2018-11-18 21:56:34','2018-11-19 22:49:32',1),(1136,27,165,37,'2018-11-18 21:56:34','2018-11-19 22:49:32',1),(1137,27,164,37,'2018-11-18 21:56:34','2018-11-19 22:49:32',1),(1138,27,163,37,'2018-11-18 21:56:34','2018-11-19 22:49:32',1),(1139,27,162,37,'2018-11-18 21:56:34','2018-11-19 22:49:32',1),(1140,27,161,37,'2018-11-18 21:56:34','2018-11-19 22:49:32',1),(1141,27,160,37,'2018-11-18 21:56:34','2018-11-19 22:49:32',1),(1142,27,159,37,'2018-11-18 21:56:34','2018-11-19 22:49:32',1),(1143,27,158,37,'2018-11-18 21:56:34','2018-11-19 22:49:32',1),(1144,27,157,37,'2018-11-18 21:56:34','2018-11-19 22:49:32',1),(1145,27,156,37,'2018-11-18 21:56:34','2018-11-19 22:49:32',1),(1146,27,155,37,'2018-11-18 21:56:34','2018-11-19 22:49:32',1),(1147,27,169,37,'2018-11-18 21:56:34','2018-11-19 22:49:32',1),(1148,27,154,37,'2018-11-18 21:56:34','2018-11-19 22:49:32',1),(1149,27,152,37,'2018-11-18 21:56:34','2018-11-19 22:49:32',1),(1150,27,151,37,'2018-11-18 21:56:34','2018-11-19 22:49:32',1),(1151,27,150,37,'2018-11-18 21:56:34','2018-11-19 22:49:32',1),(1152,27,149,37,'2018-11-18 21:56:34','2018-11-19 22:49:32',1),(1153,27,148,37,'2018-11-18 21:56:34','2018-11-19 22:49:32',1),(1154,27,147,37,'2018-11-18 21:56:34','2018-11-19 22:49:32',1),(1155,27,146,37,'2018-11-18 21:56:34','2018-11-19 22:49:32',1),(1156,27,145,37,'2018-11-18 21:56:34','2018-11-19 22:49:32',1),(1157,27,144,37,'2018-11-18 21:56:34','2018-11-19 22:49:32',1),(1158,27,143,37,'2018-11-18 21:56:34','2018-11-19 22:49:32',1),(1159,27,142,37,'2018-11-18 21:56:34','2018-11-19 22:49:32',1),(1160,27,141,37,'2018-11-18 21:56:34','2018-11-19 22:49:32',1),(1161,27,140,37,'2018-11-18 21:56:34','2018-11-19 22:49:32',1),(1162,27,139,37,'2018-11-18 21:56:34','2018-11-19 22:49:32',1),(1163,27,153,37,'2018-11-18 21:56:34','2018-11-19 22:49:32',1),(1164,27,170,37,'2018-11-18 21:56:34','2018-11-19 22:49:32',1),(1165,28,171,37,'2018-11-18 21:58:21','2018-11-19 22:53:08',1),(1166,28,201,37,'2018-11-18 21:58:22','2018-11-19 22:53:08',1),(1167,28,200,37,'2018-11-18 21:58:22','2018-11-19 22:53:08',1),(1168,28,199,37,'2018-11-18 21:58:22','2018-11-19 22:53:08',1),(1169,28,198,37,'2018-11-18 21:58:22','2018-11-19 22:53:08',1),(1170,28,197,37,'2018-11-18 21:58:22','2018-11-19 22:53:08',1),(1171,28,196,37,'2018-11-18 21:58:22','2018-11-19 22:53:08',1),(1172,28,195,37,'2018-11-18 21:58:22','2018-11-19 22:53:08',1),(1173,28,194,37,'2018-11-18 21:58:22','2018-11-19 22:53:08',1),(1174,28,193,37,'2018-11-18 21:58:22','2018-11-19 22:53:08',1),(1175,28,192,37,'2018-11-18 21:58:22','2018-11-19 22:53:08',1),(1176,28,191,37,'2018-11-18 21:58:22','2018-11-19 22:53:08',1),(1177,28,190,37,'2018-11-18 21:58:22','2018-11-19 22:53:08',1),(1178,28,189,37,'2018-11-18 21:58:22','2018-11-19 22:53:08',1),(1179,28,188,37,'2018-11-18 21:58:22','2018-11-19 22:53:08',1),(1180,28,202,37,'2018-11-18 21:58:22','2018-11-19 22:53:08',1),(1181,28,187,37,'2018-11-18 21:58:22','2018-11-19 22:53:08',1),(1182,28,185,37,'2018-11-18 21:58:22','2018-11-19 22:53:08',1),(1183,28,184,37,'2018-11-18 21:58:22','2018-11-19 22:53:08',1),(1184,28,183,37,'2018-11-18 21:58:22','2018-11-19 22:53:08',1),(1185,28,182,37,'2018-11-18 21:58:22','2018-11-19 22:53:08',1),(1186,28,181,37,'2018-11-18 21:58:22','2018-11-19 22:53:08',1),(1187,28,180,37,'2018-11-18 21:58:22','2018-11-19 22:53:08',1),(1188,28,179,37,'2018-11-18 21:58:22','2018-11-19 22:53:08',1),(1189,28,178,37,'2018-11-18 21:58:22','2018-11-19 22:53:08',1),(1190,28,177,37,'2018-11-18 21:58:22','2018-11-19 22:53:08',1),(1191,28,176,37,'2018-11-18 21:58:22','2018-11-19 22:53:08',1),(1192,28,175,37,'2018-11-18 21:58:22','2018-11-19 22:53:08',1),(1193,28,174,37,'2018-11-18 21:58:22','2018-11-19 22:53:08',1),(1194,28,173,37,'2018-11-18 21:58:22','2018-11-19 22:53:08',1),(1195,28,172,37,'2018-11-18 21:58:22','2018-11-19 22:53:08',1),(1196,28,186,37,'2018-11-18 21:58:22','2018-11-19 22:53:08',1),(1197,28,203,37,'2018-11-18 21:58:22','2018-11-19 22:53:08',1),(1198,29,204,37,'2018-11-18 22:17:58','2018-11-21 11:12:13',1),(1199,29,234,37,'2018-11-18 22:17:58','2018-11-21 11:12:13',1),(1200,29,233,37,'2018-11-18 22:17:58','2018-11-21 11:12:13',1),(1201,29,232,37,'2018-11-18 22:17:58','2018-11-21 11:12:13',1),(1202,29,231,37,'2018-11-18 22:17:58','2018-11-21 11:12:13',1),(1203,29,230,37,'2018-11-18 22:17:58','2018-11-21 11:12:13',1),(1204,29,229,37,'2018-11-18 22:17:58','2018-11-21 11:12:13',1),(1205,29,228,37,'2018-11-18 22:17:58','2018-11-21 11:12:13',1),(1206,29,227,37,'2018-11-18 22:17:58','2018-11-21 11:12:13',1),(1207,29,226,37,'2018-11-18 22:17:58','2018-11-21 11:12:13',1),(1208,29,225,37,'2018-11-18 22:17:58','2018-11-21 11:12:13',1),(1209,29,224,37,'2018-11-18 22:17:58','2018-11-21 11:12:13',1),(1210,29,223,37,'2018-11-18 22:17:58','2018-11-21 11:12:13',1),(1211,29,222,37,'2018-11-18 22:17:58','2018-11-21 11:12:13',1),(1212,29,221,37,'2018-11-18 22:17:58','2018-11-21 11:12:13',1),(1213,29,235,37,'2018-11-18 22:17:58','2018-11-21 11:12:13',1),(1214,29,220,37,'2018-11-18 22:17:58','2018-11-21 11:12:13',1),(1215,29,218,37,'2018-11-18 22:17:58','2018-11-21 11:12:13',1),(1216,29,217,37,'2018-11-18 22:17:58','2018-11-21 11:12:13',1),(1217,29,216,37,'2018-11-18 22:17:58','2018-11-21 11:12:13',1),(1218,29,215,37,'2018-11-18 22:17:58','2018-11-21 11:12:13',1),(1219,29,214,37,'2018-11-18 22:17:58','2018-11-21 11:12:13',1),(1220,29,213,37,'2018-11-18 22:17:58','2018-11-21 11:12:13',1),(1221,29,212,37,'2018-11-18 22:17:58','2018-11-21 11:12:13',1),(1222,29,211,37,'2018-11-18 22:17:58','2018-11-21 11:12:13',1),(1223,29,210,37,'2018-11-18 22:17:58','2018-11-21 11:12:13',1),(1224,29,209,37,'2018-11-18 22:17:58','2018-11-21 11:12:13',1),(1225,29,208,37,'2018-11-18 22:17:58','2018-11-21 11:12:13',1),(1226,29,207,37,'2018-11-18 22:17:58','2018-11-21 11:12:13',1),(1227,29,206,37,'2018-11-18 22:17:58','2018-11-21 11:12:13',1),(1228,29,205,37,'2018-11-18 22:17:58','2018-11-21 11:12:13',1),(1229,29,219,37,'2018-11-18 22:17:58','2018-11-21 11:12:13',1),(1230,29,236,37,'2018-11-18 22:17:58','2018-11-21 11:12:13',1),(1231,30,237,37,'2018-11-18 22:24:08','2018-11-18 22:24:08',0),(1232,30,1129,37,'2018-11-18 22:24:08','2018-11-18 22:24:08',0),(1233,30,1128,37,'2018-11-18 22:24:08','2018-11-18 22:24:08',0),(1234,30,1127,37,'2018-11-18 22:24:08','2018-11-18 22:24:08',0),(1235,30,1126,37,'2018-11-18 22:24:08','2018-11-18 22:24:08',0),(1236,30,1125,37,'2018-11-18 22:24:08','2018-11-18 22:24:08',0),(1237,30,1124,37,'2018-11-18 22:24:08','2018-11-18 22:24:08',0),(1238,30,1123,37,'2018-11-18 22:24:08','2018-11-18 22:24:08',0),(1239,30,1122,37,'2018-11-18 22:24:08','2018-11-18 22:24:08',0),(1240,30,1121,37,'2018-11-18 22:24:08','2018-11-18 22:24:08',0),(1241,30,1120,37,'2018-11-18 22:24:08','2018-11-18 22:24:08',0),(1242,30,1119,37,'2018-11-18 22:24:08','2018-11-18 22:24:08',0),(1243,30,1118,37,'2018-11-18 22:24:08','2018-11-18 22:24:08',0),(1244,30,1117,37,'2018-11-18 22:24:08','2018-11-18 22:24:08',0),(1245,30,1116,37,'2018-11-18 22:24:08','2018-11-18 22:24:08',0),(1246,30,1130,37,'2018-11-18 22:24:08','2018-11-18 22:24:08',0),(1247,30,1115,37,'2018-11-18 22:24:08','2018-11-18 22:24:08',0),(1248,30,1113,37,'2018-11-18 22:24:08','2018-11-18 22:24:08',0),(1249,30,1112,37,'2018-11-18 22:24:08','2018-11-18 22:24:08',0),(1250,30,1111,37,'2018-11-18 22:24:08','2018-11-18 22:24:08',0),(1251,30,1110,37,'2018-11-18 22:24:08','2018-11-18 22:24:08',0),(1252,30,1109,37,'2018-11-18 22:24:08','2018-11-18 22:24:08',0),(1253,30,1108,37,'2018-11-18 22:24:08','2018-11-18 22:24:08',0),(1254,30,1107,37,'2018-11-18 22:24:08','2018-11-18 22:24:08',0),(1255,30,1106,37,'2018-11-18 22:24:08','2018-11-18 22:24:08',0),(1256,30,1105,37,'2018-11-18 22:24:08','2018-11-18 22:24:08',0),(1257,30,1104,37,'2018-11-18 22:24:08','2018-11-18 22:24:08',0),(1258,30,1103,37,'2018-11-18 22:24:08','2018-11-18 22:24:08',0),(1259,30,1102,37,'2018-11-18 22:24:08','2018-11-18 22:24:08',0),(1260,30,1101,37,'2018-11-18 22:24:08','2018-11-18 22:24:08',0),(1261,30,1100,37,'2018-11-18 22:24:08','2018-11-18 22:24:08',0),(1262,30,1114,37,'2018-11-18 22:24:08','2018-11-18 22:24:08',0),(1263,30,1131,37,'2018-11-18 22:24:08','2018-11-18 22:24:08',0),(1264,31,1132,37,'2018-11-18 22:50:14','2018-11-18 22:50:14',0),(1265,31,1162,37,'2018-11-18 22:50:14','2018-11-18 22:50:14',0),(1266,31,1161,37,'2018-11-18 22:50:14','2018-11-18 22:50:14',0),(1267,31,1160,37,'2018-11-18 22:50:14','2018-11-18 22:50:14',0),(1268,31,1159,37,'2018-11-18 22:50:14','2018-11-18 22:50:14',0),(1269,31,1158,37,'2018-11-18 22:50:14','2018-11-18 22:50:14',0),(1270,31,1157,37,'2018-11-18 22:50:14','2018-11-18 22:50:14',0),(1271,31,1156,37,'2018-11-18 22:50:14','2018-11-18 22:50:14',0),(1272,31,1155,37,'2018-11-18 22:50:14','2018-11-18 22:50:14',0),(1273,31,1154,37,'2018-11-18 22:50:14','2018-11-18 22:50:14',0),(1274,31,1153,37,'2018-11-18 22:50:14','2018-11-18 22:50:14',0),(1275,31,1152,37,'2018-11-18 22:50:14','2018-11-18 22:50:14',0),(1276,31,1151,37,'2018-11-18 22:50:14','2018-11-18 22:50:14',0),(1277,31,1150,37,'2018-11-18 22:50:14','2018-11-18 22:50:14',0),(1278,31,1149,37,'2018-11-18 22:50:14','2018-11-18 22:50:14',0),(1279,31,1163,37,'2018-11-18 22:50:14','2018-11-18 22:50:14',0),(1280,31,1148,37,'2018-11-18 22:50:14','2018-11-18 22:50:14',0),(1281,31,1146,37,'2018-11-18 22:50:14','2018-11-18 22:50:14',0),(1282,31,1145,37,'2018-11-18 22:50:14','2018-11-18 22:50:14',0),(1283,31,1144,37,'2018-11-18 22:50:14','2018-11-18 22:50:14',0),(1284,31,1143,37,'2018-11-18 22:50:14','2018-11-18 22:50:14',0),(1285,31,1142,37,'2018-11-18 22:50:14','2018-11-18 22:50:14',0),(1286,31,1141,37,'2018-11-18 22:50:14','2018-11-18 22:50:14',0),(1287,31,1140,37,'2018-11-18 22:50:14','2018-11-18 22:50:14',0),(1288,31,1139,37,'2018-11-18 22:50:15','2018-11-18 22:50:15',0),(1289,31,1138,37,'2018-11-18 22:50:15','2018-11-18 22:50:15',0),(1290,31,1137,37,'2018-11-18 22:50:15','2018-11-18 22:50:15',0),(1291,31,1136,37,'2018-11-18 22:50:15','2018-11-18 22:50:15',0),(1292,31,1135,37,'2018-11-18 22:50:15','2018-11-18 22:50:15',0),(1293,31,1134,37,'2018-11-18 22:50:15','2018-11-18 22:50:15',0),(1294,31,1133,37,'2018-11-18 22:50:15','2018-11-18 22:50:15',0),(1295,31,1147,37,'2018-11-18 22:50:15','2018-11-18 22:50:15',0),(1296,31,1164,37,'2018-11-18 22:50:15','2018-11-18 22:50:15',0),(1297,32,1166,81,'2018-11-18 23:12:28','2018-11-18 23:12:28',0),(1298,32,2257,81,'2018-11-18 23:12:28','2018-11-18 23:12:28',0),(1299,32,2256,81,'2018-11-18 23:12:28','2018-11-18 23:12:28',0),(1300,32,2255,81,'2018-11-18 23:12:28','2018-11-18 23:12:28',0),(1301,32,2254,81,'2018-11-18 23:12:28','2018-11-18 23:12:28',0),(1302,32,2253,81,'2018-11-18 23:12:28','2018-11-18 23:12:28',0),(1303,32,2252,81,'2018-11-18 23:12:28','2018-11-18 23:12:28',0),(1304,32,2251,81,'2018-11-18 23:12:28','2018-11-18 23:12:28',0),(1305,32,2250,81,'2018-11-18 23:12:28','2018-11-18 23:12:28',0),(1306,32,2249,81,'2018-11-18 23:12:28','2018-11-18 23:12:28',0),(1307,32,2248,81,'2018-11-18 23:12:28','2018-11-18 23:12:28',0),(1308,32,2247,81,'2018-11-18 23:12:28','2018-11-18 23:12:28',0),(1309,32,2246,81,'2018-11-18 23:12:28','2018-11-18 23:12:28',0),(1310,32,2245,81,'2018-11-18 23:12:28','2018-11-18 23:12:28',0),(1311,32,2244,81,'2018-11-18 23:12:28','2018-11-18 23:12:28',0),(1312,32,2243,81,'2018-11-18 23:12:28','2018-11-18 23:12:28',0),(1313,32,2242,81,'2018-11-18 23:12:28','2018-11-18 23:12:28',0),(1314,32,2241,81,'2018-11-18 23:12:28','2018-11-18 23:12:28',0),(1315,32,2240,81,'2018-11-18 23:12:28','2018-11-18 23:12:28',0),(1316,32,2239,81,'2018-11-18 23:12:28','2018-11-18 23:12:28',0),(1317,32,2238,81,'2018-11-18 23:12:28','2018-11-18 23:12:28',0),(1318,32,2237,81,'2018-11-18 23:12:28','2018-11-18 23:12:28',0),(1319,32,2236,81,'2018-11-18 23:12:28','2018-11-18 23:12:28',0),(1320,32,2235,81,'2018-11-18 23:12:28','2018-11-18 23:12:28',0),(1321,32,2234,81,'2018-11-18 23:12:28','2018-11-18 23:12:28',0),(1322,32,2233,81,'2018-11-18 23:12:28','2018-11-18 23:12:28',0),(1323,32,2232,81,'2018-11-18 23:12:28','2018-11-18 23:12:28',0),(1324,32,2231,81,'2018-11-18 23:12:28','2018-11-18 23:12:28',0),(1325,32,2258,81,'2018-11-18 23:12:28','2018-11-18 23:12:28',0),(1326,32,2230,81,'2018-11-18 23:12:28','2018-11-18 23:12:28',0),(1327,32,2259,81,'2018-11-18 23:12:28','2018-11-18 23:12:28',0),(1328,32,2261,81,'2018-11-18 23:12:28','2018-11-18 23:12:28',0),(1329,32,2288,81,'2018-11-18 23:12:28','2018-11-18 23:12:28',0),(1330,32,2287,81,'2018-11-18 23:12:28','2018-11-18 23:12:28',0),(1331,32,2286,81,'2018-11-18 23:12:28','2018-11-18 23:12:28',0),(1332,32,2285,81,'2018-11-18 23:12:28','2018-11-18 23:12:28',0),(1333,32,2284,81,'2018-11-18 23:12:28','2018-11-18 23:12:28',0),(1334,32,2283,81,'2018-11-18 23:12:28','2018-11-18 23:12:28',0),(1335,32,2282,81,'2018-11-18 23:12:28','2018-11-18 23:12:28',0),(1336,32,2281,81,'2018-11-18 23:12:28','2018-11-18 23:12:28',0),(1337,32,2280,81,'2018-11-18 23:12:28','2018-11-18 23:12:28',0),(1338,32,2279,81,'2018-11-18 23:12:28','2018-11-18 23:12:28',0),(1339,32,2278,81,'2018-11-18 23:12:28','2018-11-18 23:12:28',0),(1340,32,2277,81,'2018-11-18 23:12:28','2018-11-18 23:12:28',0),(1341,32,2276,81,'2018-11-18 23:12:28','2018-11-18 23:12:28',0),(1342,32,2275,81,'2018-11-18 23:12:28','2018-11-18 23:12:28',0),(1343,32,2274,81,'2018-11-18 23:12:28','2018-11-18 23:12:28',0),(1344,32,2273,81,'2018-11-18 23:12:28','2018-11-18 23:12:28',0),(1345,32,2272,81,'2018-11-18 23:12:28','2018-11-18 23:12:28',0),(1346,32,2271,81,'2018-11-18 23:12:28','2018-11-18 23:12:28',0),(1347,32,2270,81,'2018-11-18 23:12:28','2018-11-18 23:12:28',0),(1348,32,2269,81,'2018-11-18 23:12:28','2018-11-18 23:12:28',0),(1349,32,2268,81,'2018-11-18 23:12:28','2018-11-18 23:12:28',0),(1350,32,2267,81,'2018-11-18 23:12:28','2018-11-18 23:12:28',0),(1351,32,2266,81,'2018-11-18 23:12:28','2018-11-18 23:12:28',0),(1352,32,2265,81,'2018-11-18 23:12:28','2018-11-18 23:12:28',0),(1353,32,2264,81,'2018-11-18 23:12:28','2018-11-18 23:12:28',0),(1354,32,2263,81,'2018-11-18 23:12:28','2018-11-18 23:12:28',0),(1355,32,2262,81,'2018-11-18 23:12:28','2018-11-18 23:12:28',0),(1356,32,2260,81,'2018-11-18 23:12:28','2018-11-18 23:12:28',0),(1357,32,2229,81,'2018-11-18 23:12:28','2018-11-18 23:12:28',0),(1358,32,2228,81,'2018-11-18 23:12:28','2018-11-18 23:12:28',0),(1359,32,2227,81,'2018-11-18 23:12:28','2018-11-18 23:12:28',0),(1360,32,2194,81,'2018-11-18 23:12:28','2018-11-18 23:12:28',0),(1361,32,2193,81,'2018-11-18 23:12:28','2018-11-18 23:12:28',0),(1362,32,2192,81,'2018-11-18 23:12:28','2018-11-18 23:12:28',0),(1363,32,2191,81,'2018-11-18 23:12:28','2018-11-18 23:12:28',0),(1364,32,2190,81,'2018-11-18 23:12:28','2018-11-18 23:12:28',0),(1365,32,2189,81,'2018-11-18 23:12:28','2018-11-18 23:12:28',0),(1366,32,2188,81,'2018-11-18 23:12:28','2018-11-18 23:12:28',0),(1367,32,2187,81,'2018-11-18 23:12:28','2018-11-18 23:12:28',0),(1368,32,2186,81,'2018-11-18 23:12:28','2018-11-18 23:12:28',0),(1369,32,2185,81,'2018-11-18 23:12:28','2018-11-18 23:12:28',0),(1370,32,2184,81,'2018-11-18 23:12:28','2018-11-18 23:12:28',0),(1371,32,2183,81,'2018-11-18 23:12:28','2018-11-18 23:12:28',0),(1372,32,2182,81,'2018-11-18 23:12:28','2018-11-18 23:12:28',0),(1373,32,2181,81,'2018-11-18 23:12:28','2018-11-18 23:12:28',0),(1374,32,2180,81,'2018-11-18 23:12:28','2018-11-18 23:12:28',0),(1375,32,2179,81,'2018-11-18 23:12:28','2018-11-18 23:12:28',0),(1376,32,2178,81,'2018-11-18 23:12:28','2018-11-18 23:12:28',0),(1377,32,2177,81,'2018-11-18 23:12:28','2018-11-18 23:12:28',0),(1378,32,2176,81,'2018-11-18 23:12:28','2018-11-18 23:12:28',0),(1379,32,2175,81,'2018-11-18 23:12:28','2018-11-18 23:12:28',0),(1380,32,2174,81,'2018-11-18 23:12:28','2018-11-18 23:12:28',0),(1381,32,2173,81,'2018-11-18 23:12:28','2018-11-18 23:12:28',0),(1382,32,2172,81,'2018-11-18 23:12:28','2018-11-18 23:12:28',0),(1383,32,2171,81,'2018-11-18 23:12:28','2018-11-18 23:12:28',0),(1384,32,2170,81,'2018-11-18 23:12:28','2018-11-18 23:12:28',0),(1385,32,2169,81,'2018-11-18 23:12:28','2018-11-18 23:12:28',0),(1386,32,2168,81,'2018-11-18 23:12:28','2018-11-18 23:12:28',0),(1387,32,2195,81,'2018-11-18 23:12:28','2018-11-18 23:12:28',0),(1388,32,2196,81,'2018-11-18 23:12:28','2018-11-18 23:12:28',0),(1389,32,2197,81,'2018-11-18 23:12:28','2018-11-18 23:12:28',0),(1390,32,2198,81,'2018-11-18 23:12:28','2018-11-18 23:12:28',0),(1391,32,2226,81,'2018-11-18 23:12:28','2018-11-18 23:12:28',0),(1392,32,2225,81,'2018-11-18 23:12:28','2018-11-18 23:12:28',0),(1393,32,2224,81,'2018-11-18 23:12:28','2018-11-18 23:12:28',0),(1394,32,2223,81,'2018-11-18 23:12:28','2018-11-18 23:12:28',0),(1395,32,2222,81,'2018-11-18 23:12:28','2018-11-18 23:12:28',0),(1396,32,2221,81,'2018-11-18 23:12:28','2018-11-18 23:12:28',0),(1397,32,2220,81,'2018-11-18 23:12:28','2018-11-18 23:12:28',0),(1398,32,2219,81,'2018-11-18 23:12:28','2018-11-18 23:12:28',0),(1399,32,2218,81,'2018-11-18 23:12:28','2018-11-18 23:12:28',0),(1400,32,2217,81,'2018-11-18 23:12:28','2018-11-18 23:12:28',0),(1401,32,2216,81,'2018-11-18 23:12:28','2018-11-18 23:12:28',0),(1402,32,2215,81,'2018-11-18 23:12:28','2018-11-18 23:12:28',0),(1403,32,2214,81,'2018-11-18 23:12:28','2018-11-18 23:12:28',0),(1404,32,2289,81,'2018-11-18 23:12:28','2018-11-18 23:12:28',0),(1405,32,2213,81,'2018-11-18 23:12:28','2018-11-18 23:12:28',0),(1406,32,2211,81,'2018-11-18 23:12:28','2018-11-18 23:12:28',0),(1407,32,2210,81,'2018-11-18 23:12:28','2018-11-18 23:12:28',0),(1408,32,2209,81,'2018-11-18 23:12:28','2018-11-18 23:12:28',0),(1409,32,2208,81,'2018-11-18 23:12:28','2018-11-18 23:12:28',0),(1410,32,2207,81,'2018-11-18 23:12:28','2018-11-18 23:12:28',0),(1411,32,2206,81,'2018-11-18 23:12:28','2018-11-18 23:12:28',0),(1412,32,2205,81,'2018-11-18 23:12:28','2018-11-18 23:12:28',0),(1413,32,2204,81,'2018-11-18 23:12:28','2018-11-18 23:12:28',0),(1414,32,2203,81,'2018-11-18 23:12:28','2018-11-18 23:12:28',0),(1415,32,2202,81,'2018-11-18 23:12:28','2018-11-18 23:12:28',0),(1416,32,2201,81,'2018-11-18 23:12:28','2018-11-18 23:12:28',0),(1417,32,2200,81,'2018-11-18 23:12:28','2018-11-18 23:12:28',0),(1418,32,2199,81,'2018-11-18 23:12:28','2018-11-18 23:12:28',0),(1419,32,2212,81,'2018-11-18 23:12:28','2018-11-18 23:12:28',0),(1420,32,2167,81,'2018-11-18 23:12:28','2018-11-18 23:12:28',0),(1421,32,2290,81,'2018-11-18 23:12:28','2018-11-18 23:12:28',0),(1422,32,2480,81,'2018-11-18 23:12:28','2018-11-18 23:12:28',0),(1423,32,2570,81,'2018-11-18 23:12:28','2018-11-18 23:12:28',0),(1424,32,2569,81,'2018-11-18 23:12:28','2018-11-18 23:12:28',0),(1425,32,2568,81,'2018-11-18 23:12:28','2018-11-18 23:12:28',0),(1426,32,2567,81,'2018-11-18 23:12:28','2018-11-18 23:12:28',0),(1427,32,2566,81,'2018-11-18 23:12:28','2018-11-18 23:12:28',0),(1428,32,2565,81,'2018-11-18 23:12:28','2018-11-18 23:12:28',0),(1429,32,2564,81,'2018-11-18 23:12:28','2018-11-18 23:12:28',0),(1430,32,2563,81,'2018-11-18 23:12:28','2018-11-18 23:12:28',0),(1431,32,2562,81,'2018-11-18 23:12:28','2018-11-18 23:12:28',0),(1432,32,2561,81,'2018-11-18 23:12:28','2018-11-18 23:12:28',0),(1433,32,2560,81,'2018-11-18 23:12:28','2018-11-18 23:12:28',0),(1434,32,2559,81,'2018-11-18 23:12:28','2018-11-18 23:12:28',0),(1435,32,2558,81,'2018-11-18 23:12:28','2018-11-18 23:12:28',0),(1436,32,2557,81,'2018-11-18 23:12:28','2018-11-18 23:12:28',0),(1437,32,2556,81,'2018-11-18 23:12:28','2018-11-18 23:12:28',0),(1438,32,2555,81,'2018-11-18 23:12:28','2018-11-18 23:12:28',0),(1439,32,2554,81,'2018-11-18 23:12:28','2018-11-18 23:12:28',0),(1440,32,2553,81,'2018-11-18 23:12:28','2018-11-18 23:12:28',0),(1441,32,2552,81,'2018-11-18 23:12:28','2018-11-18 23:12:28',0),(1442,32,2551,81,'2018-11-18 23:12:28','2018-11-18 23:12:28',0),(1443,32,2550,81,'2018-11-18 23:12:28','2018-11-18 23:12:28',0),(1444,32,2549,81,'2018-11-18 23:12:28','2018-11-18 23:12:28',0),(1445,32,2548,81,'2018-11-18 23:12:28','2018-11-18 23:12:28',0),(1446,32,2547,81,'2018-11-18 23:12:28','2018-11-18 23:12:28',0),(1447,32,2546,81,'2018-11-18 23:12:28','2018-11-18 23:12:28',0),(1448,32,2545,81,'2018-11-18 23:12:28','2018-11-18 23:12:28',0),(1449,32,2544,81,'2018-11-18 23:12:28','2018-11-18 23:12:28',0),(1450,32,2572,81,'2018-11-18 23:12:28','2018-11-18 23:12:28',0),(1451,32,2543,81,'2018-11-18 23:12:28','2018-11-18 23:12:28',0),(1452,32,2573,81,'2018-11-18 23:12:28','2018-11-18 23:12:28',0),(1453,32,2621,81,'2018-11-18 23:12:28','2018-11-18 23:12:28',0),(1454,32,2661,81,'2018-11-18 23:12:28','2018-11-18 23:12:28',0),(1455,32,2660,81,'2018-11-18 23:12:28','2018-11-18 23:12:28',0),(1456,32,2659,81,'2018-11-18 23:12:28','2018-11-18 23:12:28',0),(1457,32,2658,81,'2018-11-18 23:12:28','2018-11-18 23:12:28',0),(1458,32,2657,81,'2018-11-18 23:12:28','2018-11-18 23:12:28',0),(1459,32,2643,81,'2018-11-18 23:12:28','2018-11-18 23:12:28',0),(1460,32,2642,81,'2018-11-18 23:12:28','2018-11-18 23:12:28',0),(1461,32,2641,81,'2018-11-18 23:12:28','2018-11-18 23:12:28',0),(1462,32,2640,81,'2018-11-18 23:12:28','2018-11-18 23:12:28',0),(1463,32,2639,81,'2018-11-18 23:12:28','2018-11-18 23:12:28',0),(1464,32,2638,81,'2018-11-18 23:12:28','2018-11-18 23:12:28',0),(1465,32,2637,81,'2018-11-18 23:12:28','2018-11-18 23:12:28',0),(1466,32,2636,81,'2018-11-18 23:12:28','2018-11-18 23:12:28',0),(1467,32,2635,81,'2018-11-18 23:12:28','2018-11-18 23:12:28',0),(1468,32,2634,81,'2018-11-18 23:12:28','2018-11-18 23:12:28',0),(1469,32,2633,81,'2018-11-18 23:12:28','2018-11-18 23:12:28',0),(1470,32,2632,81,'2018-11-18 23:12:28','2018-11-18 23:12:28',0),(1471,32,2631,81,'2018-11-18 23:12:28','2018-11-18 23:12:28',0),(1472,32,2630,81,'2018-11-18 23:12:28','2018-11-18 23:12:28',0),(1473,32,2629,81,'2018-11-18 23:12:28','2018-11-18 23:12:28',0),(1474,32,2628,81,'2018-11-18 23:12:28','2018-11-18 23:12:28',0),(1475,32,2627,81,'2018-11-18 23:12:28','2018-11-18 23:12:28',0),(1476,32,2626,81,'2018-11-18 23:12:28','2018-11-18 23:12:28',0),(1477,32,2625,81,'2018-11-18 23:12:28','2018-11-18 23:12:28',0),(1478,32,2624,81,'2018-11-18 23:12:28','2018-11-18 23:12:28',0),(1479,32,2623,81,'2018-11-18 23:12:28','2018-11-18 23:12:28',0),(1480,32,2622,81,'2018-11-18 23:12:28','2018-11-18 23:12:28',0),(1481,32,2618,81,'2018-11-18 23:12:28','2018-11-18 23:12:28',0),(1482,32,2542,81,'2018-11-18 23:12:28','2018-11-18 23:12:28',0),(1483,32,2541,81,'2018-11-18 23:12:28','2018-11-18 23:12:28',0),(1484,32,2540,81,'2018-11-18 23:12:28','2018-11-18 23:12:28',0),(1485,32,2507,81,'2018-11-18 23:12:28','2018-11-18 23:12:28',0),(1486,32,2506,81,'2018-11-18 23:12:28','2018-11-18 23:12:28',0),(1487,32,2505,81,'2018-11-18 23:12:28','2018-11-18 23:12:28',0),(1488,32,2504,81,'2018-11-18 23:12:28','2018-11-18 23:12:28',0),(1489,32,2503,81,'2018-11-18 23:12:28','2018-11-18 23:12:28',0),(1490,32,2502,81,'2018-11-18 23:12:28','2018-11-18 23:12:28',0),(1491,32,2501,81,'2018-11-18 23:12:28','2018-11-18 23:12:28',0),(1492,32,2500,81,'2018-11-18 23:12:28','2018-11-18 23:12:28',0),(1493,32,2499,81,'2018-11-18 23:12:28','2018-11-18 23:12:28',0),(1494,32,2498,81,'2018-11-18 23:12:28','2018-11-18 23:12:28',0),(1495,32,2497,81,'2018-11-18 23:12:28','2018-11-18 23:12:28',0),(1496,32,2496,81,'2018-11-18 23:12:28','2018-11-18 23:12:28',0),(1497,32,2495,81,'2018-11-18 23:12:28','2018-11-18 23:12:28',0),(1498,32,2494,81,'2018-11-18 23:12:28','2018-11-18 23:12:28',0),(1499,32,2493,81,'2018-11-18 23:12:28','2018-11-18 23:12:28',0),(1500,32,2492,81,'2018-11-18 23:12:28','2018-11-18 23:12:28',0),(1501,32,2491,81,'2018-11-18 23:12:28','2018-11-18 23:12:28',0),(1502,32,2490,81,'2018-11-18 23:12:28','2018-11-18 23:12:28',0),(1503,32,2489,81,'2018-11-18 23:12:28','2018-11-18 23:12:28',0),(1504,32,2488,81,'2018-11-18 23:12:28','2018-11-18 23:12:28',0),(1505,32,2487,81,'2018-11-18 23:12:28','2018-11-18 23:12:28',0),(1506,32,2486,81,'2018-11-18 23:12:28','2018-11-18 23:12:28',0),(1507,32,2485,81,'2018-11-18 23:12:28','2018-11-18 23:12:28',0),(1508,32,2484,81,'2018-11-18 23:12:28','2018-11-18 23:12:28',0),(1509,32,2483,81,'2018-11-18 23:12:28','2018-11-18 23:12:28',0),(1510,32,2482,81,'2018-11-18 23:12:28','2018-11-18 23:12:28',0),(1511,32,2481,81,'2018-11-18 23:12:28','2018-11-18 23:12:28',0),(1512,32,2508,81,'2018-11-18 23:12:28','2018-11-18 23:12:28',0),(1513,32,2509,81,'2018-11-18 23:12:28','2018-11-18 23:12:28',0),(1514,32,2510,81,'2018-11-18 23:12:28','2018-11-18 23:12:28',0),(1515,32,2511,81,'2018-11-18 23:12:28','2018-11-18 23:12:28',0),(1516,32,2539,81,'2018-11-18 23:12:28','2018-11-18 23:12:28',0),(1517,32,2538,81,'2018-11-18 23:12:28','2018-11-18 23:12:28',0),(1518,32,2537,81,'2018-11-18 23:12:28','2018-11-18 23:12:28',0),(1519,32,2536,81,'2018-11-18 23:12:28','2018-11-18 23:12:28',0),(1520,32,2535,81,'2018-11-18 23:12:28','2018-11-18 23:12:28',0),(1521,32,2534,81,'2018-11-18 23:12:28','2018-11-18 23:12:28',0),(1522,32,2533,81,'2018-11-18 23:12:28','2018-11-18 23:12:28',0),(1523,32,2532,81,'2018-11-18 23:12:28','2018-11-18 23:12:28',0),(1524,32,2531,81,'2018-11-18 23:12:28','2018-11-18 23:12:28',0),(1525,32,2530,81,'2018-11-18 23:12:28','2018-11-18 23:12:28',0),(1526,32,2529,81,'2018-11-18 23:12:28','2018-11-18 23:12:28',0),(1527,32,2528,81,'2018-11-18 23:12:28','2018-11-18 23:12:28',0),(1528,32,2527,81,'2018-11-18 23:12:28','2018-11-18 23:12:28',0),(1529,32,2291,81,'2018-11-18 23:12:28','2018-11-18 23:12:28',0),(1530,32,2526,81,'2018-11-18 23:12:28','2018-11-18 23:12:28',0),(1531,32,2524,81,'2018-11-18 23:12:28','2018-11-18 23:12:28',0),(1532,32,2523,81,'2018-11-18 23:12:28','2018-11-18 23:12:28',0),(1533,32,2522,81,'2018-11-18 23:12:28','2018-11-18 23:12:28',0),(1534,32,2521,81,'2018-11-18 23:12:28','2018-11-18 23:12:28',0),(1535,32,2520,81,'2018-11-18 23:12:28','2018-11-18 23:12:28',0),(1536,32,2519,81,'2018-11-18 23:12:28','2018-11-18 23:12:28',0),(1537,32,2518,81,'2018-11-18 23:12:28','2018-11-18 23:12:28',0),(1538,32,2517,81,'2018-11-18 23:12:28','2018-11-18 23:12:28',0),(1539,32,2516,81,'2018-11-18 23:12:28','2018-11-18 23:12:28',0),(1540,32,2515,81,'2018-11-18 23:12:28','2018-11-18 23:12:28',0),(1541,32,2514,81,'2018-11-18 23:12:28','2018-11-18 23:12:28',0),(1542,32,2513,81,'2018-11-18 23:12:28','2018-11-18 23:12:28',0),(1543,32,2512,81,'2018-11-18 23:12:28','2018-11-18 23:12:28',0),(1544,32,2525,81,'2018-11-18 23:12:28','2018-11-18 23:12:28',0),(1545,32,2166,81,'2018-11-18 23:12:28','2018-11-18 23:12:28',0),(1546,32,2165,81,'2018-11-18 23:12:28','2018-11-18 23:12:28',0),(1547,32,2164,81,'2018-11-18 23:12:28','2018-11-18 23:12:28',0),(1548,32,2006,81,'2018-11-18 23:12:28','2018-11-18 23:12:28',0),(1549,32,2005,81,'2018-11-18 23:12:28','2018-11-18 23:12:28',0),(1550,32,2004,81,'2018-11-18 23:12:28','2018-11-18 23:12:28',0),(1551,32,2003,81,'2018-11-18 23:12:28','2018-11-18 23:12:28',0),(1552,32,2002,81,'2018-11-18 23:12:28','2018-11-18 23:12:28',0),(1553,32,2001,81,'2018-11-18 23:12:28','2018-11-18 23:12:28',0),(1554,32,2000,81,'2018-11-18 23:12:28','2018-11-18 23:12:28',0),(1555,32,1999,81,'2018-11-18 23:12:28','2018-11-18 23:12:28',0),(1556,32,1998,81,'2018-11-18 23:12:28','2018-11-18 23:12:28',0),(1557,32,1997,81,'2018-11-18 23:12:28','2018-11-18 23:12:28',0),(1558,32,1996,81,'2018-11-18 23:12:28','2018-11-18 23:12:28',0),(1559,32,1995,81,'2018-11-18 23:12:28','2018-11-18 23:12:28',0),(1560,32,1994,81,'2018-11-18 23:12:28','2018-11-18 23:12:28',0),(1561,32,1993,81,'2018-11-18 23:12:28','2018-11-18 23:12:28',0),(1562,32,1992,81,'2018-11-18 23:12:28','2018-11-18 23:12:28',0),(1563,32,1991,81,'2018-11-18 23:12:28','2018-11-18 23:12:28',0),(1564,32,1990,81,'2018-11-18 23:12:28','2018-11-18 23:12:28',0),(1565,32,1989,81,'2018-11-18 23:12:28','2018-11-18 23:12:28',0),(1566,32,1988,81,'2018-11-18 23:12:28','2018-11-18 23:12:28',0),(1567,32,1987,81,'2018-11-18 23:12:28','2018-11-18 23:12:28',0),(1568,32,1986,81,'2018-11-18 23:12:28','2018-11-18 23:12:28',0),(1569,32,1985,81,'2018-11-18 23:12:28','2018-11-18 23:12:28',0),(1570,32,1984,81,'2018-11-18 23:12:28','2018-11-18 23:12:28',0),(1571,32,1983,81,'2018-11-18 23:12:28','2018-11-18 23:12:28',0),(1572,32,1982,81,'2018-11-18 23:12:28','2018-11-18 23:12:28',0),(1573,32,1981,81,'2018-11-18 23:12:28','2018-11-18 23:12:28',0),(1574,32,1980,81,'2018-11-18 23:12:28','2018-11-18 23:12:28',0),(1575,32,2007,81,'2018-11-18 23:12:28','2018-11-18 23:12:28',0),(1576,32,1979,81,'2018-11-18 23:12:28','2018-11-18 23:12:28',0),(1577,32,2008,81,'2018-11-18 23:12:28','2018-11-18 23:12:28',0),(1578,32,2010,81,'2018-11-18 23:12:28','2018-11-18 23:12:28',0),(1579,32,2037,81,'2018-11-18 23:12:28','2018-11-18 23:12:28',0),(1580,32,2036,81,'2018-11-18 23:12:28','2018-11-18 23:12:28',0),(1581,32,2035,81,'2018-11-18 23:12:28','2018-11-18 23:12:28',0),(1582,32,2034,81,'2018-11-18 23:12:28','2018-11-18 23:12:28',0),(1583,32,2033,81,'2018-11-18 23:12:28','2018-11-18 23:12:28',0),(1584,32,2032,81,'2018-11-18 23:12:28','2018-11-18 23:12:28',0),(1585,32,2031,81,'2018-11-18 23:12:28','2018-11-18 23:12:28',0),(1586,32,2030,81,'2018-11-18 23:12:28','2018-11-18 23:12:28',0),(1587,32,2029,81,'2018-11-18 23:12:28','2018-11-18 23:12:28',0),(1588,32,2028,81,'2018-11-18 23:12:28','2018-11-18 23:12:28',0),(1589,32,2027,81,'2018-11-18 23:12:28','2018-11-18 23:12:28',0),(1590,32,2026,81,'2018-11-18 23:12:28','2018-11-18 23:12:28',0),(1591,32,2025,81,'2018-11-18 23:12:28','2018-11-18 23:12:28',0),(1592,32,2024,81,'2018-11-18 23:12:28','2018-11-18 23:12:28',0),(1593,32,2023,81,'2018-11-18 23:12:28','2018-11-18 23:12:28',0),(1594,32,2022,81,'2018-11-18 23:12:28','2018-11-18 23:12:28',0),(1595,32,2021,81,'2018-11-18 23:12:28','2018-11-18 23:12:28',0),(1596,32,2020,81,'2018-11-18 23:12:28','2018-11-18 23:12:28',0),(1597,32,2019,81,'2018-11-18 23:12:28','2018-11-18 23:12:28',0),(1598,32,2018,81,'2018-11-18 23:12:28','2018-11-18 23:12:28',0),(1599,32,2017,81,'2018-11-18 23:12:28','2018-11-18 23:12:28',0),(1600,32,2016,81,'2018-11-18 23:12:28','2018-11-18 23:12:28',0),(1601,32,2015,81,'2018-11-18 23:12:28','2018-11-18 23:12:28',0),(1602,32,2014,81,'2018-11-18 23:12:28','2018-11-18 23:12:28',0),(1603,32,2013,81,'2018-11-18 23:12:28','2018-11-18 23:12:28',0),(1604,32,2012,81,'2018-11-18 23:12:28','2018-11-18 23:12:28',0),(1605,32,2011,81,'2018-11-18 23:12:28','2018-11-18 23:12:28',0),(1606,32,2009,81,'2018-11-18 23:12:28','2018-11-18 23:12:28',0),(1607,32,1978,81,'2018-11-18 23:12:28','2018-11-18 23:12:28',0),(1608,32,1977,81,'2018-11-18 23:12:28','2018-11-18 23:12:28',0),(1609,32,1976,81,'2018-11-18 23:12:28','2018-11-18 23:12:28',0),(1610,32,1943,81,'2018-11-18 23:12:28','2018-11-18 23:12:28',0),(1611,32,1942,81,'2018-11-18 23:12:28','2018-11-18 23:12:28',0),(1612,32,1941,81,'2018-11-18 23:12:28','2018-11-18 23:12:28',0),(1613,32,1940,81,'2018-11-18 23:12:28','2018-11-18 23:12:28',0),(1614,32,1939,81,'2018-11-18 23:12:28','2018-11-18 23:12:28',0),(1615,32,1938,81,'2018-11-18 23:12:28','2018-11-18 23:12:28',0),(1616,32,1937,81,'2018-11-18 23:12:28','2018-11-18 23:12:28',0),(1617,32,1936,81,'2018-11-18 23:12:28','2018-11-18 23:12:28',0),(1618,32,1935,81,'2018-11-18 23:12:28','2018-11-18 23:12:28',0),(1619,32,1934,81,'2018-11-18 23:12:28','2018-11-18 23:12:28',0),(1620,32,1933,81,'2018-11-18 23:12:28','2018-11-18 23:12:28',0),(1621,32,1932,81,'2018-11-18 23:12:28','2018-11-18 23:12:28',0),(1622,32,1931,81,'2018-11-18 23:12:28','2018-11-18 23:12:28',0),(1623,32,1930,81,'2018-11-18 23:12:28','2018-11-18 23:12:28',0),(1624,32,1929,81,'2018-11-18 23:12:28','2018-11-18 23:12:28',0),(1625,32,1928,81,'2018-11-18 23:12:28','2018-11-18 23:12:28',0),(1626,32,1927,81,'2018-11-18 23:12:28','2018-11-18 23:12:28',0),(1627,32,1926,81,'2018-11-18 23:12:28','2018-11-18 23:12:28',0),(1628,32,1925,81,'2018-11-18 23:12:28','2018-11-18 23:12:28',0),(1629,32,1924,81,'2018-11-18 23:12:28','2018-11-18 23:12:28',0),(1630,32,1923,81,'2018-11-18 23:12:28','2018-11-18 23:12:28',0),(1631,32,1922,81,'2018-11-18 23:12:28','2018-11-18 23:12:28',0),(1632,32,1921,81,'2018-11-18 23:12:28','2018-11-18 23:12:28',0),(1633,32,1920,81,'2018-11-18 23:12:28','2018-11-18 23:12:28',0),(1634,32,1919,81,'2018-11-18 23:12:28','2018-11-18 23:12:28',0),(1635,32,1918,81,'2018-11-18 23:12:28','2018-11-18 23:12:28',0),(1636,32,1917,81,'2018-11-18 23:12:28','2018-11-18 23:12:28',0),(1637,32,1944,81,'2018-11-18 23:12:28','2018-11-18 23:12:28',0),(1638,32,1945,81,'2018-11-18 23:12:28','2018-11-18 23:12:28',0),(1639,32,1946,81,'2018-11-18 23:12:28','2018-11-18 23:12:28',0),(1640,32,1947,81,'2018-11-18 23:12:28','2018-11-18 23:12:28',0),(1641,32,1975,81,'2018-11-18 23:12:28','2018-11-18 23:12:28',0),(1642,32,1974,81,'2018-11-18 23:12:28','2018-11-18 23:12:28',0),(1643,32,1973,81,'2018-11-18 23:12:28','2018-11-18 23:12:28',0),(1644,32,1972,81,'2018-11-18 23:12:28','2018-11-18 23:12:28',0),(1645,32,1971,81,'2018-11-18 23:12:28','2018-11-18 23:12:28',0),(1646,32,1970,81,'2018-11-18 23:12:28','2018-11-18 23:12:28',0),(1647,32,1969,81,'2018-11-18 23:12:28','2018-11-18 23:12:28',0),(1648,32,1968,81,'2018-11-18 23:12:28','2018-11-18 23:12:28',0),(1649,32,1967,81,'2018-11-18 23:12:28','2018-11-18 23:12:28',0),(1650,32,1966,81,'2018-11-18 23:12:28','2018-11-18 23:12:28',0),(1651,32,1965,81,'2018-11-18 23:12:28','2018-11-18 23:12:28',0),(1652,32,1964,81,'2018-11-18 23:12:28','2018-11-18 23:12:28',0),(1653,32,1963,81,'2018-11-18 23:12:28','2018-11-18 23:12:28',0),(1654,32,2038,81,'2018-11-18 23:12:28','2018-11-18 23:12:28',0),(1655,32,1962,81,'2018-11-18 23:12:28','2018-11-18 23:12:28',0),(1656,32,1960,81,'2018-11-18 23:12:28','2018-11-18 23:12:28',0),(1657,32,1959,81,'2018-11-18 23:12:28','2018-11-18 23:12:28',0),(1658,32,1958,81,'2018-11-18 23:12:28','2018-11-18 23:12:28',0),(1659,32,1957,81,'2018-11-18 23:12:28','2018-11-18 23:12:28',0),(1660,32,1956,81,'2018-11-18 23:12:28','2018-11-18 23:12:28',0),(1661,32,1955,81,'2018-11-18 23:12:28','2018-11-18 23:12:28',0),(1662,32,1954,81,'2018-11-18 23:12:28','2018-11-18 23:12:28',0),(1663,32,1953,81,'2018-11-18 23:12:28','2018-11-18 23:12:28',0),(1664,32,1952,81,'2018-11-18 23:12:28','2018-11-18 23:12:28',0),(1665,32,1951,81,'2018-11-18 23:12:28','2018-11-18 23:12:28',0),(1666,32,1950,81,'2018-11-18 23:12:28','2018-11-18 23:12:28',0),(1667,32,1949,81,'2018-11-18 23:12:28','2018-11-18 23:12:28',0),(1668,32,1948,81,'2018-11-18 23:12:28','2018-11-18 23:12:28',0),(1669,32,1961,81,'2018-11-18 23:12:28','2018-11-18 23:12:28',0),(1670,32,2039,81,'2018-11-18 23:12:28','2018-11-18 23:12:28',0),(1671,32,2040,81,'2018-11-18 23:12:28','2018-11-18 23:12:28',0),(1672,32,2041,81,'2018-11-18 23:12:28','2018-11-18 23:12:28',0),(1673,32,2131,81,'2018-11-18 23:12:28','2018-11-18 23:12:28',0),(1674,32,2130,81,'2018-11-18 23:12:28','2018-11-18 23:12:28',0),(1675,32,2129,81,'2018-11-18 23:12:28','2018-11-18 23:12:28',0),(1676,32,2128,81,'2018-11-18 23:12:28','2018-11-18 23:12:28',0),(1677,32,2127,81,'2018-11-18 23:12:28','2018-11-18 23:12:28',0),(1678,32,2126,81,'2018-11-18 23:12:28','2018-11-18 23:12:28',0),(1679,32,2125,81,'2018-11-18 23:12:28','2018-11-18 23:12:28',0),(1680,32,2124,81,'2018-11-18 23:12:28','2018-11-18 23:12:28',0),(1681,32,2123,81,'2018-11-18 23:12:28','2018-11-18 23:12:28',0),(1682,32,2122,81,'2018-11-18 23:12:28','2018-11-18 23:12:28',0),(1683,32,2121,81,'2018-11-18 23:12:28','2018-11-18 23:12:28',0),(1684,32,2120,81,'2018-11-18 23:12:28','2018-11-18 23:12:28',0),(1685,32,2119,81,'2018-11-18 23:12:28','2018-11-18 23:12:28',0),(1686,32,2118,81,'2018-11-18 23:12:28','2018-11-18 23:12:28',0),(1687,32,2117,81,'2018-11-18 23:12:28','2018-11-18 23:12:28',0),(1688,32,2116,81,'2018-11-18 23:12:28','2018-11-18 23:12:28',0),(1689,32,2115,81,'2018-11-18 23:12:28','2018-11-18 23:12:28',0),(1690,32,2114,81,'2018-11-18 23:12:28','2018-11-18 23:12:28',0),(1691,32,2113,81,'2018-11-18 23:12:28','2018-11-18 23:12:28',0),(1692,32,2112,81,'2018-11-18 23:12:28','2018-11-18 23:12:28',0),(1693,32,2111,81,'2018-11-18 23:12:28','2018-11-18 23:12:28',0),(1694,32,2110,81,'2018-11-18 23:12:28','2018-11-18 23:12:28',0),(1695,32,2109,81,'2018-11-18 23:12:28','2018-11-18 23:12:28',0),(1696,32,2108,81,'2018-11-18 23:12:28','2018-11-18 23:12:28',0),(1697,32,2107,81,'2018-11-18 23:12:28','2018-11-18 23:12:28',0),(1698,32,2106,81,'2018-11-18 23:12:28','2018-11-18 23:12:28',0),(1699,32,2105,81,'2018-11-18 23:12:28','2018-11-18 23:12:28',0),(1700,32,2132,81,'2018-11-18 23:12:28','2018-11-18 23:12:28',0),(1701,32,2133,81,'2018-11-18 23:12:28','2018-11-18 23:12:28',0),(1702,32,2134,81,'2018-11-18 23:12:28','2018-11-18 23:12:28',0),(1703,32,2135,81,'2018-11-18 23:12:28','2018-11-18 23:12:28',0),(1704,32,2163,81,'2018-11-18 23:12:28','2018-11-18 23:12:28',0),(1705,32,2162,81,'2018-11-18 23:12:28','2018-11-18 23:12:28',0),(1706,32,2161,81,'2018-11-18 23:12:28','2018-11-18 23:12:28',0),(1707,32,2160,81,'2018-11-18 23:12:28','2018-11-18 23:12:28',0),(1708,32,2159,81,'2018-11-18 23:12:28','2018-11-18 23:12:28',0),(1709,32,2158,81,'2018-11-18 23:12:28','2018-11-18 23:12:28',0),(1710,32,2157,81,'2018-11-18 23:12:28','2018-11-18 23:12:28',0),(1711,32,2156,81,'2018-11-18 23:12:28','2018-11-18 23:12:28',0),(1712,32,2155,81,'2018-11-18 23:12:28','2018-11-18 23:12:28',0),(1713,32,2154,81,'2018-11-18 23:12:28','2018-11-18 23:12:28',0),(1714,32,2153,81,'2018-11-18 23:12:28','2018-11-18 23:12:28',0),(1715,32,2152,81,'2018-11-18 23:12:28','2018-11-18 23:12:28',0),(1716,32,2151,81,'2018-11-18 23:12:28','2018-11-18 23:12:28',0),(1717,32,2104,81,'2018-11-18 23:12:28','2018-11-18 23:12:28',0),(1718,32,2150,81,'2018-11-18 23:12:28','2018-11-18 23:12:28',0),(1719,32,2148,81,'2018-11-18 23:12:28','2018-11-18 23:12:28',0),(1720,32,2147,81,'2018-11-18 23:12:28','2018-11-18 23:12:28',0),(1721,32,2146,81,'2018-11-18 23:12:28','2018-11-18 23:12:28',0),(1722,32,2145,81,'2018-11-18 23:12:28','2018-11-18 23:12:28',0),(1723,32,2144,81,'2018-11-18 23:12:28','2018-11-18 23:12:28',0),(1724,32,2143,81,'2018-11-18 23:12:28','2018-11-18 23:12:28',0),(1725,32,2142,81,'2018-11-18 23:12:28','2018-11-18 23:12:28',0),(1726,32,2141,81,'2018-11-18 23:12:28','2018-11-18 23:12:28',0),(1727,32,2140,81,'2018-11-18 23:12:28','2018-11-18 23:12:28',0),(1728,32,2139,81,'2018-11-18 23:12:28','2018-11-18 23:12:28',0),(1729,32,2138,81,'2018-11-18 23:12:28','2018-11-18 23:12:28',0),(1730,32,2137,81,'2018-11-18 23:12:28','2018-11-18 23:12:28',0),(1731,32,2136,81,'2018-11-18 23:12:28','2018-11-18 23:12:28',0),(1732,32,2149,81,'2018-11-18 23:12:28','2018-11-18 23:12:28',0),(1733,32,2662,81,'2018-11-18 23:12:28','2018-11-18 23:12:28',0),(1734,32,2103,81,'2018-11-18 23:12:28','2018-11-18 23:12:28',0),(1735,32,2101,81,'2018-11-18 23:12:28','2018-11-18 23:12:28',0),(1736,32,2068,81,'2018-11-18 23:12:28','2018-11-18 23:12:28',0),(1737,32,2067,81,'2018-11-18 23:12:28','2018-11-18 23:12:28',0),(1738,32,2066,81,'2018-11-18 23:12:28','2018-11-18 23:12:28',0),(1739,32,2065,81,'2018-11-18 23:12:28','2018-11-18 23:12:28',0),(1740,32,2064,81,'2018-11-18 23:12:28','2018-11-18 23:12:28',0),(1741,32,2063,81,'2018-11-18 23:12:28','2018-11-18 23:12:28',0),(1742,32,2062,81,'2018-11-18 23:12:28','2018-11-18 23:12:28',0),(1743,32,2061,81,'2018-11-18 23:12:28','2018-11-18 23:12:28',0),(1744,32,2060,81,'2018-11-18 23:12:29','2018-11-18 23:12:29',0),(1745,32,2059,81,'2018-11-18 23:12:29','2018-11-18 23:12:29',0),(1746,32,2058,81,'2018-11-18 23:12:29','2018-11-18 23:12:29',0),(1747,32,2057,81,'2018-11-18 23:12:29','2018-11-18 23:12:29',0),(1748,32,2056,81,'2018-11-18 23:12:29','2018-11-18 23:12:29',0),(1749,32,2055,81,'2018-11-18 23:12:29','2018-11-18 23:12:29',0),(1750,32,2054,81,'2018-11-18 23:12:29','2018-11-18 23:12:29',0),(1751,32,2053,81,'2018-11-18 23:12:29','2018-11-18 23:12:29',0),(1752,32,2052,81,'2018-11-18 23:12:29','2018-11-18 23:12:29',0),(1753,32,2051,81,'2018-11-18 23:12:29','2018-11-18 23:12:29',0),(1754,32,2050,81,'2018-11-18 23:12:29','2018-11-18 23:12:29',0),(1755,32,2049,81,'2018-11-18 23:12:29','2018-11-18 23:12:29',0),(1756,32,2048,81,'2018-11-18 23:12:29','2018-11-18 23:12:29',0),(1757,32,2047,81,'2018-11-18 23:12:29','2018-11-18 23:12:29',0),(1758,32,2046,81,'2018-11-18 23:12:29','2018-11-18 23:12:29',0),(1759,32,2045,81,'2018-11-18 23:12:29','2018-11-18 23:12:29',0),(1760,32,2044,81,'2018-11-18 23:12:29','2018-11-18 23:12:29',0),(1761,32,2043,81,'2018-11-18 23:12:29','2018-11-18 23:12:29',0),(1762,32,2042,81,'2018-11-18 23:12:29','2018-11-18 23:12:29',0),(1763,32,2069,81,'2018-11-18 23:12:29','2018-11-18 23:12:29',0),(1764,32,2070,81,'2018-11-18 23:12:29','2018-11-18 23:12:29',0),(1765,32,2071,81,'2018-11-18 23:12:29','2018-11-18 23:12:29',0),(1766,32,2072,81,'2018-11-18 23:12:29','2018-11-18 23:12:29',0),(1767,32,2100,81,'2018-11-18 23:12:29','2018-11-18 23:12:29',0),(1768,32,2099,81,'2018-11-18 23:12:29','2018-11-18 23:12:29',0),(1769,32,2098,81,'2018-11-18 23:12:29','2018-11-18 23:12:29',0),(1770,32,2097,81,'2018-11-18 23:12:29','2018-11-18 23:12:29',0),(1771,32,2096,81,'2018-11-18 23:12:29','2018-11-18 23:12:29',0),(1772,32,2095,81,'2018-11-18 23:12:29','2018-11-18 23:12:29',0),(1773,32,2094,81,'2018-11-18 23:12:29','2018-11-18 23:12:29',0),(1774,32,2093,81,'2018-11-18 23:12:29','2018-11-18 23:12:29',0),(1775,32,2092,81,'2018-11-18 23:12:29','2018-11-18 23:12:29',0),(1776,32,2091,81,'2018-11-18 23:12:29','2018-11-18 23:12:29',0),(1777,32,2090,81,'2018-11-18 23:12:29','2018-11-18 23:12:29',0),(1778,32,2089,81,'2018-11-18 23:12:29','2018-11-18 23:12:29',0),(1779,32,2088,81,'2018-11-18 23:12:29','2018-11-18 23:12:29',0),(1780,32,2102,81,'2018-11-18 23:12:29','2018-11-18 23:12:29',0),(1781,32,2087,81,'2018-11-18 23:12:29','2018-11-18 23:12:29',0),(1782,32,2085,81,'2018-11-18 23:12:29','2018-11-18 23:12:29',0),(1783,32,2084,81,'2018-11-18 23:12:29','2018-11-18 23:12:29',0),(1784,32,2083,81,'2018-11-18 23:12:29','2018-11-18 23:12:29',0),(1785,32,2082,81,'2018-11-18 23:12:29','2018-11-18 23:12:29',0),(1786,32,2081,81,'2018-11-18 23:12:29','2018-11-18 23:12:29',0),(1787,32,2080,81,'2018-11-18 23:12:29','2018-11-18 23:12:29',0),(1788,32,2079,81,'2018-11-18 23:12:29','2018-11-18 23:12:29',0),(1789,32,2078,81,'2018-11-18 23:12:29','2018-11-18 23:12:29',0),(1790,32,2077,81,'2018-11-18 23:12:29','2018-11-18 23:12:29',0),(1791,32,2076,81,'2018-11-18 23:12:29','2018-11-18 23:12:29',0),(1792,32,2075,81,'2018-11-18 23:12:29','2018-11-18 23:12:29',0),(1793,32,2074,81,'2018-11-18 23:12:29','2018-11-18 23:12:29',0),(1794,32,2073,81,'2018-11-18 23:12:29','2018-11-18 23:12:29',0),(1795,32,2086,81,'2018-11-18 23:12:29','2018-11-18 23:12:29',0),(1796,32,2663,81,'2018-11-18 23:12:29','2018-11-18 23:12:29',0);
/*!40000 ALTER TABLE `SHIPMENT_DETAIL` ENABLE KEYS */;
UNLOCK TABLES;

--
-- Table structure for table `SOCIAL_MEDIA`
--

DROP TABLE IF EXISTS `SOCIAL_MEDIA`;
/*!40101 SET @saved_cs_client     = @@character_set_client */;
/*!40101 SET character_set_client = utf8 */;
CREATE TABLE `SOCIAL_MEDIA` (
  `ID` int(10) unsigned NOT NULL AUTO_INCREMENT,
  `CLIENT_ID` int(10) unsigned NOT NULL,
  `address` varchar(45) NOT NULL,
  `site` varchar(45) NOT NULL,
  `date_added` datetime DEFAULT CURRENT_TIMESTAMP,
  `date_updated` datetime DEFAULT CURRENT_TIMESTAMP ON UPDATE CURRENT_TIMESTAMP,
  PRIMARY KEY (`ID`),
  UNIQUE KEY `CLIENT_ID_UNIQUE` (`CLIENT_ID`),
  CONSTRAINT `fk_SOCIAL_MEDIA_client` FOREIGN KEY (`CLIENT_ID`) REFERENCES `CUSTOMER` (`ID`) ON DELETE CASCADE ON UPDATE CASCADE
) ENGINE=InnoDB DEFAULT CHARSET=latin1;
/*!40101 SET character_set_client = @saved_cs_client */;

--
-- Dumping data for table `SOCIAL_MEDIA`
--

LOCK TABLES `SOCIAL_MEDIA` WRITE;
/*!40000 ALTER TABLE `SOCIAL_MEDIA` DISABLE KEYS */;
/*!40000 ALTER TABLE `SOCIAL_MEDIA` ENABLE KEYS */;
UNLOCK TABLES;

--
-- Table structure for table `__EFMigrationsHistory`
--

DROP TABLE IF EXISTS `__EFMigrationsHistory`;
/*!40101 SET @saved_cs_client     = @@character_set_client */;
/*!40101 SET character_set_client = utf8 */;
CREATE TABLE `__EFMigrationsHistory` (
  `MigrationId` varchar(95) NOT NULL,
  `ProductVersion` varchar(32) NOT NULL,
  PRIMARY KEY (`MigrationId`)
) ENGINE=InnoDB DEFAULT CHARSET=latin1;
/*!40101 SET character_set_client = @saved_cs_client */;

--
-- Dumping data for table `__EFMigrationsHistory`
--

LOCK TABLES `__EFMigrationsHistory` WRITE;
/*!40000 ALTER TABLE `__EFMigrationsHistory` DISABLE KEYS */;
/*!40000 ALTER TABLE `__EFMigrationsHistory` ENABLE KEYS */;
UNLOCK TABLES;

--
-- Table structure for table `tax`
--

DROP TABLE IF EXISTS `tax`;
/*!40101 SET @saved_cs_client     = @@character_set_client */;
/*!40101 SET character_set_client = utf8 */;
CREATE TABLE `tax` (
  `id` int(10) unsigned NOT NULL AUTO_INCREMENT,
  `name` varchar(45) NOT NULL,
  `abrevation` varchar(10) NOT NULL,
  `percentage` float NOT NULL,
  `date_added` datetime DEFAULT CURRENT_TIMESTAMP,
  `date_updated` datetime DEFAULT CURRENT_TIMESTAMP ON UPDATE CURRENT_TIMESTAMP,
  PRIMARY KEY (`id`)
) ENGINE=InnoDB DEFAULT CHARSET=latin1;
/*!40101 SET character_set_client = @saved_cs_client */;

--
-- Dumping data for table `tax`
--

LOCK TABLES `tax` WRITE;
/*!40000 ALTER TABLE `tax` DISABLE KEYS */;
/*!40000 ALTER TABLE `tax` ENABLE KEYS */;
UNLOCK TABLES;

--
-- Table structure for table `unit_of_measures`
--

DROP TABLE IF EXISTS `unit_of_measures`;
/*!40101 SET @saved_cs_client     = @@character_set_client */;
/*!40101 SET character_set_client = utf8 */;
CREATE TABLE `unit_of_measures` (
  `ID` int(5) unsigned NOT NULL AUTO_INCREMENT,
  `name` varchar(45) NOT NULL,
  `abrevation` varchar(45) NOT NULL,
  `symbole` varchar(45) DEFAULT NULL,
  `conversion` float NOT NULL,
  `date_added` datetime DEFAULT CURRENT_TIMESTAMP,
  `date_updated` datetime DEFAULT CURRENT_TIMESTAMP ON UPDATE CURRENT_TIMESTAMP,
  PRIMARY KEY (`ID`),
  UNIQUE KEY `name_UNIQUE` (`name`),
  UNIQUE KEY `abrevation_UNIQUE` (`abrevation`),
  UNIQUE KEY `symbole_UNIQUE` (`symbole`)
) ENGINE=InnoDB DEFAULT CHARSET=latin1;
/*!40101 SET character_set_client = @saved_cs_client */;

--
-- Dumping data for table `unit_of_measures`
--

LOCK TABLES `unit_of_measures` WRITE;
/*!40000 ALTER TABLE `unit_of_measures` DISABLE KEYS */;
/*!40000 ALTER TABLE `unit_of_measures` ENABLE KEYS */;
UNLOCK TABLES;
/*!40103 SET TIME_ZONE=@OLD_TIME_ZONE */;

/*!40101 SET SQL_MODE=@OLD_SQL_MODE */;
/*!40014 SET FOREIGN_KEY_CHECKS=@OLD_FOREIGN_KEY_CHECKS */;
/*!40014 SET UNIQUE_CHECKS=@OLD_UNIQUE_CHECKS */;
/*!40101 SET CHARACTER_SET_CLIENT=@OLD_CHARACTER_SET_CLIENT */;
/*!40101 SET CHARACTER_SET_RESULTS=@OLD_CHARACTER_SET_RESULTS */;
/*!40101 SET COLLATION_CONNECTION=@OLD_COLLATION_CONNECTION */;
/*!40111 SET SQL_NOTES=@OLD_SQL_NOTES */;

-- Dump completed on 2018-11-24 20:33:57
